Q1-AGEB,Q2-Distrito electoral local,"Q4-En comparación con el año pasado, Diría usted que su situación económica personal ha mejorado, ha empeorado o sigue igual? (Aclaración: situación del 2024 con respecto a 2023)","Q5-Con el total del ingreso familiar, usted diría que...? (En 2024)","Q6-En su familia, hay por lo menos 1 o más estudiantes de cualquier nivel educativo?","Q7-En una escala del 1 al 10, que tan satisfecho esta con la educacion que recibe? EDUCACIÓN BASICA: PRIMARIA Y SECUNDARIA","Q8-SOLO SI CONTESTO DEL 1 al 6 Por qué no se siente satisfecho? EDUCACIÓN BÁSICA (Si contesto 7 o mas, dejar vacío)",Q9-Indique si la escuela BASICA es publica o privada,"Q10-En una escala del 1 al 10, Que tan satisfecho esta con la educacion que recibe? EDUCACION MEDIA","Q11-SOLO SI CONTESTO DEL 1 al 6 Por que no se siente satisfecho? EDUCACIÓN MEDIA (Si contesto 7 o mas, dejar vacío)",Q12-Indique si la escuela MEDIA es publica o privada,"Q13-En una escala del 1 al 10, Qué tan satisfecho esta con la educacion que recibe? EDUCACION SUPERIOR","Q14-SOLO SI CONTESTO DEL 1 al 6 Por que no se siente satisfecho? EDUCACION MEDIA (Si contesto 7 o mas, dejar vacio)",Q15-Indique si la escuela SUPERIOR es publica o privada,"Q16.1-Actividades dentro del hogar (internet, tv, radio, lectura, ejercicio, videojuegos, etc.)",Q16.2-Fue a un parque o estuvo en contacto con la naturaleza,Q16.3-Visito un centro y/o plaza comercial,Q16.4-Visito las segundas y/o bazares,"Q16.5-Fue a una cantina, bar o antro",Q16.6-Fue al cine,Q16.7-Asistio a una biblioteca,Q16.8-Asistio a un concierto o espectaculo de musica,"Q16.9-Asistio a una feria, fiesta popular o festividad religiosa","Q16.10-Asistio a un museo, galeria o casa de cultura",Q16.11-Vio un espectaculo de teatro o danza (artes escenicas),"Q16.12-Visito una zona historica o arqueologica, monumentos","Q16.13-Asistio a conferencias, conservatorios, coloquios",Q16.14-Asistio o participo en un evento deportivo,"Q16.15-Realizo ejercicio o actividad fisica (Gym, correr, bicibleta, caminar, etc.)",Q17.1-IMSS,Q17.2-ISSSTE,Q17.3-Instituto de Salud de Bienestar,Q17.4-Médicos de farmacias/genéricos,Q17.5-Servicio médico privado/particulares,Q17.6-No tiene servicio médico,Q17.7-Otro (especifique cuál):,Q17.7.1-Other,Q17.8-MEDICHIHUAHUA,"Q18-Aunque ya menciono cual servicio medico tiene, Cual es el que USA? (Al que MAS acude/usa cuando se enferma)",Q18.1.1-Other,"Q19-En una escala del 1 al 10, Que tan satisfecho/a esta en GENERAL con los servicios de salud que recibe del servicio medico que mas USA?","Q20-En escala del 1 al 10, Que tan satisfecho esta con las INSTALACIONES del servicio medico que usa?","Q21-En escala del 1 al 10, Que tan satisfecho está con el TIEMPO QUE TARDA EN SER ATENDIDO del servicio medico que usa?","Q22-En escala del 1 al 10, Que tan satisfecho está con la DISPONIBILIDAD DE MEDICINAS del servicio medico que usa?","Q23-En escala del 1 al 10, Que tan satisfecho está con la ATENCIÓN RECIBIDA del servicio médico que usa?","Q24-En escala del 1 al 10, Que tan satisfecho está con la CERCANIA CON LOS CENTROS DE SALUD del servicio médico que usa?","Q25-En una escala del 1 al 10, Que tan satisfecho esta con LA CASA EN LA QUE VIVE?","Q26-En una escala del 1 al 10, Que tan satisfecho esta con LA CALIDAD DE LOS MATERIALES DE LA VIVIENDA?","Q27-En una escala del 1 al 10, Qué tan satisfecho está con EL TAMAÑO Y ESPACIOS DE LA VIVIENDA?","Q28-En una escala del 1 al 10, que tan satisfecho está con LA ACCESIBILIDAD DE LA UBICACIÓN DE SU VIVIENDA? (Cercanía con centros comerciales, trabajo, escuelas, avenidas principales, etc.)","Q29-En una escala del 1 al 10, Que tan satisfecho esta con el SERVICIO DEL AGUA?","Q30-En una escala del 1 al 10, que tan satisfecho está con el SERVICIO DE DRENAJE Y ALCANTARILLADO?",Q31-Cuantos dias a la semana tiene suministro de agua?,"Q32-Durante este año Interpuso algun reporte relacionado al servicio de agua potable, drenaje o alcantarillado ante la autoridad correspondiente?",Q33-El problema fue atendido por la dependencia?,"Q34-En una escala del 1 al 10, Que tan satisfecho esta con la solución del problema del agua, drenaje o alcantarillado?","Q35-En una escala del 1 al 10, Que tan satisfecho esta con el SERVICIO DE Comision Federal de Electricidad (CFE)?",Q36-En el ultimo mes qué tan frecuentemente se fue la luz en su casa?,Q37-Durante este año Interpuso algun reporte relacionado al servicio energía eléctrica ante la autoridad correspondiente?,Q38-El problema fue atendido por la dependencia?,"Q39-En una escala del 1 al 10, Que tan satisfecho esta con la solución del problema del energia electrica?","Q40-En una escala del 1 al 10, Que tan satisfecho esta con el SERVICIO DE RECOLECCION DE BASURA?",Q41-Cuantos días a la semana tiene servicio de recolección de basura? (opciones de 0 a 3),Q42-Durante este año Interpuso algun reporte relacionado al servicio recoleccion de basura ante la autoridad correspondiente?,Q43-El problema fue atendido por la dependencia?,"Q44-En una escala del 1 al 10, que tan satisfecho esta con la solución del problema de recoleccion de basura?","Q45-En una escala del 1 al 10, .Quw tan satisfecho se siente con la calidad del servicio de alumbrado público en la CIUDAD?","Q46-En una escala del 1 al 10, que tan satisfecho está con el SERVICIO DE ALUMBRADO PUBLICO DE SU COLONIA?","Q47-En una escala del 1 al 10, Que tan satisfecho se siente con la iluminacion adecuada de vialidades y áreas públicas en la ciudad?",Q48-Durante este año Interpuso algún reporte relacionado al servicio de alumbrado publico ante la autoridad correspondiente?,Q49-El problema fue atendido por la dependencia?,"Q50-En una escala del 1 al 10, Que tan satisfecho esta con la solución del problema de alumbrado publico?","Q51-En una escala del 1 al 10, Que tan satisfecho se siente con la calidad de las calles y la pavimentación?","Q52-Durante este año Interpuso algún reporte relacionado a baches, calles o pavimentacion ante la autoridad correspondiente?",Q53-El problema fue atendido por la dependencia?,"Q54-En una escala del 1 al 10, Que tan satisfecho esta con la solución del problema de calles y pavimentacion?","Q55-En una escala del 1 al 10, Que tan satisfecho esta con LA SEMAFORIZACION y senales viales?","Q56-En una escala del 1 al 10, que tan satisfecho está con LA DISPONIBILIDAD DE ÁREAS VERDES Y ESPACIOS PÚBLICOS CERCA DE SU CASA?",Q57.1-Equipamiento,Q57.2-Iluminacion,Q57.3-Cuidado (limpieza y mantenimiento),Q57.4-Seguridad,"Q58-En una escala del 1 al 10, en que estado considera que se encuentran las UNIDADES DEPORTIVAS?","Q59-En una escala del 1 al 10, en qué estado considera que se encuentran las BIBLIOTECAS?","Q60-En una escala del 1 al 10, en que estado considera que se encuentran las CENTROS COMUNITARIOS?","Q61-En una escala del 1 al 10, en qué estado considera que se encuentran las BANQUETAS?","Q62-En una escala del 1 al 10, en que estado considera que se encuentran los ESPACIOS PARA PERSONAS CON DISCAPACIDAD?","Q63-En el último año (2024), con que frecuencia penso en irse de la ciudad?",Q64.1-La ciudad en la que vive,Q64.2-La colona o fraccionamiento en el que vive,Q64.3-Los vecinos que tiene,Q65-Mencione un LUGAR / EDIFICIO / MONUMENTO que considere representativo de Juarez,Q65-Mencione un LUGAR / EDIFICIO / MONUMENTO que considere representativo de Juarez HOMOLOGACION,"Q66-Cuantos vehiculos de motor hay disponibles en su hogar? (Si no tiene ninguno, poner 0)","Q67-En su hogar hay algún tipo de bicicletas? (ya sean de niño, adolescente o adulto)",Q68-Cuantas bicicletas para NIÑOS hay disponibles en su hogar? (poner 0 si no se cuenta con ninguna de este tipo),Q69-Cuantas bicicletas para ADOLESCENTES hay disponibles en su hogar? (poner 0 si no se cuenta con ninguna de este tipo),Q70-Cuantas bicicletas para ADULTOS hay disponibles en su hogar? (poner 0 si no se cuenta con ninguna de este tipo),Q71-Usted trabaja o realiza alguna actividad que le genere ingresos?,Q72.1-Caminando,Q72.2-Bicicleta,Q72.3-Autobús escolar,Q72.4-Autobús especial (transporte de personal),Q72.5-Taxi,Q72.6-Uber/Didi/InDriver o cualquier otro servicio por aplicación,Q72.7-Motocicleta,Q72.8-Vehículo propio,Q72.9-Camion/Rutera/ Autobus,"Q72.10-Juarez Bus (antes ViveBus, BravoBus, Ecobus)",Q72.11-Otro medio (cuál):,Q72.11.1-Other,Q73.1-Caminando,Q73.2-Bicicleta,Q73.3-Autobús escolar,Q73.4-Autobús especial (transporte de personal),Q73.5-Taxi,Q73.6-Uber/Didi/InDriver o cualquier otro servicio por aplicación,Q73.7-Motocicleta,Q73.8-Vehículo propio,Q73.9-Camión/Rutera/Autobus,"Q73.10-Juarez Bus (antes ViveBus, BravoBus, Ecobus)",Q73.11-Otro medio (cuál):,Q73.11.1-Other,"Q74-Usted utiliza el camión o rutera tradicional? (NO eco bus, bravo bus, vive bus, juarez bus)","Q75-En una escala del 1 al 10, que tan satisfecho está con la calidad del servicio del camión/rutera?",Q76.1-Tiempo de espera de los camiones (tardan en pasar o no pasan),"Q76.2-Estado de la unidad (limpieza, asientos, ventanas)",Q76.3-Estado de la parada de camión,Q76.4-Trato de los choferes,"Q76.5-Conducción de la unidad por parte del chofer (van muy rápido, omiten señalamientos)","Q76.6-Tarifa (costos muy altos, no respetan descuentos)",Q76.7-Otro (especifique):,Q76.7.1-Other,Q77-Usted utiliza el transporte semimasivo  (BravoBus/EcoBus/ViveBus/Juarez bus)?,"Q78-En una escala del 1 al 10, que tan satisfecho está con la calidad del servicio del BravoBus/EcoBus/ViveBus/Juarez Bus)?",Q79.1-Tiempo de espera de los camiones (tardan en pasar o no pasan),"Q79.2-Estado de la unidad (limpieza, asientos, ventanas)",Q79.3-Estado de la parada de camión,Q79.4-Trato de los choferes,"Q79.5-Conducción de la unidad por parte del chofer (van muy rápido, omiten señalamientos)","Q79.6-Tarifa (costos muy altos, no respetan descuentos)",Q79.7-Otro (especifique):,Q79.7.1-Other,Q80-Que tanto cree que nosotros los ciudadanos estemos orgullosos de ser o vivir en Ciudad Juarez?,"Q81-Para usted, cuales son los 2 problemas mas importantes de Juarez? PROBLEMA #1",Q81.1.1-Other,"Q82-Para usted, cuales son los 2 problemas mas importantes de Juarez? PROBLEMA #2",Q82.1.1-Other,Q83-Que tan responsable se siente de ser parte del primer problema que menciono?,"Q84-En el ultimo año (2024), siente que sus garantías o derechos han sido violentados por alguna autoridad o dependencia gubernamental?",Q85-Qué autoridad o dependencia gubernamental fue?,"Q86-En pocas palabras, en que consistio la violacion a sus derechos?","Q87-Por distintos motivos, no todas las personas que habitan en Juarez pueden acceder en condiciones de igualdad a los bienes y servicios, ni tienen las mismas oportunidades en la vida. Como describiría la desigualdad que se vive hoy en día?",Q88-Que institución contribuye mas a reducir la desigualdad en Juarez? (SELECCIONE LA QUE MÁS LO HACE),"Q89-En una escala del 1 al 10, que tan satisfecho está con LA CALIDAD DEL AIRE?","Q90-En una escala del 1 al 10, qué tan satisfecho está con LA CANTIDAD DE ÁRBOLES EN LA CIUDAD?","Q91-En una escala del 1 al 10, que tan satisfecho esta con LA LIMPIEZA EN LAS CALLES (basura en las calles)?","Q92-En una escala del 1 al 10, que tan satisfecho esta con LA CALIDAD DEL AGUA? (CONSIDERAR SI ESTÁ SUCIA, CONTAMINADA O TIENE MAL SABOR)",Q93-Acostumbran separar la basura en organica e inorganica antes de entregarla al camion o dejarla en el contenedor?,"Q94-Además, Acostumbran a separar desperdicios para alimentar animales?","Q95-Además, acostumbran a separar desperdicios para echarlos a las plantas?","Q96-Además, acostumbran a separar cartón, latas o plástico para vender o regalar?","Q97-De las siguientes problemáticas medioambientales, cual cree que sea el mayor problema de la colonia? (Elija solo una)",Q97.1.1-Other,Q98-Conoce o ha escuchado hablar de Plan Estratégico de Juarez A.C.? SIN APOYO VISUAL,Q99-Conoce o ha escuchado hablar de Plan Estratégico de Juarez A.C.? CON APOYO VISUAL,Q100.1-PEJ es una asociación apartidista y ciudadana,Q100.2-PEJ es una organización con credibilidad,Q100.3-PEJ es propositiva,Q101-Sexo de la persona entrevistada,Q101.1.1-Other,Q102-Cual es su edad?,Q103-Seleccione Rango de edad (con base en respuesta anteior),Q104-Cual es su ocupación?,Q105-Cual es su grado de escolaridad?,Q106-Recibe usted algun ingreso personal de algún tipo?,Q107-Por favor indique cuál es el rango de su ingreso PERSONAL por semana.,"Q108-Si el ingreso dado es de un periodo diferente a la semana, anotar: PERSONAL  (decena, veintena, mensual, bimestral, anual)",Q109-Por favor indique cuál es el rango de su ingreso FAMILIAR por semana.,"Q110-Si el ingreso dado es de un periodo diferente a la semana, anotar: FAMILIAR (decena, veintena, mensual, bimestral, anual)",Q111-Colonia
558,4,5,2,2,,,0,,,0,,,0,2,2,2,2,2,2,2,2,2,2,2,2,2,2,1,1,-99,-99,-99,-99,-99,-99,,-99,1,,10,6,9,10,10,9,10,9,10,10,10,10,7,2,0,,8,4,1,1,9,10,2,2,0,,9,10,9,2,0,,6,2,0,,8,4,8,6,8,9,9,11,11,8,6,4,4,4,4,monumeto a benito juarez,El monumento a Benito Juárez,1,2,,,,1,-99,-99,-99,1,-99,-99,-99,-99,-99,-99,-99,,-99,-99,-99,1,-99,-99,-99,-99,-99,-99,-99,,2,,-99,-99,-99,-99,-99,-99,-99,,2,,-99,-99,-99,-99,-99,-99,-99,,4,15,,5,,1,2,,,3,2,10,6,8,8,2,1,2,2,2,,2,2,0,0,0,2,,59,3,2,4,1,9,,9,,hidalgo
558,4,1,1,2,,,0,,,0,,,0,1,2,2,1,2,2,2,2,2,2,2,2,2,2,2,-99,-99,-99,-99,1,-99,-99,,-99,5,,8,7,7,8,8,6,8,9,9,8,6,9,7,1,1,7,8,4,2,0,,7,3,2,0,,6,7,6,2,0,,6,2,0,,6,6,7,6,6,7,7,6,11,5,5,4,4,3,2,museo juan gabriel,La casa de Juan Gabriel,1,1,2,0,0,1,-99,-99,-99,1,-99,-99,-99,-99,-99,-99,-99,,-99,-99,-99,1,-99,-99,-99,-99,-99,-99,-99,,2,,-99,-99,-99,-99,-99,-99,-99,,2,,-99,-99,-99,-99,-99,-99,-99,,3,6,,5,,1,2,,,1,2,8,8,6,7,2,1,2,1,6,,2,2,0,0,0,1,,23,1,2,4,1,2,,19,,Hidalgo
558,4,3,2,1,1,,1,5,,1,5,,1,1,2,2,2,2,2,2,2,2,2,2,2,2,2,2,-99,-99,-99,-99,-99,1,-99,,-99,6,,,,,,,,5,5,10,10,8,2,7,1,1,1,8,5,2,0,,8,3,2,0,,9,8,2,2,0,,1,2,0,,5,9,7,4,7,1,2,11,0,5,0,4,4,4,4,monumento juarez,El monumento a Benito Juárez,0,1,1,0,0,1,-99,1,-99,-99,-99,-99,-99,-99,-99,-99,-99,,-99,-99,-99,-99,-99,-99,-99,-99,-99,-99,1,SE RESERVA,2,,-99,-99,-99,-99,-99,-99,-99,,2,,-99,-99,-99,-99,-99,-99,-99,,4,2,,5,,1,2,,,4,6,6,5,1,2,2,1,2,2,6,,2,2,0,0,0,1,,58,3,2,11,1,2,,2,,hidalgo
558,4,2,3,1,10,,1,10,,1,No hay ninguna persona en educacion superior,,3,1,2,2,2,2,2,2,2,2,2,2,2,2,2,2,1,-99,-99,-99,-99,-99,-99,,-99,1,,10,10,3,10,9,9,10,9,10,9,10,9,7,2,0,,8,4,2,0,,10,3,2,0,,9,10,8,2,0,,7,2,0,,10,8,6,9,9,5,10,11,11,7,9,4,4,4,4,la presidencia,La Presidencia,0,2,,,,2,-99,-99,-99,-99,-99,-99,-99,-99,-99,-99,-99,,-99,-99,-99,1,-99,-99,-99,-99,-99,-99,-99,,2,,-99,-99,-99,-99,-99,-99,-99,,2,,-99,-99,-99,-99,-99,-99,-99,,4,6,,2,,4,2,,,3,2,3,9,5,5,2,2,2,2,4,,2,2,0,0,0,2,,73,4,8,13,1,2,,2,,hidalgo
558,4,3,2,2,,,0,,,0,,,0,2,1,1,1,2,2,2,2,2,2,2,2,2,2,1,1,-99,-99,-99,-99,-99,-99,,-99,1,,10,10,8,10,10,11,10,10,10,10,10,10,7,2,0,,10,3,2,0,,10,3,2,0,,10,10,10,2,0,,7,2,0,,10,10,10,10,10,10,10,0,0,10,10,4,5,5,4,la x,La X,1,2,,,,1,1,-99,-99,-99,-99,-99,-99,-99,-99,-99,-99,,-99,-99,-99,-99,-99,-99,-99,1,-99,-99,-99,,2,,-99,-99,-99,-99,-99,-99,-99,,2,,-99,-99,-99,-99,-99,-99,-99,,4,2,,2,,1,2,,,2,10,10,10,10,10,1,2,2,2,6,,2,1,1,1,1,2,,28,1,2,4,1,2,,2,,hidalgo
558,4,3,2,2,,,0,,,0,,,0,1,1,1,1,2,2,1,2,2,1,2,2,2,2,1,-99,-99,-99,1,-99,-99,-99,,-99,4,,9,9,8,9,9,9,7,8,7,9,9,7,7,2,0,,9,4,2,0,,9,3,2,0,,7,9,7,2,0,,6,2,0,,6,6,7,7,8,9,6,0,11,6,9,2,5,5,4,los hermnos que escobar,OTRO,0,2,,,,1,1,-99,-99,-99,-99,-99,-99,-99,1,1,-99,,-99,-99,-99,-99,-99,-99,-99,-99,1,1,-99,,1,5,1,-99,-99,-99,-99,-99,-99,,1,9,-99,-99,-99,-99,-99,-99,-99,,4,5,,9,,2,2,,,1,3,6,6,9,5,1,1,1,1,5,,2,1,1,1,1,1,,73,4,1,4,1,2,,2,,hidalgo
558,4,1,3,1,No hay ninguna persona en nivel basico,,3,1,no hay hambiente educativo favorable,2,No hay ninguna persona en educacion superior,,3,1,2,1,2,2,2,1,2,2,1,1,1,2,2,1,-99,-99,-99,-99,1,-99,-99,,-99,5,,7,10,10,6,8,10,10,10,10,10,10,10,7,2,0,,10,5,2,0,,10,3,2,0,,5,7,5,2,0,,5,2,0,,8,8,10,8,8,6,6,8,8,8,5,3,4,5,5,centro cultural de las fronteras,El centro cultural de las fronteras,2,1,0,0,2,1,-99,-99,-99,-99,-99,-99,-99,1,-99,-99,-99,,-99,-99,-99,-99,-99,-99,-99,1,-99,-99,-99,,2,,-99,-99,-99,-99,-99,-99,-99,,2,,-99,-99,-99,-99,-99,-99,-99,,4,5,,12,,2,1,salud y vialidad,negaron atención medica y vialiad en ves de multa pide dinero,1,5,10,7,7,7,1,1,1,1,2,,1,0,2,1,1,1,,51,3,9,9,1,3,,4,,hidalgo
558,4,5,1,1,9,,2,9,,2,9,,2,1,2,2,2,2,2,2,2,2,2,2,2,2,2,2,-99,-99,-99,-99,-99,1,-99,,-99,6,,,,,,,,10,10,10,10,10,9,7,2,0,,10,5,2,0,,10,3,2,0,,10,10,10,2,0,,1,2,0,,10,10,10,10,10,5,10,3,3,2,1,1,2,3,3,minu ento a Juarez,El monumento a Benito Juárez,2,2,,,,1,-99,-99,-99,-99,-99,-99,-99,1,-99,-99,-99,,-99,-99,-99,-99,-99,-99,-99,1,-99,-99,-99,,2,,-99,-99,-99,-99,-99,-99,-99,,2,,-99,-99,-99,-99,-99,-99,-99,,2,2,,5,,1,2,,,1,2,5,1,10,7,2,2,1,2,5,,2,2,0,0,0,2,,60,4,2,2,1,5,,5,,hidalgo
558,4,3,2,1,10,,1,9,,1,9,,1,1,1,1,1,1,1,2,2,1,1,2,2,2,2,1,1,-99,-99,-99,-99,-99,-99,,-99,1,,8,8,6,8,8,8,9,10,8,9,8,8,7,2,0,,8,4,2,0,,10,3,2,0,,10,8,7,2,0,,7,2,0,,7,8,7,7,8,8,8,10,9,7,10,4,5,5,5,la x,La X,1,1,1,1,0,2,-99,-99,-99,-99,-99,-99,-99,-99,-99,-99,-99,,-99,-99,-99,-99,-99,-99,-99,1,-99,-99,-99,,1,5,-99,-99,-99,1,-99,-99,-99,,2,,-99,-99,-99,-99,-99,-99,-99,,4,5,,6,,1,2,,,3,2,8,9,10,6,2,2,2,2,6,,2,2,0,0,0,1,,27,1,1,6,1,1,,1,,hidalgo
558,4,2,2,1,8,,1,8,,1,8,,1,1,2,1,1,2,2,2,2,2,2,2,2,2,2,1,-99,-99,-99,1,-99,-99,-99,,-99,4,,10,10,7,7,9,10,10,10,10,10,10,10,7,2,0,,10,1,2,0,,10,3,2,0,,10,10,10,2,0,,5,2,0,,8,9,9,8,9,10,9,3,9,3,2,4,4,5,4,la x,La X,2,1,2,2,1,1,-99,-99,-99,-99,-99,-99,-99,-99,1,-99,-99,,-99,-99,-99,-99,-99,-99,-99,-99,1,-99,-99,,1,8,-99,-99,-99,-99,-99,-99,-99,,2,,-99,-99,-99,-99,-99,-99,-99,,4,2,,6,,1,2,,,2,1,10,4,8,10,2,1,2,2,1,,2,2,0,0,0,2,,70,4,2,1,1,1,,1,,Hidalgo
558,4,4,1,2,,,0,,,0,,,0,1,1,1,1,2,2,2,2,1,2,2,2,2,2,1,1,-99,-99,1,-99,-99,-99,,-99,4,,7,7,10,10,10,9,10,10,10,10,9,9,7,2,0,,5,3,1,1,9,10,3,1,1,10,9,10,5,1,1,4,2,2,0,,5,10,4,7,7,4,0,0,0,2,2,4,5,5,5,la presidencia,La Presidencia,0,1,0,0,1,1,1,-99,-99,-99,-99,-99,-99,-99,1,1,-99,,-99,-99,-99,-99,-99,-99,-99,-99,1,1,-99,,1,3,-99,-99,-99,1,1,-99,-99,,1,10,-99,-99,-99,-99,-99,-99,-99,,4,2,,5,,4,2,,,1,6,5,3,3,4,2,1,2,1,1,,2,2,0,0,0,2,,60,4,2,2,1,2,,2,,hidalgp
558,4,3,2,1,10,,1,No hay ninguna persona en educacion media,,3,No hay ninguna persona en educacion superior,,3,1,1,2,1,2,2,2,2,2,2,2,2,1,2,1,1,-99,-99,-99,-99,-99,-99,,-99,1,,10,10,7,3,5,9,10,10,8,10,10,2,7,2,0,,10,5,2,0,,10,2,2,0,,5,10,1,2,0,,1,2,0,,8,8,3,6,6,2,0,5,0,2,3,4,5,5,3,el monumento,El monumento a Benito Juárez,0,2,,,,2,-99,-99,-99,-99,-99,-99,-99,-99,-99,-99,-99,,1,-99,-99,-99,-99,-99,-99,-99,1,-99,-99,,1,5,-99,-99,-99,-99,1,1,-99,,1,6,1,-99,-99,-99,-99,-99,-99,,4,16,,13,,3,2,,,3,2,4,1,3,5,1,1,2,1,2,,2,2,0,0,0,1,,62,4,1,2,1,1,,1,,hifalgo
558,4,4,2,2,,,0,,,0,,,0,1,1,1,1,2,2,2,2,1,2,2,2,2,2,1,1,-99,-99,1,-99,-99,-99,,-99,4,,6,4,9,6,8,10,10,10,9,10,10,6,7,2,0,,9,2,1,1,8,9,3,2,0,,7,10,8,2,0,,5,2,0,,4,7,3,7,5,5,0,0,0,2,10,4,5,5,4,el monumento,El monumento a Benito Juárez,0,1,0,2,0,2,-99,-99,-99,-99,-99,-99,-99,-99,-99,-99,-99,,-99,-99,-99,-99,-99,-99,-99,1,-99,-99,-99,,2,,-99,-99,-99,-99,-99,-99,-99,,2,,-99,-99,-99,-99,-99,-99,-99,,4,5,,15,,1,2,,,3,6,6,3,4,2,2,2,2,2,5,,2,2,0,0,0,1,,71,4,1,3,1,1,,3,,hidalgo
558,4,3,2,2,,,0,,,0,,,0,1,2,1,2,2,1,2,1,2,2,2,2,2,1,1,-99,-99,-99,1,-99,-99,-99,,-99,4,,8,8,8,8,8,9,8,9,9,9,9,9,7,2,0,,7,3,1,2,5,9,3,2,0,,8,9,8,2,0,,7,2,0,,6,5,4,5,8,7,3,6,7,7,4,4,3,3,3,la x y casa dejuan gabriel,La casa de Juan Gabriel,2,1,0,0,1,1,-99,-99,-99,-99,-99,-99,-99,1,-99,-99,-99,,1,-99,-99,-99,-99,-99,-99,-99,-99,-99,-99,,2,,-99,-99,-99,-99,-99,-99,-99,,2,,-99,-99,-99,-99,-99,-99,-99,,3,5,,7,,1,2,,,2,4,5,5,4,5,2,2,1,2,1,,1,0,1,1,1,2,,62,4,2,8,1,1,,19,,hidalgo
558,4,3,4,2,,,0,,,0,,,0,1,1,1,1,2,2,2,2,2,2,2,2,2,2,2,-99,-99,-99,1,-99,-99,-99,,-99,4,,8,8,7,7,8,8,10,10,10,10,8,5,7,1,1,10,1,2,2,0,,5,2,2,0,,5,5,3,1,2,5,1,1,2,1,5,5,5,5,2,1,5,11,5,1,5,4,5,5,1,centro juarez,Centro de Juárez,1,2,,,,1,-99,-99,-99,-99,-99,-99,-99,1,1,-99,-99,,-99,-99,-99,-99,-99,-99,-99,1,1,-99,-99,,1,5,1,1,1,1,1,1,-99,,2,,-99,-99,-99,-99,-99,-99,-99,,4,5,,6,,4,1,la gobernadora,subio los costos,1,2,1,5,5,5,2,1,2,2,5,,2,2,0,0,0,1,,49,3,2,4,1,1,,1,,hidalgo
558,4,4,2,1,8,,1,No hay ninguna persona en educacion media,,3,No hay ninguna persona en educacion superior,,3,1,1,1,1,2,2,2,2,2,2,2,2,2,2,1,1,-99,-99,1,-99,-99,-99,,-99,4,,8,9,7,9,9,10,10,10,10,10,8,8,7,2,0,,3,2,1,2,1,10,3,2,0,,5,5,5,2,0,,1,2,0,,8,10,5,7,7,5,8,8,11,8,8,4,3,3,3,la casa de Juan Gabriel,La casa de Juan Gabriel,2,1,2,1,0,1,-99,-99,-99,-99,-99,-99,-99,1,1,1,-99,,-99,-99,-99,-99,-99,-99,-99,1,1,1,-99,,1,8,-99,-99,-99,-99,-99,-99,-99,,1,9,-99,-99,-99,-99,-99,-99,-99,,4,5,,8,,1,2,,,3,9,8,7,8,5,2,1,2,2,6,,2,2,0,0,0,2,,38,2,2,8,1,1,,2,,hidalgo
350A,4,3,2,1,10,,2,9,,2,No hay ninguna persona en educacion superior,,3,1,1,1,2,2,1,1,1,2,1,1,1,2,2,1,-99,-99,-99,-99,1,-99,-99,,-99,5,,9,8,10,10,10,9,10,9,9,9,10,8,7,2,0,,9,5,2,0,,7,3,2,0,,8,9,9,2,0,,6,2,0,,2,7,8,10,9,4,9,10,0,3,1,4,4,2,1,la X,La X,3,2,,,,2,-99,-99,-99,-99,-99,-99,-99,-99,-99,-99,-99,,1,-99,-99,-99,-99,-99,-99,-99,-99,-99,-99,,1,8,-99,-99,-99,-99,1,-99,-99,,1,10,-99,-99,-99,-99,-99,-99,-99,,3,4,,8,,1,2,,,2,3,7,5,3,6,2,2,2,2,2,,2,2,0,0,0,2,,18,1,5,4,1,3,,4,,partido Escobedo
350A,4,3,3,2,,,0,,,0,,,0,1,1,1,2,2,2,2,2,2,2,2,2,2,2,1,1,-99,-99,1,-99,-99,-99,,-99,4,,1,3,1,2,3,9,10,8,10,10,10,7,7,2,0,,8,3,2,0,,10,3,2,0,,9,10,10,2,0,,1,2,0,,8,10,10,10,10,3,0,11,0,4,0,4,5,4,4,el museo ex aduana,El museo de la Ex-Aduana,1,2,,,,1,1,-99,-99,-99,-99,-99,-99,1,-99,1,-99,,-99,-99,-99,-99,-99,-99,-99,1,-99,1,-99,,2,,-99,-99,-99,-99,-99,-99,-99,,1,10,-99,-99,-99,-99,-99,-99,-99,,4,5,,15,,1,2,,,3,9,10,3,1,5,2,2,2,2,2,,1,0,2,3,2,1,,48,3,2,12,1,4,,4,,partido escobedo
350A,4,5,2,1,No hay ninguna persona en nivel basico,,3,No hay ninguna persona en educacion media,,3,8,,1,1,1,1,2,2,2,1,2,2,2,2,1,1,1,1,-99,1,-99,-99,-99,-99,-99,,-99,2,,10,8,7,10,10,10,10,10,8,10,3,1,7,1,2,1,10,5,2,0,,9,3,2,0,,8,10,10,2,0,,8,2,0,,8,8,6,8,8,8,8,9,5,4,4,3,4,4,4,la x,La X,1,2,,,,1,-99,-99,-99,-99,-99,-99,-99,1,1,1,-99,,-99,-99,-99,-99,-99,-99,-99,1,1,1,-99,,1,6,-99,-99,-99,1,-99,-99,-99,,1,10,-99,-99,-99,-99,-99,-99,-99,,4,12,,16,,3,1,comision estatal de pueblos indígenas,senego reconocimiento como indigena,2,2,1,2,9,5,2,2,2,2,2,,1,0,1,1,4,2,,26,1,6,10,1,8,,8,,partido romero
350A,4,3,2,1,10,,2,No hay ninguna persona en educacion media,,3,No hay ninguna persona en educacion superior,,3,1,2,1,2,1,2,2,2,1,1,2,2,2,1,1,-99,-99,1,-99,1,-99,-99,,-99,5,,10,10,10,9,11,11,10,10,10,10,10,5,7,2,0,,10,5,2,0,,8,3,2,0,,10,10,10,2,0,,10,2,0,,9,5,5,5,5,5,7,7,7,7,0,4,4,3,1,la x,La X,2,1,3,3,3,2,-99,-99,-99,-99,-99,-99,-99,-99,-99,-99,-99,,-99,-99,-99,-99,-99,-99,-99,1,-99,-99,-99,,2,,-99,-99,-99,-99,-99,-99,-99,,2,,-99,-99,-99,-99,-99,-99,-99,,4,6,,7,,1,1,trancito,multa injusta,2,1,6,5,5,6,2,2,2,2,2,,2,2,0,0,0,1,,35,2,1,8,1,2,,7,,mergaritas
350A,4,3,2,1,8,,2,8,,2,No hay ninguna persona en educacion superior,,3,1,1,1,2,1,2,2,2,1,2,2,2,2,2,2,-99,-99,-99,-99,-99,1,-99,,-99,6,,,,,,,,8,8,9,7,9,9,7,2,0,,8,3,2,0,,7,3,2,0,,7,7,7,2,0,,5,2,0,,5,3,5,7,5,6,5,6,0,4,4,2,2,3,4,la x,La X,2,1,2,2,2,1,-99,-99,-99,-99,-99,-99,-99,1,-99,-99,-99,,-99,-99,-99,-99,-99,-99,-99,1,-99,-99,-99,,2,,-99,-99,-99,-99,-99,-99,-99,,2,,-99,-99,-99,-99,-99,-99,-99,,2,11,,5,,2,2,,,3,4,8,5,5,6,2,2,2,2,6,,1,0,2,2,1,2,,47,3,2,9,1,3,,4,,partido romero
350A,4,4,2,2,,,0,,,0,,,0,1,1,1,1,2,2,2,2,2,2,2,2,2,2,1,1,-99,-99,-99,-99,-99,-99,,-99,1,,8,7,7,7,3,5,9,10,9,7,8,5,7,2,0,,10,5,2,0,,8,3,2,0,,10,10,7,2,0,,4,2,0,,7,8,7,9,9,9,9,8,8,3,8,4,4,4,4,monumentoma Juárez,El monumento a Benito Juárez,0,2,,,,1,1,-99,-99,-99,-99,-99,-99,-99,-99,-99,-99,,1,-99,-99,-99,-99,-99,-99,-99,-99,-99,-99,,2,,-99,-99,-99,-99,-99,-99,-99,,2,,-99,-99,-99,-99,-99,-99,-99,,3,5,,2,,1,2,,,4,2,5,6,4,7,2,1,2,2,5,,2,2,0,0,0,2,,76,4,2,5,1,1,,1,,Escobedo
350A,4,3,1,2,,,0,,,0,,,0,2,2,2,2,1,2,2,2,2,2,2,2,2,1,2,1,-99,-99,-99,-99,-99,-99,,-99,1,,10,10,10,10,10,10,10,10,10,10,5,5,7,1,1,10,10,5,1,1,10,9,3,2,0,,10,10,10,2,0,,1,2,0,,10,10,8,8,8,5,11,11,11,8,1,2,4,4,4,la x,La X,0,2,,,,1,-99,-99,-99,-99,1,-99,-99,-99,-99,-99,-99,,-99,-99,-99,-99,1,-99,-99,-99,-99,-99,-99,,2,,-99,-99,-99,-99,-99,-99,-99,,2,,-99,-99,-99,-99,-99,-99,-99,,4,15,,5,,1,2,,,6,10,5,2,2,10,2,2,2,2,3,,2,2,0,0,0,1,,51,3,2,10,1,11,,11,,las palmas
350A,4,2,2,2,,,0,,,0,,,0,2,2,2,2,2,1,2,2,2,2,2,2,2,2,2,1,-99,-99,1,-99,-99,-99,,-99,4,,7,8,5,6,11,8,10,10,10,8,7,6,7,2,0,,8,4,2,0,,8,3,2,0,,9,10,9,2,0,,5,2,0,,9,6,8,8,8,8,7,9,8,6,5,4,4,4,4,monumento,El monumento a Benito Juárez,1,2,,,,1,-99,-99,-99,-99,-99,-99,-99,1,-99,-99,-99,,-99,-99,-99,-99,-99,-99,-99,1,-99,-99,-99,,2,,-99,-99,-99,-99,-99,-99,-99,,2,,-99,-99,-99,-99,-99,-99,-99,,4,15,,2,,2,2,,,2,1,7,6,4,6,1,1,2,2,6,,2,2,0,0,0,2,,43,2,3,10,1,2,,6,,la joya
350A,4,3,2,1,7,,1,7,,1,No hay ninguna persona en educacion superior,,3,2,1,2,2,2,2,2,2,2,2,2,2,2,2,2,1,-99,-99,-99,1,-99,-99,,-99,5,,10,8,7,10,9,8,10,10,8,8,7,10,7,2,0,,9,5,2,0,,10,2,2,0,,8,5,8,2,0,,7,2,0,,10,8,8,8,6,3,11,11,8,4,1,4,4,4,4,ia x,La X,2,1,1,0,0,1,-99,-99,-99,-99,-99,-99,-99,1,-99,-99,-99,,-99,-99,-99,-99,-99,-99,-99,1,-99,-99,-99,,2,,-99,-99,-99,-99,-99,-99,-99,,2,,-99,-99,-99,-99,-99,-99,-99,,3,17,,2,,1,2,,,2,2,5,3,3,8,2,2,2,1,6,,2,2,0,0,0,1,,39,2,2,8,1,19,,19,,la joya
350A,4,1,2,1,No hay ninguna persona en nivel basico,,3,No hay ninguna persona en educacion media,,3,9,,1,1,2,1,2,2,2,2,2,1,2,2,2,2,2,2,1,-99,-99,-99,-99,-99,-99,,-99,1,,9,10,9,10,10,9,10,9,10,9,10,10,7,2,0,,10,3,2,0,,9,3,2,0,,9,10,9,2,0,,8,2,0,,9,8,8,8,8,8,9,11,11,9,8,4,5,5,1,el monumento benito juarez,El monumento a Benito Juárez,1,1,1,0,0,2,-99,-99,-99,-99,-99,-99,-99,-99,-99,-99,-99,,-99,-99,-99,-99,-99,-99,-99,1,-99,-99,-99,,2,,-99,-99,-99,-99,-99,-99,-99,,2,,-99,-99,-99,-99,-99,-99,-99,,4,5,,8,,1,2,,,3,6,8,8,8,10,1,2,1,2,1,,2,2,0,0,0,1,,79,4,1,11,1,1,,19,,la joya
350A,4,4,1,2,,,0,,,0,,,0,2,2,1,2,2,2,2,2,2,2,2,2,2,2,2,1,-99,-99,-99,1,-99,-99,,-99,5,,8,8,9,8,9,3,10,8,7,7,9,9,7,2,0,,10,1,2,0,,9,3,2,0,,9,10,9,2,0,,7,2,0,,6,9,8,6,10,8,5,7,6,5,4,4,3,3,3,Benito Juárez,El monumento a Benito Juárez,1,2,,,,1,-99,-99,-99,-99,-99,1,-99,1,-99,-99,-99,,-99,-99,-99,-99,-99,-99,-99,1,-99,-99,-99,,2,,-99,-99,-99,-99,-99,-99,-99,,2,,-99,-99,-99,-99,-99,-99,-99,,4,5,,2,,3,2,,,3,11,8,7,6,7,1,1,2,1,5,,2,2,0,0,0,1,,64,4,2,4,1,1,,2,,la joya
350A,4,1,2,1,8,,1,No hay ninguna persona en educacion media,,3,No hay ninguna persona en educacion superior,,3,1,2,1,1,2,2,2,2,2,2,2,2,2,2,2,-99,-99,1,-99,-99,-99,-99,,-99,3,,1,1,1,5,5,8,8,8,8,10,5,7,7,1,1,7,8,4,2,0,,10,3,2,0,,8,8,8,2,0,,1,2,0,,7,5,1,1,1,1,8,11,8,7,7,1,3,3,3,La x,La X,1,2,,,,2,-99,-99,-99,-99,-99,-99,-99,-99,-99,-99,-99,,-99,-99,-99,-99,-99,-99,-99,-99,1,-99,-99,,1,6,-99,1,-99,1,1,-99,-99,,2,,-99,-99,-99,-99,-99,-99,-99,,2,5,,4,,1,1,todas,porque son rateros,3,6,9,7,1,1,2,1,2,2,2,,2,2,0,0,0,1,,36,2,1,4,1,1,,1,,la joya
350A,4,3,2,2,,,0,,,0,,,0,1,2,1,2,2,2,2,2,1,2,2,2,2,2,1,1,-99,-99,-99,-99,-99,-99,,-99,1,,4,5,3,3,5,6,4,4,5,8,8,8,2,1,1,8,10,5,2,0,,10,3,2,0,,6,10,7,2,0,,4,2,0,,2,2,2,2,2,2,5,0,6,3,2,4,3,3,3,la x,La X,1,1,1,0,1,1,1,-99,-99,-99,-99,-99,-99,-99,-99,-99,-99,,1,-99,-99,-99,-99,-99,-99,-99,-99,-99,-99,,2,,-99,-99,-99,-99,-99,-99,-99,,2,,-99,-99,-99,-99,-99,-99,-99,,3,5,,4,,4,1,en el trabajo,discriminación,5,2,8,5,4,6,2,2,2,2,2,,2,2,0,0,0,2,,58,3,2,9,1,5,,6,,partido Escobedo
350A,4,3,2,1,No hay ninguna persona en nivel basico,,3,9,,2,8,,2,1,1,1,2,2,1,2,2,2,2,2,2,2,2,1,1,-99,-99,-99,-99,-99,-99,,-99,1,,7,8,5,7,8,7,6,6,7,8,8,7,7,2,0,,8,5,2,0,,6,3,2,0,,8,8,8,2,0,,5,2,0,,9,7,6,7,7,6,6,0,7,6,6,2,2,3,4,la x,La X,1,1,0,2,1,1,1,-99,-99,-99,-99,-99,-99,-99,-99,-99,-99,,-99,-99,-99,-99,-99,-99,-99,1,-99,-99,-99,,2,,-99,-99,-99,-99,-99,-99,-99,,2,,-99,-99,-99,-99,-99,-99,-99,,2,5,,5,,1,2,,,2,3,7,7,5,5,2,1,2,2,2,,2,2,0,0,0,1,,50,3,2,11,1,2,,4,,partido Escobedo
350A,4,4,2,1,4,no son mu estricto,1,4,no son estrictos,1,No hay ninguna persona en educacion superior,,3,1,1,1,1,2,1,2,2,1,2,1,2,2,1,1,1,-99,-99,-99,-99,-99,-99,,-99,1,,2,5,5,5,5,5,5,5,5,10,8,5,7,2,0,,10,5,2,0,,10,3,2,0,,6,6,6,2,0,,5,2,0,,6,5,5,5,6,5,5,0,3,5,6,4,5,5,2,la x,La X,2,2,,,,1,-99,-99,-99,-99,-99,-99,-99,1,-99,-99,-99,,-99,-99,-99,-99,-99,-99,-99,1,-99,-99,-99,,2,,-99,-99,-99,-99,-99,-99,-99,,2,,-99,-99,-99,-99,-99,-99,-99,,4,5,,5,,1,2,,,2,1,8,2,5,8,2,2,2,1,3,,2,2,0,0,0,2,,41,2,9,4,1,3,,4,,partido Escobedo
6006,2,4,3,1,8,,1,No hay ninguna persona en educacion media,,3,No hay ninguna persona en educacion superior,,3,1,2,2,2,2,2,2,2,1,2,2,2,2,2,1,-99,-99,1,-99,-99,-99,-99,,-99,3,,7,7,4,5,8,3,7,8,8,2,7,7,4,3,0,,8,4,1,1,7,5,2,2,0,,7,7,8,2,0,,1,2,0,,3,3,1,6,2,2,2,0,4,4,6,4,3,3,1,la x,La X,0,2,,,,1,-99,-99,-99,-99,-99,-99,-99,-99,1,1,-99,,-99,-99,-99,-99,-99,-99,-99,-99,1,1,-99,,1,3,1,-99,-99,-99,-99,-99,-99,,1,9,-99,-99,-99,-99,-99,-99,-99,,3,15,,16,,2,2,,,2,9,7,3,4,5,2,1,1,1,3,,2,2,0,0,0,1,,30,2,2,4,1,1,,2,,anapra
6006,2,3,2,2,,,0,,,0,,,0,1,1,2,1,2,2,2,2,2,2,2,2,2,2,1,1,-99,-99,-99,-99,-99,-99,,-99,1,,7,7,4,6,7,4,8,8,8,7,5,8,4,2,0,,5,3,2,0,,5,3,2,0,,8,8,8,2,0,,1,2,0,,2,5,4,6,4,2,0,0,8,0,1,3,2,2,1,la x,La X,1,2,,,,1,-99,-99,-99,-99,-99,-99,1,-99,-99,-99,-99,,-99,-99,-99,-99,-99,-99,1,-99,-99,-99,-99,,2,,-99,-99,-99,-99,-99,-99,-99,,2,,-99,-99,-99,-99,-99,-99,-99,,3,15,,16,,1,2,,,3,2,5,8,5,4,2,2,2,1,2,,2,2,0,0,0,2,,26,1,2,12,1,2,,4,,anapra
6006,2,2,2,1,7,,1,8,,1,6,,1,1,1,1,1,2,1,1,2,2,1,1,1,2,1,1,-99,-99,-99,-99,-99,-99,1,CAAPS,-99,7,CAAPS,9,9,9,5,8,9,6,6,6,5,8,9,7,2,0,,7,2,2,0,,7,2,2,0,,7,7,7,1,1,7,1,2,0,,1,5,5,5,5,1,7,0,8,0,5,1,2,2,1,monumento a Juárez,El monumento a Benito Juárez,1,1,1,1,1,1,-99,-99,-99,1,-99,-99,-99,-99,1,-99,-99,,-99,-99,-99,-99,-99,-99,-99,-99,1,-99,-99,,1,5,1,1,-99,1,-99,-99,-99,,2,,-99,-99,-99,-99,-99,-99,-99,,2,5,,2,,2,2,,,1,2,10,8,2,9,2,1,2,2,5,,2,2,0,0,0,1,,25,1,2,2,1,1,,2,,anapra
6006,2,4,1,1,9,,1,9,,1,No hay ninguna persona en educacion superior,,3,1,1,1,2,1,1,2,1,1,2,2,2,2,2,2,1,-99,-99,-99,-99,-99,-99,,-99,1,,8,8,6,7,11,6,10,10,10,10,8,10,7,2,0,,8,1,2,0,,10,3,2,0,,9,8,8,2,0,,2,2,0,,2,4,8,7,5,3,8,0,8,3,7,4,4,4,4,la x,La X,0,2,,,,1,-99,-99,-99,1,-99,-99,-99,-99,-99,-99,-99,,-99,-99,-99,-99,-99,-99,-99,-99,-99,-99,1,SE RESERVA,2,,-99,-99,-99,-99,-99,-99,-99,,2,,-99,-99,-99,-99,-99,-99,-99,,2,2,,5,,1,1,municipal,agresivos,3,1,8,8,1,9,2,1,2,1,2,,2,2,0,0,0,2,,27,1,2,6,1,2,,2,,anapra
6006,2,3,2,1,8,,1,No hay ninguna persona en educacion media,,3,No hay ninguna persona en educacion superior,,3,2,1,2,2,2,2,2,2,2,2,2,2,2,2,2,1,-99,-99,1,-99,-99,-99,,-99,4,,8,7,9,9,9,9,10,10,10,9,6,10,7,2,0,,10,5,2,0,,10,3,2,0,,10,10,9,2,0,,7,2,0,,8,8,6,6,4,4,8,11,11,8,9,4,3,3,3,monmento,El monumento a Benito Juárez,0,1,3,0,0,2,-99,-99,-99,-99,-99,-99,-99,-99,-99,-99,-99,,-99,-99,-99,-99,-99,-99,-99,-99,-99,-99,1,SE RESERVA,2,,-99,-99,-99,-99,-99,-99,-99,,2,,-99,-99,-99,-99,-99,-99,-99,,4,5,,2,,1,2,,,3,2,9,7,5,7,1,1,2,1,3,,2,2,0,0,0,2,,64,4,8,2,1,3,,3,,puerto anapra
6006,2,3,2,1,8,,1,No hay ninguna persona en educacion media,,3,No hay ninguna persona en educacion superior,,3,2,2,2,2,2,1,2,2,2,2,2,2,2,2,2,1,-99,-99,1,-99,-99,-99,,-99,4,,8,9,7,7,6,5,8,9,5,9,5,8,7,2,0,,10,4,2,0,,7,2,2,0,,7,7,5,2,0,,5,2,0,,5,9,8,8,8,8,5,11,8,5,3,4,2,2,2,ninguna,NINGUNO,1,2,,,,1,-99,-99,-99,-99,-99,-99,-99,1,-99,-99,-99,,-99,-99,-99,-99,-99,-99,-99,1,-99,-99,-99,,2,,-99,-99,-99,-99,-99,-99,-99,,2,,-99,-99,-99,-99,-99,-99,-99,,3,15,,2,,1,2,,,4,2,8,4,5,5,2,2,2,1,5,,2,2,0,0,0,2,,32,2,2,3,1,2,,3,,puerto anapra
6006,2,1,3,1,10,,1,No hay ninguna persona en educacion media,,3,No hay ninguna persona en educacion superior,,3,1,1,1,2,2,1,2,2,1,2,2,2,2,2,1,-99,-99,-99,-99,-99,-99,1,CAAPS,-99,7,CAAPS,10,10,10,6,10,10,8,8,8,10,10,7,7,2,0,,10,1,1,1,8,10,3,2,0,,5,5,5,2,0,,4,2,0,,1,2,2,3,1,1,1,0,8,0,1,2,3,3,5,el monumento a juarez,El monumento a Benito Juárez,1,2,,,,1,-99,-99,-99,-99,-99,-99,-99,-99,1,-99,-99,,-99,-99,-99,-99,-99,-99,-99,-99,1,-99,-99,,1,5,1,1,-99,-99,1,-99,-99,,2,,-99,-99,-99,-99,-99,-99,-99,,3,5,,11,,1,1,junta de agua,no fue atendida bien,2,11,10,10,10,10,1,1,1,1,5,,2,2,0,0,0,1,,57,3,1,2,1,1,,1,,puerto de anapra
6006,2,2,2,2,,,0,,,0,,,0,1,1,1,1,2,2,2,2,2,2,2,2,2,2,1,1,-99,-99,-99,-99,-99,-99,,-99,1,,8,8,8,8,10,10,10,10,10,10,8,8,7,2,0,,10,3,2,0,,10,3,2,0,,8,8,8,2,0,,5,2,0,,5,10,8,10,10,10,10,0,10,7,10,4,3,3,5,la x,La X,1,2,,,,1,-99,-99,-99,-99,-99,-99,-99,1,-99,-99,-99,,-99,-99,-99,-99,-99,-99,-99,1,-99,-99,-99,,2,,-99,-99,-99,-99,-99,-99,-99,,2,,-99,-99,-99,-99,-99,-99,-99,,4,2,,5,,1,2,,,5,9,7,7,7,7,2,2,2,2,5,,2,2,0,0,0,2,,37,2,2,4,1,1,,1,,puerto anapra
6006,2,3,2,1,10,,2,No hay ninguna persona en educacion media,,3,No hay ninguna persona en educacion superior,,3,1,2,1,2,2,2,2,2,2,2,2,2,2,2,2,1,-99,-99,-99,-99,-99,-99,,-99,1,,8,8,6,8,9,7,10,8,10,9,9,9,7,2,0,,9,3,2,0,,9,3,2,0,,8,8,8,2,0,,7,2,0,,8,8,8,8,8,6,8,11,11,0,0,4,3,3,2,la casade juan gabriel,La casa de Juan Gabriel,1,2,,,,2,-99,-99,-99,-99,-99,-99,-99,-99,-99,-99,-99,,-99,-99,-99,-99,-99,-99,-99,1,-99,-99,-99,,2,,-99,-99,-99,-99,-99,-99,-99,,2,,-99,-99,-99,-99,-99,-99,-99,,3,5,,9,,1,2,,,3,2,9,9,8,8,2,1,2,1,6,,2,2,0,0,0,1,,42,2,1,2,1,1,,1,,puerto anapra
6006,2,4,2,1,1,,1,No hay ninguna persona en educacion media,,3,No hay ninguna persona en educacion superior,,3,1,1,1,1,2,2,2,2,2,1,2,2,2,2,1,1,-99,-99,-99,-99,-99,-99,,-99,1,,9,9,5,5,11,9,10,10,10,10,5,1,7,2,0,,10,3,2,0,,10,3,2,0,,8,10,5,2,0,,1,2,0,,9,8,7,10,7,1,8,11,10,0,0,4,5,5,5,el monumento. juarez,El monumento a Benito Juárez,0,2,,,,1,1,-99,-99,-99,-99,-99,-99,-99,1,1,-99,,1,-99,-99,-99,-99,-99,-99,-99,1,1,-99,,1,6,1,-99,-99,1,-99,-99,-99,,1,10,-99,-99,-99,-99,-99,-99,-99,,4,5,,15,,2,1,municipal,paranos injustamente,2,3,6,1,1,2,2,1,2,1,3,,2,2,0,0,0,2,,51,3,7,4,1,1,,2,,puertoanpara
5050,2,3,2,1,10,s/n,1,9,ninguna,1,9,ninguna,1,1,2,2,2,2,2,2,2,2,2,2,2,2,2,2,1,-99,-99,-99,-99,-99,-99,,-99,1,,5,5,3,1,3,5,9,9,9,9,5,6,5,2,0,,6,2,2,0,,9,3,2,0,,8,9,9,2,0,,9,2,0,,9,6,5,4,3,3,2,0,9,8,8,4,2,2,1,la x,La X,0,2,,,,1,-99,-99,-99,1,-99,-99,-99,-99,1,-99,-99,,-99,-99,-99,-99,-99,-99,-99,-99,1,-99,-99,,1,5,1,-99,-99,-99,-99,-99,-99,,2,,-99,-99,-99,-99,-99,-99,-99,,3,5,,2,,1,2,,,1,6,9,8,5,5,2,2,1,1,1,,2,2,0,0,0,1,,31,2,2,4,1,2,,3,,rancho anapra
5050,2,3,2,1,8,ninguna,1,10,ninguna,1,10,ninguna,1,1,2,2,1,2,1,2,2,1,2,1,2,2,2,2,-99,-99,-99,-99,1,-99,-99,,-99,5,,10,10,10,10,10,10,10,10,10,10,5,10,7,2,0,,10,3,2,0,,10,3,2,0,,10,10,10,2,0,,10,2,0,,10,10,10,10,7,8,10,2,10,10,10,4,3,3,1,la x,La X,2,1,1,0,0,1,-99,-99,-99,-99,-99,-99,-99,-99,1,-99,-99,,-99,-99,-99,-99,-99,-99,-99,1,1,-99,-99,,1,7,-99,-99,-99,-99,-99,-99,-99,,2,,-99,-99,-99,-99,-99,-99,-99,,3,7,,3,,1,2,,,3,8,8,10,10,10,2,1,2,2,2,,2,2,0,0,0,1,,27,1,1,2,1,2,,2,,rancho anapra
5050,2,4,2,1,8,,1,No hay ninguna persona en educacion media,,3,No hay ninguna persona en educacion superior,,3,1,1,1,1,2,1,2,2,2,2,2,2,2,2,1,1,-99,-99,1,-99,-99,-99,,-99,4,,8,9,8,10,10,9,10,10,7,10,2,10,7,3,0,,10,2,2,0,,10,2,2,0,,10,9,9,2,0,,4,2,0,,2,5,6,9,9,1,10,8,9,0,4,4,3,3,3,la x,La X,1,2,,,,2,-99,-99,-99,-99,-99,-99,-99,-99,-99,-99,-99,,-99,-99,-99,-99,-99,-99,-99,1,-99,-99,-99,,2,,-99,-99,-99,-99,-99,-99,-99,,2,,-99,-99,-99,-99,-99,-99,-99,,4,5,,6,,1,2,,,1,2,10,10,8,10,2,1,2,2,5,,2,2,0,0,0,1,,27,1,1,4,1,1,,1,,anapra
5050,2,3,2,1,9,,1,No hay ninguna persona en educacion media,,3,No hay ninguna persona en educacion superior,,3,1,1,1,2,2,2,2,2,2,2,2,2,1,2,2,1,-99,-99,1,-99,-99,-99,,-99,4,,9,9,8,10,10,10,10,10,9,10,2,7,7,2,0,,9,1,2,0,,10,3,2,0,,9,5,5,2,0,,3,2,0,,9,8,7,9,8,7,8,0,8,0,4,4,3,4,4,la x,La X,1,2,,,,1,-99,-99,-99,-99,-99,-99,-99,1,-99,-99,-99,,-99,-99,-99,-99,-99,-99,-99,1,-99,-99,-99,,2,,-99,-99,-99,-99,-99,-99,-99,,2,,-99,-99,-99,-99,-99,-99,-99,,4,6,,2,,1,1,jumas,mo reparan,1,3,7,3,2,4,2,1,1,2,5,,2,2,0,0,0,2,,42,2,2,4,1,1,,2,,anapra
5050,2,3,2,1,10,,2,No hay ninguna persona en educacion media,,3,No hay ninguna persona en educacion superior,,3,1,2,2,1,2,2,2,2,2,2,2,1,2,1,2,-99,-99,1,1,-99,-99,-99,,-99,4,,8,8,8,6,9,8,7,5,7,5,6,9,6,2,0,,10,3,3,0,,9,3,2,0,,9,9,7,2,0,,2,2,0,,8,9,7,9,8,3,8,0,9,3,7,4,5,4,2,la x,La X,0,1,2,0,0,1,-99,-99,-99,-99,-99,-99,-99,-99,1,-99,-99,,-99,-99,-99,-99,-99,-99,-99,-99,1,-99,-99,,1,8,-99,-99,-99,-99,-99,-99,-99,,2,,-99,-99,-99,-99,-99,-99,-99,,4,11,,12,,1,1,policia municipal,quieren echar la culpa de algo,3,9,7,8,1,3,2,2,2,2,2,,2,2,0,0,0,2,,38,2,2,4,1,1,,1,,anapra
5050,2,3,2,1,9,,1,No hay ninguna persona en educacion media,,3,No hay ninguna persona en educacion superior,,3,1,1,2,2,2,2,2,2,1,1,2,1,2,2,1,1,-99,-99,1,-99,-99,-99,,-99,4,,10,7,10,9,10,9,10,10,8,9,10,10,7,2,0,,4,1,1,1,9,10,3,2,0,,7,6,8,2,0,,1,2,0,,9,3,8,8,4,1,5,0,9,0,0,4,4,4,2,nery santos,Gimnasios públicos,1,2,,,,1,1,-99,-99,-99,-99,-99,-99,-99,-99,-99,-99,,1,-99,-99,-99,-99,-99,-99,1,-99,-99,-99,,2,,-99,-99,-99,-99,-99,-99,-99,,2,,-99,-99,-99,-99,-99,-99,-99,,4,15,,10,,1,2,,,3,6,8,8,8,2,2,1,1,2,1,,2,2,0,0,0,1,,31,2,2,2,1,1,,3,,anapra
5050,2,1,3,1,9,,1,No hay ninguna persona en educacion media,,3,No hay ninguna persona en educacion superior,,3,1,2,2,2,2,2,2,2,2,2,2,2,2,2,2,-99,-99,1,1,-99,-99,-99,,-99,4,,9,9,10,8,9,9,7,6,8,9,7,9,5,2,0,,8,3,2,0,,8,3,2,0,,7,7,8,2,0,,5,2,0,,6,7,5,5,6,5,6,11,8,0,0,1,2,2,2,monumento de benito juarez,El monumento a Benito Juárez,0,1,1,0,0,1,1,-99,-99,-99,-99,-99,-99,-99,1,-99,-99,,-99,-99,-99,-99,-99,-99,-99,-99,1,-99,-99,,1,6,1,-99,-99,-99,1,-99,-99,,2,,-99,-99,-99,-99,-99,-99,-99,,2,5,,6,,2,1,policia municipal,la  corrupcion la policia se dejo comprar,3,2,6,7,6,5,2,1,1,1,2,,2,2,0,0,0,1,,42,2,9,2,1,1,,1,,puerto anapra
5050,2,1,3,1,5,no,1,No hay ninguna persona en educacion media,,3,No hay ninguna persona en educacion superior,,3,1,2,2,2,2,2,2,2,2,2,2,2,2,2,2,1,-99,-99,-99,-99,-99,-99,,-99,1,,10,10,10,10,10,8,10,10,10,10,10,7,7,2,0,,1,4,2,0,,10,3,2,0,,10,10,10,2,0,,6,2,0,,10,10,10,10,10,10,10,11,10,8,0,4,5,5,5,el monumento,El monumento a Benito Juárez,1,2,,,,2,-99,-99,-99,-99,-99,-99,-99,-99,-99,-99,-99,,1,-99,-99,-99,-99,-99,-99,1,-99,-99,-99,,2,,-99,-99,-99,-99,-99,-99,-99,,2,,-99,-99,-99,-99,-99,-99,-99,,4,5,,2,,1,2,,,1,1,8,1,1,1,2,1,2,2,2,,2,2,0,0,0,1,,71,4,1,3,1,1,,1,,puerto anapra
5050,2,1,3,2,,,0,,,0,,,0,2,2,1,2,2,2,2,2,2,2,2,2,2,2,2,1,-99,-99,-99,1,-99,-99,,-99,5,,10,8,9,9,9,9,8,9,6,9,8,7,7,2,0,,10,2,2,0,,10,3,2,0,,9,9,8,2,0,,5,2,0,,9,9,6,6,6,5,6,11,7,5,7,2,4,4,4,la catedral,La Catedral,1,1,1,0,0,2,-99,-99,-99,-99,-99,-99,-99,-99,-99,-99,-99,,-99,-99,-99,-99,-99,-99,-99,-99,-99,-99,1,SE RESERVA,2,,-99,-99,-99,-99,-99,-99,-99,,2,,-99,-99,-99,-99,-99,-99,-99,,2,6,,7,,1,2,,,4,2,8,8,5,6,2,2,2,1,3,,2,2,0,0,0,1,,68,4,1,13,1,3,,3,,puero de anapra
5050,2,3,3,1,9,,1,7,,1,No hay ninguna persona en educacion superior,,3,2,2,1,2,2,2,2,2,2,2,2,2,2,2,2,-99,-99,-99,1,-99,-99,-99,,-99,4,,6,10,5,5,8,7,10,9,6,9,8,10,7,2,0,,10,2,2,0,,10,3,2,0,,9,10,8,2,0,,6,2,0,,6,7,7,7,8,8,8,11,8,5,7,4,3,3,3,la x,La X,2,1,1,1,0,1,-99,-99,-99,-99,-99,-99,-99,1,-99,-99,-99,,-99,-99,-99,-99,-99,-99,-99,1,-99,-99,-99,,2,,-99,-99,-99,-99,-99,-99,-99,,2,,-99,-99,-99,-99,-99,-99,-99,,3,6,,5,,1,2,,,3,1,6,7,6,8,2,2,2,1,4,,2,2,0,0,0,1,,36,2,1,6,1,2,,2,,puerto anapra
5084,2,2,3,1,9,,1,9,ninguna,1,9,ninguna,1,1,1,1,1,2,1,2,2,1,1,2,1,2,2,1,1,-99,-99,-99,-99,-99,-99,,-99,1,,5,7,5,5,8,7,10,10,8,8,6,8,5,1,1,7,7,2,2,0,,8,3,2,0,,7,5,7,2,0,,5,1,2,5,6,5,7,7,7,5,6,7,8,6,6,2,3,3,3,la x,La X,1,2,,,,1,-99,-99,-99,1,-99,-99,-99,-99,-99,-99,-99,,-99,-99,-99,-99,-99,-99,-99,1,-99,-99,-99,,2,,-99,-99,-99,-99,-99,-99,-99,,2,,-99,-99,-99,-99,-99,-99,-99,,3,6,,5,,1,2,,,3,9,9,8,6,7,1,1,1,1,2,,2,2,0,0,0,2,,52,3,2,2,1,2,,3,,puerto anapra
5084,2,4,2,2,,,0,,,0,,,0,1,2,1,1,2,1,2,2,2,2,1,2,2,2,1,1,-99,-99,-99,-99,-99,-99,,-99,1,,3,6,1,1,1,8,10,5,9,10,3,8,3,2,0,,10,4,2,0,,3,3,2,0,,8,8,10,2,0,,3,2,0,,10,6,7,6,5,1,2,0,3,3,9,1,2,4,1,la casa de juan Gabriel,La casa de Juan Gabriel,0,2,,,,1,-99,-99,-99,1,-99,-99,-99,-99,-99,-99,-99,,-99,-99,-99,-99,-99,1,-99,-99,-99,-99,-99,,2,,-99,-99,-99,-99,-99,-99,-99,,2,,-99,-99,-99,-99,-99,-99,-99,,2,5,,11,,2,2,,,1,8,9,8,5,2,2,1,2,2,5,,2,2,0,0,0,1,,22,1,2,4,1,2,,3,,puerto qnapra
5084,2,3,2,2,,,0,,,0,,,0,1,2,2,2,2,2,2,2,2,2,2,2,2,2,1,-99,-99,-99,-99,1,-99,-99,,-99,5,,1,1,1,1,1,3,10,10,10,10,5,5,5,2,0,,10,3,2,0,,10,3,2,0,,10,10,10,2,0,,7,2,0,,2,1,5,5,8,5,5,0,1,5,5,4,5,5,5,la torre centinela,La torre centinela,0,2,,,,1,-99,-99,-99,-99,-99,-99,-99,-99,1,-99,-99,,1,-99,-99,-99,-99,-99,-99,-99,1,-99,-99,,1,4,1,-99,-99,-99,-99,-99,-99,,2,,-99,-99,-99,-99,-99,-99,-99,,4,5,,6,,3,2,,,2,2,10,7,10,10,1,1,2,1,2,,2,2,0,0,0,2,,50,3,2,2,1,2,,2,,rancho anapra
5084,2,2,2,2,,,0,,,0,,,0,1,1,2,1,2,2,2,2,2,2,2,2,2,2,1,1,-99,-99,1,-99,-99,-99,,-99,4,,10,7,6,10,9,5,10,10,10,10,3,7,2,1,2,2,5,2,2,0,,10,3,2,0,,8,7,9,2,0,,6,2,0,,2,8,8,6,8,3,7,0,9,9,7,1,1,2,1,la x,La X,0,2,,,,2,-99,-99,-99,-99,-99,-99,-99,-99,-99,-99,-99,,-99,-99,-99,-99,-99,-99,-99,-99,1,-99,-99,,1,8,-99,-99,-99,1,-99,-99,-99,,1,5,-99,-99,-99,1,-99,-99,-99,,2,2,,6,,1,1,policia,amenazas,1,2,9,6,2,3,2,1,2,2,5,,2,2,0,0,0,1,,44,2,1,3,1,1,,1,,anapra
5084,2,2,2,1,8,,1,No hay ninguna persona en educacion media,,3,8,,1,1,1,1,1,2,1,2,2,2,2,1,1,2,2,1,1,-99,1,-99,-99,-99,-99,,-99,1,,9,7,7,9,11,9,10,10,10,9,7,10,7,1,1,9,7,1,1,1,9,10,3,2,0,,8,8,3,2,0,,7,1,2,5,7,8,6,8,7,3,8,6,9,7,7,3,4,4,4,la x,La X,1,2,,,,1,-99,-99,-99,-99,-99,-99,-99,1,-99,-99,-99,,-99,-99,-99,-99,-99,-99,-99,1,-99,-99,-99,,2,,-99,-99,-99,-99,-99,-99,-99,,2,,-99,-99,-99,-99,-99,-99,-99,,4,7,,2,,1,1,tramcito,soborno,1,2,9,8,8,7,1,1,1,1,5,,1,0,4,1,3,1,,53,3,1,9,1,2,,2,,anapra
5084,2,3,3,2,,,0,,,0,,,0,1,2,2,1,2,2,2,2,2,2,2,2,2,2,1,-99,-99,-99,1,-99,-99,-99,,-99,4,,8,6,7,9,7,9,10,10,10,10,7,10,7,2,0,,9,1,2,0,,10,3,2,0,,10,9,6,2,0,,10,2,0,,10,9,8,9,8,8,9,8,8,5,7,4,2,2,2,la x,La X,0,2,,,,1,1,-99,-99,-99,-99,-99,-99,-99,-99,-99,-99,,-99,-99,-99,-99,-99,-99,-99,-99,-99,-99,1,SE RESERVA,2,,-99,-99,-99,-99,-99,-99,-99,,2,,-99,-99,-99,-99,-99,-99,-99,,3,5,,2,,1,2,,,4,2,10,7,8,10,1,1,2,1,5,,2,2,0,0,0,2,,73,4,4,1,1,1,,1,,anapra
5084,2,3,2,1,No hay ninguna persona en nivel basico,,3,No hay ninguna persona en educacion media,,3,5,infraestructura,1,1,2,1,1,2,1,2,2,2,2,2,2,2,2,2,1,-99,-99,-99,-99,-99,-99,,-99,1,,10,8,3,8,8,6,10,8,9,8,5,5,4,3,0,,8,5,1,1,9,8,2,2,0,,8,8,8,2,0,,5,2,0,,8,6,5,5,5,5,5,5,7,5,5,4,5,5,5,la x,La X,1,1,0,0,1,1,-99,-99,-99,-99,-99,-99,-99,-99,1,1,-99,,-99,-99,-99,-99,-99,-99,-99,1,1,1,-99,,1,5,1,-99,1,-99,-99,-99,-99,,1,8,-99,-99,-99,-99,-99,-99,-99,,3,5,,15,,1,2,,,3,1,8,8,5,5,2,1,1,2,5,,2,2,0,0,0,2,,25,1,6,8,1,2,,4,,anapra
5084,2,2,2,1,No hay ninguna persona en nivel basico,,3,9,,1,No hay ninguna persona en educacion superior,,3,1,1,1,1,2,2,2,2,1,2,2,1,1,1,1,1,-99,-99,-99,-99,-99,-99,,-99,1,,5,7,6,8,7,5,10,10,9,10,5,9,5,2,0,,6,3,2,0,,10,3,2,0,,6,7,5,2,0,,1,2,0,,5,3,5,4,3,3,4,0,6,0,3,3,2,2,1,lax,La X,1,1,1,0,0,2,-99,-99,-99,-99,-99,-99,-99,-99,-99,-99,-99,,-99,-99,-99,-99,-99,-99,-99,1,-99,-99,-99,,1,4,-99,-99,-99,1,1,-99,-99,,2,,-99,-99,-99,-99,-99,-99,-99,,2,5,,2,,1,2,,,4,6,5,4,2,4,2,1,1,2,2,,1,0,3,3,2,1,,47,3,1,4,1,1,,3,,anapra
5084,2,2,2,1,8,,1,No hay ninguna persona en educacion media,,3,No hay ninguna persona en educacion superior,,3,1,2,2,2,2,2,2,2,2,2,2,2,2,2,1,1,-99,-99,-99,-99,-99,-99,,-99,1,,7,9,9,5,9,9,9,8,7,9,10,10,5,2,0,,7,2,1,1,8,10,3,2,0,,10,10,8,2,0,,7,2,0,,6,5,4,5,5,3,0,0,10,3,0,4,4,4,2,la x,La X,0,2,,,,2,-99,-99,-99,-99,-99,-99,-99,-99,-99,-99,-99,,-99,-99,-99,-99,-99,-99,-99,-99,1,-99,-99,,1,4,-99,-99,-99,1,1,-99,-99,,2,,-99,-99,-99,-99,-99,-99,-99,,3,18,,7,,3,2,,,3,9,5,5,5,4,2,1,2,2,6,,2,2,0,0,0,1,,40,2,1,2,1,2,,3,,anapra
5084,2,3,2,1,8,,1,No hay ninguna persona en educacion media,,3,9,,1,2,2,2,2,2,1,2,2,2,2,2,2,2,2,2,1,-99,-99,1,-99,-99,-99,,-99,4,,8,8,7,7,8,9,9,9,9,10,6,7,7,2,0,,10,4,2,0,,8,2,2,0,,9,9,7,2,0,,6,2,0,,7,6,7,6,6,6,8,11,8,5,6,4,3,3,3,la x,La X,3,1,1,0,0,1,-99,-99,-99,-99,-99,-99,-99,1,1,-99,-99,,-99,-99,-99,-99,-99,-99,-99,1,1,-99,-99,,1,7,-99,1,-99,-99,-99,-99,-99,,2,,-99,-99,-99,-99,-99,-99,-99,,3,9,,2,,1,2,,,3,2,7,6,5,6,2,2,2,1,5,,2,2,0,0,0,1,,20,1,6,7,2,19,,19,,rancho anapra
5084,2,2,2,1,8,,1,No hay ninguna persona en educacion media,,3,No hay ninguna persona en educacion superior,,3,2,2,2,2,1,2,2,2,2,2,2,2,2,2,2,-99,-99,-99,1,-99,-99,-99,,-99,4,,9,9,7,7,7,7,9,9,6,7,5,8,7,2,0,,10,2,2,0,,8,2,2,0,,7,7,6,2,0,,5,2,0,,7,5,7,7,7,7,6,11,7,5,7,4,3,3,2,la x,La X,3,2,0,0,0,1,-99,-99,-99,-99,-99,-99,-99,1,-99,-99,-99,,-99,-99,-99,-99,-99,-99,-99,1,-99,-99,-99,,2,,-99,-99,-99,-99,-99,-99,-99,,2,,-99,-99,-99,-99,-99,-99,-99,,4,5,,15,,1,2,,,3,2,7,7,7,8,2,2,2,1,2,,2,2,0,0,0,2,,39,2,2,4,1,2,,2,,puerto anapra
5084,2,3,1,2,,,0,,,0,,,0,2,1,2,2,2,2,2,2,2,2,2,2,2,2,2,-99,-99,-99,-99,1,-99,-99,,-99,5,,10,9,6,9,10,9,10,10,10,9,6,10,7,2,0,,8,1,2,0,,9,2,2,0,,9,9,7,2,0,,5,2,0,,9,2,8,8,5,6,5,11,9,6,8,4,2,2,2,la x,La X,2,2,,,,2,-99,-99,-99,-99,-99,-99,-99,-99,-99,-99,-99,,-99,-99,-99,-99,-99,-99,-99,1,-99,-99,-99,,2,,-99,-99,-99,-99,-99,-99,-99,,2,,-99,-99,-99,-99,-99,-99,-99,,3,2,,9,,1,2,,,3,2,6,6,6,7,2,2,2,2,2,,2,2,0,0,0,1,,35,2,1,6,2,19,,19,,puerto anapra
5084,2,1,2,1,No hay ninguna persona en nivel basico,,3,No hay ninguna persona en educacion media,,3,7,,1,1,1,1,1,2,1,2,1,1,2,2,2,2,1,1,-99,1,-99,-99,-99,-99,-99,,-99,2,,8,7,7,9,9,7,9,8,8,6,3,7,1,1,2,1,6,3,1,1,10,10,3,2,0,,8,8,7,2,0,,5,2,0,,6,6,7,8,6,6,8,11,9,0,0,4,5,5,2,monumento a juarez,El monumento a Benito Juárez,3,2,,,,1,1,-99,-99,-99,-99,-99,-99,-99,-99,-99,-99,,-99,-99,-99,-99,-99,-99,-99,1,-99,-99,-99,,2,,-99,-99,-99,-99,-99,-99,-99,,2,,-99,-99,-99,-99,-99,-99,-99,,4,5,,15,,1,2,,,3,9,5,5,4,3,2,2,2,2,2,,2,2,0,0,0,2,,41,2,2,6,1,3,,4,,puerto anapra
5084,2,2,3,1,8,,1,No hay ninguna persona en educacion media,,3,No hay ninguna persona en educacion superior,,3,1,1,1,1,2,2,2,2,2,2,2,2,2,2,2,-99,-99,1,-99,-99,-99,-99,,-99,3,,2,5,1,1,4,8,9,9,9,9,8,8,7,2,0,,8,3,2,0,,9,3,2,0,,8,5,5,2,0,,5,2,0,,5,2,4,4,4,1,4,0,5,4,1,4,2,1,1,la x,La X,1,1,2,0,0,2,-99,-99,-99,-99,-99,-99,-99,-99,-99,-99,-99,,-99,-99,-99,-99,-99,1,-99,-99,-99,-99,-99,,1,1,-99,1,-99,-99,-99,-99,-99,,2,,-99,-99,-99,-99,-99,-99,-99,,2,5,,10,,1,1,municipal,no antiende los llamadas,2,6,3,1,2,1,2,1,2,2,2,,2,2,0,0,0,1,,27,1,1,4,1,2,,2,,puerto anapra
5084,2,3,3,1,9,,1,8,,1,9,,1,1,1,2,1,2,2,2,1,2,2,1,2,2,2,1,-99,-99,-99,-99,1,-99,-99,,-99,5,,9,10,8,11,11,1,8,8,8,7,1,1,,1,2,1,2,2,1,1,2,10,1,2,0,,8,8,8,3,0,,1,2,0,,7,2,1,6,2,1,0,11,8,0,0,4,5,5,4,la x,La X,0,2,,,,1,-99,-99,-99,-99,-99,1,-99,-99,1,-99,-99,,-99,-99,-99,-99,-99,1,-99,-99,1,-99,-99,,1,1,-99,-99,-99,1,1,-99,-99,,2,,-99,-99,-99,-99,-99,-99,-99,,3,5,,1,,4,2,,,3,6,1,1,1,1,1,1,1,2,2,,2,2,0,0,0,1,,52,3,1,4,1,1,,1,,puerto anapra
2978,2,3,1,2,,,0,,,0,,,0,1,1,1,2,2,2,2,2,2,2,2,2,2,2,1,1,-99,-99,-99,-99,-99,-99,,-99,1,,9,9,9,5,9,6,10,9,10,10,10,10,7,2,0,,7,2,2,0,,8,2,2,0,,8,4,5,2,0,,3,2,0,,4,6,7,3,3,3,4,3,4,2,4,4,4,4,4,la x,La X,0,2,,,,1,-99,-99,-99,-99,-99,1,-99,-99,-99,-99,-99,,-99,-99,-99,-99,-99,1,-99,-99,-99,-99,-99,,2,,-99,-99,-99,-99,-99,-99,-99,,2,,-99,-99,-99,-99,-99,-99,-99,,4,7,,5,,1,2,,,2,2,9,8,6,9,2,1,1,1,5,,2,2,0,0,0,2,,78,4,8,1,1,1,,1,,Felipe angeles
2978,2,4,1,2,,,0,,,0,,,0,1,1,1,1,2,2,2,2,1,2,2,2,2,2,1,1,-99,-99,-99,-99,-99,-99,,-99,1,,9,9,5,7,9,10,10,10,10,10,10,10,7,2,0,,10,4,2,0,,10,3,2,0,,6,9,10,2,0,,2,2,0,,10,8,5,4,7,8,8,4,5,3,10,4,4,4,4,Benito Juárez,El monumento a Benito Juárez,1,1,2,2,2,1,-99,-99,-99,1,-99,-99,-99,-99,-99,-99,-99,,-99,-99,-99,-99,-99,-99,-99,1,-99,-99,-99,,2,,-99,-99,-99,-99,-99,-99,-99,,2,,-99,-99,-99,-99,-99,-99,-99,,4,5,,7,,1,2,,,3,1,10,10,5,10,1,1,2,1,1,,2,2,0,0,0,2,,40,2,2,2,1,1,,1,,Felipe angeles
2978,2,1,3,2,,,0,,,0,,,0,2,2,2,2,2,2,2,2,2,2,2,2,2,2,2,-99,-99,-99,1,-99,-99,-99,,-99,4,,10,10,9,10,9,9,10,8,9,9,7,10,7,2,0,,7,5,2,0,,10,3,2,0,,8,7,3,2,0,,3,2,0,,9,2,1,4,3,4,0,2,4,5,2,4,5,5,4,la x,La X,0,2,,,,1,1,-99,-99,-99,-99,-99,-99,-99,1,-99,-99,,1,-99,-99,-99,-99,-99,-99,-99,1,-99,-99,,1,5,-99,1,-99,-99,-99,-99,-99,,2,,-99,-99,-99,-99,-99,-99,-99,,3,5,,16,,1,2,,,1,10,8,2,2,10,2,2,1,1,7,baches,2,2,0,0,0,2,,51,3,2,2,1,1,,1,,felipe angeles
2978,2,3,2,1,8,,1,No hay ninguna persona en educacion media,,3,No hay ninguna persona en educacion superior,,3,1,2,1,2,2,2,2,2,2,1,2,2,2,2,1,1,-99,-99,1,-99,-99,-99,,-99,4,,10,8,9,10,10,9,10,7,9,9,7,10,7,2,0,,9,5,2,0,,10,3,2,0,,8,10,9,2,0,,9,2,0,,9,2,2,4,4,3,1,2,8,3,2,4,4,5,5,el cigarro,El cigarro,0,2,,,,2,-99,-99,-99,-99,-99,-99,-99,-99,-99,-99,-99,,-99,-99,-99,-99,-99,-99,-99,-99,1,-99,-99,,1,8,-99,-99,-99,-99,-99,-99,-99,,2,,-99,-99,-99,-99,-99,-99,-99,,3,5,,15,,1,2,,,3,9,9,3,5,10,2,1,2,2,3,,2,2,0,0,0,2,,73,4,8,3,1,3,bimestral,3,bimestral,felipe angeles
2978,2,2,3,2,,,0,,,0,,,0,2,1,2,1,2,2,2,2,2,2,2,2,2,2,1,-99,-99,-99,1,-99,-99,-99,,-99,4,,8,9,9,10,10,8,10,10,10,8,10,10,7,2,0,,8,3,2,0,,10,3,2,0,,8,10,5,2,0,,1,2,0,,5,2,2,9,2,3,0,0,3,2,1,4,3,2,5,el chamisal,El Chamizal,1,2,,,,1,-99,-99,-99,-99,-99,-99,-99,-99,1,1,-99,,-99,-99,-99,-99,-99,-99,-99,-99,1,1,-99,,1,4,1,-99,-99,-99,-99,-99,-99,,1,10,-99,-99,-99,-99,-99,-99,-99,,3,2,,5,,3,2,,,1,9,10,5,5,10,2,1,2,2,2,,2,2,0,0,0,2,,74,4,8,2,1,5,,5,,felipe angeles
2978,2,3,2,2,,,0,,,0,,,0,2,2,2,2,1,2,2,2,2,2,2,2,2,2,2,-99,-99,-99,-99,-99,1,-99,,-99,6,,,,,,,,10,10,10,10,10,10,7,2,0,,10,5,2,0,,9,3,2,0,,10,10,10,2,0,,7,2,0,,8,5,6,6,7,4,8,0,8,3,7,4,5,5,5,benito juarez,El monumento a Benito Juárez,2,2,,,,1,-99,-99,-99,-99,-99,-99,-99,1,-99,-99,-99,,-99,-99,-99,-99,-99,-99,-99,1,-99,-99,-99,,2,,-99,-99,-99,-99,-99,-99,-99,,2,,-99,-99,-99,-99,-99,-99,-99,,4,5,,2,,1,2,,,1,1,9,8,8,10,2,2,2,2,1,,2,2,0,0,0,2,,74,4,2,1,1,3,,3,,felipe angeles
2978,2,2,2,1,10,,1,No hay ninguna persona en educacion media,,3,No hay ninguna persona en educacion superior,,3,1,2,2,2,2,2,2,2,2,2,2,2,2,2,2,1,-99,-99,-99,-99,-99,-99,,-99,1,,10,9,9,10,9,7,10,10,9,7,10,10,7,2,0,,10,5,2,0,,10,3,2,0,,9,9,7,2,0,,7,2,0,,5,5,6,8,3,8,11,11,11,7,9,4,3,3,3,la rodadora,La Rodadora,0,1,1,0,0,2,-99,-99,-99,-99,-99,-99,-99,-99,-99,-99,-99,,-99,-99,-99,-99,1,-99,-99,-99,-99,-99,-99,,2,,-99,-99,-99,-99,-99,-99,-99,,2,,-99,-99,-99,-99,-99,-99,-99,,3,2,,6,,1,2,,,1,2,7,6,5,7,2,2,2,2,2,,2,2,0,0,0,2,,65,4,1,2,1,4,,19,,felipe angeles
2978,2,3,2,1,9,,1,9,,1,No hay ninguna persona en educacion superior,,3,2,2,1,2,2,2,2,2,2,2,2,2,2,2,2,1,-99,-99,-99,-99,-99,-99,,-99,1,,10,8,4,7,8,9,10,10,8,6,10,10,7,2,0,,10,5,2,0,,8,3,2,0,,7,9,8,2,0,,3,2,0,,8,7,6,7,5,7,5,11,11,6,9,4,3,3,4,monumento benito juarez,El monumento a Benito Juárez,0,2,,,,2,-99,-99,-99,-99,-99,-99,-99,-99,-99,-99,-99,,-99,-99,-99,-99,-99,-99,-99,-99,-99,-99,1,SE RESERVA,2,,-99,-99,-99,-99,-99,-99,-99,,2,,-99,-99,-99,-99,-99,-99,-99,,4,2,,5,,1,2,,,1,1,5,5,5,6,2,2,2,2,2,,2,2,0,0,0,1,,60,4,8,4,1,4,,19,,felipe angeles
2978,2,1,3,2,,,0,,,0,,,0,1,1,1,1,1,1,2,2,1,1,1,1,1,1,1,-99,1,-99,1,-99,-99,-99,,-99,4,,9,8,9,7,8,6,10,8,9,8,8,8,7,2,0,,8,3,2,0,,3,3,2,0,,8,8,9,2,0,,2,1,1,8,7,9,8,5,7,2,7,0,7,8,10,4,5,5,5,el monumento,El monumento a Benito Juárez,0,2,,,,1,-99,-99,-99,-99,-99,-99,-99,-99,1,-99,-99,,-99,-99,-99,-99,-99,-99,-99,-99,1,-99,-99,,1,9,-99,-99,-99,-99,-99,-99,-99,,2,,-99,-99,-99,-99,-99,-99,-99,,4,5,,2,,1,2,,,3,6,9,8,7,8,1,1,2,1,4,,1,0,1,1,1,2,,70,4,9,2,1,1,,1,,felipe angeles
2978,2,1,2,2,,,0,,,0,,,0,1,2,2,2,2,2,2,2,2,2,2,2,2,2,2,-99,-99,1,1,-99,-99,-99,,-99,4,,10,10,6,10,10,5,10,10,10,7,10,1,7,2,0,,10,4,2,0,,10,3,2,0,,10,10,4,2,0,,1,1,2,1,1,11,0,0,0,0,0,11,11,0,0,4,2,2,2,monumento a beniito juarez,El monumento a Benito Juárez,1,2,,,,1,-99,-99,-99,-99,-99,-99,-99,1,-99,-99,-99,,-99,-99,-99,-99,-99,-99,-99,1,-99,-99,-99,,2,,-99,-99,-99,-99,-99,-99,-99,,2,,-99,-99,-99,-99,-99,-99,-99,,3,5,,10,,1,2,,,3,11,1,1,10,6,1,1,2,2,2,,2,2,0,0,0,1,,75,4,9,3,1,1,,1,,felipe angeles
2959,2,2,3,1,8,,1,No hay ninguna persona en educacion media,,3,No hay ninguna persona en educacion superior,,3,2,1,1,2,2,2,2,2,2,2,2,2,2,2,2,1,-99,-99,-99,-99,-99,-99,,-99,1,,5,5,5,3,5,6,7,6,7,6,5,5,7,2,0,,6,5,2,0,,7,2,2,0,,5,5,5,2,0,,6,2,0,,5,5,5,7,7,5,5,6,5,8,1,4,3,3,4,no conece ninguno,NINGUNO,1,2,,,,2,-99,-99,-99,-99,-99,-99,-99,-99,-99,-99,-99,,-99,-99,-99,-99,-99,-99,-99,1,-99,-99,-99,,2,,-99,-99,-99,-99,-99,-99,-99,,2,,-99,-99,-99,-99,-99,-99,-99,,2,4,,3,,3,2,,,1,9,6,6,5,5,2,2,2,2,4,,2,2,0,0,0,2,,67,4,4,3,1,3,,3,,felipe angeles
2959,2,5,2,2,,,0,,,0,,,0,1,1,1,1,2,2,2,2,1,2,2,2,2,2,1,-99,-99,-99,-99,-99,1,-99,,-99,6,,,,,,,,10,10,10,10,10,10,7,1,1,10,10,4,2,0,,10,3,2,0,,10,10,9,2,0,,7,2,0,,10,11,0,0,0,0,10,11,10,10,11,4,5,5,5,benito juarez,El monumento a Benito Juárez,0,2,,,,1,-99,-99,-99,-99,-99,-99,-99,-99,-99,-99,1,SE RESERVA,-99,-99,-99,-99,-99,-99,-99,-99,-99,-99,1,SE RESERVA,2,,-99,-99,-99,-99,-99,-99,-99,,2,,-99,-99,-99,-99,-99,-99,-99,,4,9,,10,,1,2,,,3,9,10,5,10,10,2,2,2,2,2,,2,2,0,0,0,1,,77,4,2,3,1,1,,1,,felipe angeles
2959,2,3,2,1,10,,1,10,,1,No hay ninguna persona en educacion superior,,3,1,1,1,1,2,1,1,1,1,1,2,2,2,1,1,1,-99,-99,-99,-99,-99,-99,,-99,1,,10,10,8,10,10,9,9,9,7,7,10,9,7,2,0,,8,5,2,0,,10,3,2,0,,8,8,9,2,0,,1,2,0,,6,3,8,6,8,2,5,8,9,9,2,2,4,4,4,la x,La X,1,2,,,,1,1,-99,-99,-99,-99,-99,-99,-99,-99,-99,-99,,-99,-99,-99,-99,-99,-99,-99,1,-99,-99,-99,,2,,-99,-99,-99,-99,-99,-99,-99,,2,,-99,-99,-99,-99,-99,-99,-99,,3,7,,5,,1,1,municipal,sobornos,3,2,10,5,7,10,1,1,2,1,5,,2,2,0,0,0,2,,22,1,2,4,1,1,,1,,flipe angeles
2959,2,4,2,1,9,,1,9,,1,No hay ninguna persona en educacion superior,,3,1,1,1,1,1,1,1,1,1,1,1,1,2,1,2,1,-99,-99,-99,-99,-99,-99,,-99,1,,10,10,5,10,5,10,5,7,10,10,5,3,5,2,0,,6,4,1,1,10,10,3,2,0,,10,5,5,2,0,,4,2,0,,5,4,4,6,4,5,6,5,1,3,0,4,3,3,1,la x,La X,2,2,,,,1,-99,-99,-99,-99,-99,-99,1,-99,-99,-99,-99,,-99,-99,-99,-99,-99,-99,1,-99,-99,-99,-99,,2,,-99,-99,-99,-99,-99,-99,-99,,2,,-99,-99,-99,-99,-99,-99,-99,,4,2,,6,,1,2,,,3,1,9,6,5,3,2,1,2,2,2,,2,2,0,0,0,2,,25,1,2,6,1,2,,2,,franja de el rio
2959,2,3,2,1,10,,1,No hay ninguna persona en educacion media,,3,No hay ninguna persona en educacion superior,,3,2,2,1,2,2,2,2,2,2,2,2,2,2,2,2,1,-99,-99,-99,-99,-99,-99,,-99,1,,5,9,10,8,10,7,10,10,10,7,10,10,7,2,0,,2,2,2,0,,10,3,2,0,,10,10,6,2,0,,5,2,0,,8,2,6,6,6,8,6,11,11,6,6,4,3,3,3,Monumento,El monumento a Benito Juárez,2,1,1,0,0,2,-99,-99,-99,-99,-99,-99,-99,-99,-99,-99,-99,,-99,-99,-99,-99,-99,-99,-99,1,-99,-99,-99,,2,,-99,-99,-99,-99,-99,-99,-99,,2,,-99,-99,-99,-99,-99,-99,-99,,3,2,,15,,1,2,,,1,11,7,7,7,7,2,2,2,2,6,,2,2,0,0,0,1,,60,4,1,4,1,2,,2,,felipe angeles
2959,2,4,1,2,,,0,,,0,,,0,2,2,1,2,2,2,2,2,2,2,2,2,2,2,2,-99,-99,1,-99,-99,-99,-99,,-99,3,,10,10,10,10,10,9,10,10,10,10,10,10,7,2,0,,1,5,2,0,,10,3,2,0,,9,10,9,2,0,,3,2,0,,6,5,8,8,8,8,11,11,9,9,7,4,3,3,3,la catedral,La Catedral,1,2,,,,1,-99,-99,-99,-99,-99,-99,-99,1,-99,-99,-99,,-99,-99,-99,-99,-99,-99,-99,1,-99,-99,-99,,2,,-99,-99,-99,-99,-99,-99,-99,,2,,-99,-99,-99,-99,-99,-99,-99,,4,5,,5,,1,2,,,4,2,7,6,5,3,2,2,2,1,2,,2,2,0,0,0,1,,75,4,1,2,1,2,,19,,felipe angeles
2959,2,1,3,2,,,0,,,0,,,0,1,1,2,1,2,2,2,2,2,2,2,2,2,2,2,-99,-99,-99,1,-99,-99,-99,,-99,4,,5,6,7,3,9,6,9,9,10,9,7,5,4,2,0,,9,5,2,0,,10,3,2,0,,9,8,7,2,0,,5,2,0,,7,3,2,4,1,2,0,2,5,4,4,3,3,2,3,juan gabiel cass,La casa de Juan Gabriel,0,2,,,,1,1,-99,-99,-99,-99,-99,-99,-99,1,-99,-99,,-99,-99,-99,-99,-99,-99,-99,-99,1,-99,-99,,1,6,-99,-99,-99,1,1,-99,-99,,2,,-99,-99,-99,-99,-99,-99,-99,,4,15,,4,,3,2,,,3,6,8,4,5,5,1,1,1,1,6,,2,2,0,0,0,2,,41,2,2,1,1,1,,2,,felipe angeles
2959,2,2,3,2,,,0,,,0,,,0,1,2,1,1,2,2,2,2,1,2,2,1,2,2,1,-99,-99,-99,1,-99,-99,-99,,-99,4,,8,10,9,9,10,10,8,6,8,10,6,9,7,2,0,,7,4,1,1,6,10,3,2,0,,7,9,2,2,0,,2,2,0,,3,3,2,3,3,2,0,0,9,5,7,4,5,3,3,la ex aduana,El museo de la Ex-Aduana,0,2,,,,2,-99,-99,-99,-99,-99,-99,-99,-99,-99,-99,-99,,-99,-99,-99,-99,-99,-99,-99,-99,1,-99,-99,,1,4,-99,1,-99,-99,-99,1,-99,,2,,-99,-99,-99,-99,-99,-99,-99,,3,5,,19,precios altos,1,2,,,3,6,8,3,4,8,1,1,1,1,7,pavimentación,2,2,0,0,0,2,,82,4,7,2,1,3,bimestral,3,bimestral,felipe angeles
2959,2,5,2,1,10,,1,No hay ninguna persona en educacion media,,3,No hay ninguna persona en educacion superior,,3,1,1,2,1,2,2,2,2,2,2,2,2,2,1,1,1,-99,-99,-99,-99,-99,-99,,-99,1,,10,8,5,5,10,10,5,7,8,8,3,1,7,2,0,,10,2,2,0,,10,3,2,0,,7,7,7,2,0,,1,2,0,,1,6,6,10,10,10,11,8,9,5,0,4,4,4,5,monumeno a benito juarez,El monumento a Benito Juárez,0,2,,,,1,-99,-99,-99,-99,-99,-99,-99,-99,1,1,-99,,-99,-99,-99,-99,-99,-99,-99,-99,1,1,-99,,1,8,-99,-99,-99,-99,-99,-99,-99,,1,10,-99,-99,-99,-99,-99,-99,-99,,4,2,,5,,1,2,,,1,1,8,8,2,9,2,2,1,1,5,,1,0,2,2,2,1,,69,4,1,3,1,1,,2,,felipe qngeles
2959,2,3,2,2,,,0,,,0,,,0,1,2,1,2,2,2,2,2,2,2,2,2,2,2,2,1,-99,-99,-99,1,-99,-99,,-99,5,,8,8,6,8,8,8,10,8,10,8,6,6,7,3,0,,8,3,2,0,,8,3,2,0,,8,8,7,2,0,,5,2,0,,8,6,6,6,6,7,8,7,8,5,4,3,2,2,2,monumento a benito juarez,El monumento a Benito Juárez,1,1,2,1,0,2,-99,-99,-99,-99,-99,-99,-99,-99,-99,-99,-99,,-99,-99,-99,-99,-99,-99,-99,1,-99,-99,-99,,2,,-99,-99,-99,-99,-99,-99,-99,,2,,-99,-99,-99,-99,-99,-99,-99,,4,5,,15,,1,2,,,3,6,7,7,5,6,2,2,2,1,5,,2,2,0,0,0,2,,65,4,1,4,1,1,,1,,franja del rio
3618,3,4,2,2,,,0,,,0,,,0,1,2,2,2,2,2,2,2,2,2,2,2,2,2,2,1,-99,-99,-99,-99,-99,-99,,-99,1,,10,10,5,10,10,10,10,10,10,10,10,10,7,2,0,,10,5,2,0,,10,2,2,0,,6,6,10,2,0,,10,2,0,,8,10,3,7,8,8,10,8,7,10,10,4,4,4,4,la x,La X,1,2,,,,2,-99,-99,-99,-99,-99,-99,-99,-99,-99,-99,-99,,-99,-99,-99,-99,-99,-99,-99,1,-99,-99,-99,,2,,-99,-99,-99,-99,-99,-99,-99,,2,,-99,-99,-99,-99,-99,-99,-99,,4,9,,2,,3,2,,,2,9,7,6,8,8,2,1,1,1,2,,2,2,0,0,0,1,,62,4,1,7,1,1,,1,,aroyo colorado
3618,3,2,2,1,8,,1,9,,1,No hay ninguna persona en educacion superior,,3,1,1,2,2,2,2,2,2,2,2,2,2,2,2,1,1,-99,-99,1,-99,-99,-99,,-99,4,,10,10,7,10,10,10,10,10,8,10,10,10,7,2,0,,5,1,2,0,,10,2,2,0,,10,10,4,2,0,,1,2,0,,1,4,7,8,3,2,8,6,5,8,9,4,4,4,2,la x,La X,2,2,,,,2,-99,-99,-99,-99,-99,-99,-99,-99,-99,-99,-99,,1,-99,-99,-99,-99,-99,-99,-99,-99,-99,-99,,2,,-99,-99,-99,-99,-99,-99,-99,,2,,-99,-99,-99,-99,-99,-99,-99,,4,5,,2,,1,2,,,5,2,9,3,5,9,2,1,1,2,6,,2,2,0,0,0,1,,71,4,1,4,1,1,,1,,arroyo colorado
3618,3,3,2,1,No hay ninguna persona en nivel basico,,3,No hay ninguna persona en educacion media,,3,10,,2,2,2,2,1,2,2,2,2,2,2,2,2,2,2,2,-99,-99,-99,1,-99,-99,-99,,-99,4,,8,6,9,8,8,6,10,10,7,7,10,7,7,2,0,,6,4,2,0,,10,3,2,0,,8,8,9,2,0,,7,2,0,,9,8,7,6,6,6,7,11,11,7,10,3,3,3,3,monumento benito Juárez,El monumento a Benito Juárez,1,1,2,0,0,2,-99,-99,-99,-99,-99,-99,-99,-99,-99,-99,-99,,-99,-99,-99,-99,-99,-99,-99,1,-99,-99,-99,,2,,-99,-99,-99,-99,-99,-99,-99,,2,,-99,-99,-99,-99,-99,-99,-99,,3,5,,2,,1,2,,,3,2,7,6,9,3,1,2,2,1,3,,2,2,0,0,0,1,,51,3,1,4,2,19,,2,,durango
3618,3,3,1,1,10,,1,No hay ninguna persona en educacion media,,3,No hay ninguna persona en educacion superior,,3,2,2,2,1,2,2,2,2,2,2,2,2,2,2,2,1,-99,-99,-99,-99,-99,-99,,-99,1,,10,8,7,6,7,7,10,10,10,10,10,9,7,2,0,,10,4,2,0,,9,3,2,0,,8,8,8,2,0,,6,2,0,,6,5,6,6,7,6,1,11,11,7,2,4,3,3,3,la x,La X,1,1,11,0,0,2,-99,-99,-99,-99,-99,-99,-99,-99,-99,-99,-99,,-99,-99,-99,-99,-99,-99,-99,1,-99,-99,-99,,2,,-99,-99,-99,-99,-99,-99,-99,,2,,-99,-99,-99,-99,-99,-99,-99,,3,2,,5,,1,2,,,2,1,7,5,7,7,2,2,2,1,6,,2,2,0,0,0,1,,33,2,1,10,1,2,,19,,duango
3618,3,2,1,1,No hay ninguna persona en nivel basico,,3,8,,1,7,,1,1,1,1,1,1,2,2,2,2,2,2,2,1,1,1,1,-99,-99,-99,1,-99,-99,,-99,5,,10,10,10,10,10,2,10,9,8,7,10,1,7,2,0,,8,4,1,1,9,1,2,2,0,,4,1,5,2,0,,5,2,0,,8,6,5,4,6,1,2,0,8,7,8,4,2,1,2,parque central,El parque central,0,2,,,,1,-99,-99,-99,-99,-99,1,-99,-99,1,-99,-99,,-99,-99,-99,-99,-99,1,-99,1,1,-99,-99,,1,4,-99,-99,1,1,-99,-99,-99,,2,,-99,-99,-99,-99,-99,-99,-99,,3,5,,12,,3,2,,,4,10,1,2,1,8,2,2,2,2,5,,2,2,0,0,0,1,,18,1,1,9,1,2,,8,,durango
3618,3,1,3,1,9,,1,No hay ninguna persona en educacion media,,3,No hay ninguna persona en educacion superior,,3,1,1,1,1,2,2,2,2,2,2,2,2,2,2,1,-99,-99,1,1,-99,-99,-99,,-99,4,,10,8,5,8,8,10,10,6,10,10,10,10,7,2,0,,5,5,2,0,,5,3,2,0,,5,8,6,2,0,,5,2,0,,8,10,8,8,8,5,5,5,8,6,5,3,4,3,1,el monumento,El monumento a Benito Juárez,1,1,1,0,0,1,-99,-99,-99,-99,-99,-99,-99,-99,1,-99,-99,,-99,-99,-99,-99,-99,-99,-99,-99,1,-99,-99,,1,5,-99,1,-99,-99,-99,-99,-99,,2,,-99,-99,-99,-99,-99,-99,-99,,3,5,,19,trabajo,1,2,,,4,10,5,5,1,2,1,1,2,2,4,,2,2,0,0,0,1,,29,1,2,4,1,4,,6,,durango
3618,3,3,1,1,1,maestos mas preparados,1,No hay ninguna persona en educacion media,,3,No hay ninguna persona en educacion superior,,3,1,1,1,1,2,2,2,2,2,2,2,2,2,2,2,-99,-99,1,-99,1,-99,-99,,-99,5,,10,10,10,10,10,10,10,10,10,10,10,10,7,2,0,,10,5,2,0,,10,2,2,0,,10,10,10,2,0,,1,2,0,,1,1,1,10,1,1,1,11,11,1,1,4,5,5,5,la x,La X,1,1,2,0,0,2,-99,-99,-99,-99,-99,-99,-99,-99,-99,-99,-99,,-99,-99,-99,-99,-99,-99,-99,1,-99,-99,-99,,2,,-99,-99,-99,-99,-99,-99,-99,,2,,-99,-99,-99,-99,-99,-99,-99,,4,5,,7,,1,2,,,3,2,5,5,5,5,2,1,2,2,6,,2,2,0,0,0,1,,33,2,1,4,1,2,,1,,durango
3618,3,3,2,1,9,,1,No hay ninguna persona en educacion media,,3,No hay ninguna persona en educacion superior,,3,1,1,1,1,2,1,2,2,1,2,2,1,2,1,1,1,-99,-99,-99,-99,-99,-99,,-99,1,,8,7,8,7,9,5,7,9,7,10,6,7,7,2,0,,8,3,2,0,,9,3,2,0,,6,8,7,2,0,,6,2,0,,8,10,9,10,9,8,7,8,5,7,6,1,4,5,5,la catedral,La Catedral,0,2,,,,1,-99,-99,-99,-99,-99,-99,-99,-99,1,-99,-99,,-99,-99,-99,-99,-99,-99,-99,-99,1,-99,-99,,1,5,-99,1,-99,-99,-99,-99,-99,,2,,-99,-99,-99,-99,-99,-99,-99,,4,5,,7,,3,2,,,3,2,10,7,7,5,1,1,2,1,6,,2,2,0,0,0,2,,20,1,2,7,1,1,,4,,durango
3618,3,3,1,1,10,,1,10,,1,10,,1,1,1,1,1,2,2,2,2,2,1,2,1,2,1,1,1,-99,-99,-99,-99,-99,-99,,-99,1,,8,8,1,6,10,10,10,10,10,10,8,5,7,2,0,,8,2,2,0,,10,3,2,0,,10,10,10,2,0,,5,2,0,,10,10,8,8,5,5,5,11,8,8,8,3,2,5,1,el monumento,El monumento a Benito Juárez,1,1,3,0,0,1,-99,-99,-99,-99,-99,-99,-99,1,-99,-99,-99,,-99,-99,-99,-99,-99,-99,-99,1,-99,-99,-99,,2,,-99,-99,-99,-99,-99,-99,-99,,2,,-99,-99,-99,-99,-99,-99,-99,,4,5,,7,,1,2,,,1,1,5,5,1,3,2,1,1,1,2,,2,1,2,2,2,1,,31,2,1,2,1,1,,3,,colonia durango
3618,3,4,2,2,,,0,,,0,,,0,1,1,1,1,1,1,2,1,1,2,2,2,2,1,2,-99,-99,-99,1,1,-99,-99,,-99,4,,7,7,7,10,10,10,10,10,10,10,10,10,7,2,0,,10,4,2,0,,10,3,2,0,,10,10,10,2,0,,5,2,0,,10,10,10,10,10,10,10,11,10,5,5,4,3,4,5,la x,La X,1,2,,,,1,-99,-99,-99,-99,-99,-99,-99,-99,1,-99,-99,,-99,-99,-99,-99,-99,1,-99,-99,1,-99,-99,,1,1,-99,-99,-99,-99,1,-99,-99,,2,,-99,-99,-99,-99,-99,-99,-99,,4,5,,11,,2,2,,,1,9,10,10,1,10,2,2,2,2,2,,2,2,0,0,0,2,,45,3,2,2,1,1,,2,,colonia durango
4777,7,2,2,2,,,0,,,0,,,0,1,2,2,2,2,2,2,2,2,2,2,2,2,2,2,-99,1,-99,-99,1,-99,-99,,-99,5,,6,6,5,6,6,9,8,8,6,7,8,8,7,2,0,,8,4,2,0,,9,3,2,0,,10,10,5,2,0,,5,2,0,,8,1,7,7,7,5,9,11,11,6,4,1,3,3,3,el monumento,El monumento a Benito Juárez,2,2,,,,1,-99,-99,-99,-99,-99,-99,-99,1,-99,-99,-99,,-99,-99,-99,-99,-99,-99,-99,1,-99,-99,-99,,2,,-99,-99,-99,-99,-99,-99,-99,,2,,-99,-99,-99,-99,-99,-99,-99,,4,7,,5,,1,2,,,3,3,6,7,5,7,2,2,2,1,1,,2,2,0,0,0,1,,57,3,2,10,2,19,,19,,heroes de la revolucion
4777,7,3,3,2,,,0,,,0,,,0,1,2,2,2,2,2,2,2,2,2,2,2,2,2,2,1,-99,-99,-99,-99,-99,-99,,-99,1,,6,7,1,1,5,6,8,8,8,7,9,8,7,2,0,,8,1,2,0,,10,3,2,0,,9,10,9,2,0,,4,2,0,,8,2,7,7,7,7,5,11,11,5,5,4,3,3,3,la x,La X,2,2,,,,1,-99,-99,-99,-99,-99,-99,-99,1,-99,-99,-99,,-99,-99,-99,-99,-99,-99,-99,1,-99,-99,-99,,2,,-99,-99,-99,-99,-99,-99,-99,,2,,-99,-99,-99,-99,-99,-99,-99,,3,5,,2,,1,2,,,2,2,6,6,6,7,2,2,2,1,1,,2,2,0,0,0,2,,57,3,2,6,2,19,,19,,heroes de la revlucion
4777,7,3,2,1,No hay ninguna persona en nivel basico,,3,10,,1,No hay ninguna persona en educacion superior,,3,1,2,2,2,2,2,2,2,2,2,2,2,2,2,2,1,-99,-99,-99,-99,-99,-99,,-99,1,,10,10,10,10,10,5,7,10,9,7,9,10,7,2,0,,10,2,2,0,,10,3,2,0,,10,10,9,2,0,,9,2,0,,8,8,7,7,7,4,10,11,11,6,9,4,3,3,3,la x,La X,0,2,,,,1,-99,-99,-99,-99,-99,1,-99,-99,-99,-99,-99,,-99,-99,-99,-99,-99,1,-99,-99,-99,-99,-99,,2,,-99,-99,-99,-99,-99,-99,-99,,2,,-99,-99,-99,-99,-99,-99,-99,,4,2,,7,,4,2,,,3,1,7,7,7,4,2,2,2,2,1,,2,2,0,0,0,2,,53,3,8,4,1,2,,3,,heroes de la revolucion
4777,7,3,3,2,,,0,,,0,,,0,2,2,2,2,2,1,2,2,2,2,2,2,2,2,2,1,-99,-99,-99,-99,-99,-99,,-99,1,,5,5,7,9,8,7,10,5,9,9,10,10,7,2,0,,10,5,2,0,,10,3,2,0,,10,8,8,2,0,,7,2,0,,9,5,6,7,6,7,8,11,9,6,9,4,3,3,3,la x,La X,2,2,,,,1,-99,-99,-99,-99,-99,-99,-99,1,-99,-99,-99,,-99,-99,-99,-99,-99,-99,-99,1,-99,-99,-99,,2,,-99,-99,-99,-99,-99,-99,-99,,2,,-99,-99,-99,-99,-99,-99,-99,,4,2,,5,,1,2,,,3,2,7,7,5,7,2,2,2,2,1,,2,2,0,0,0,2,,50,3,9,4,1,2,,19,,herues de la revolucion
4777,7,3,2,2,,,0,,,0,,,0,2,2,2,1,2,2,2,2,2,2,2,2,2,2,2,1,-99,-99,-99,-99,-99,-99,,-99,1,,8,9,10,9,9,9,10,10,10,6,9,10,7,2,0,,10,4,2,0,,10,3,2,0,,10,10,9,2,0,,5,2,0,,9,5,7,7,4,6,10,11,11,3,8,4,3,3,3,parque central,El Parque Central,1,1,10,1,0,2,-99,-99,-99,-99,-99,-99,-99,-99,-99,-99,-99,,-99,-99,-99,-99,-99,-99,-99,1,-99,-99,-99,,2,,-99,-99,-99,-99,-99,-99,-99,,2,,-99,-99,-99,-99,-99,-99,-99,,3,2,,6,,1,2,,,3,2,7,7,7,5,2,2,2,2,2,,2,2,0,0,0,1,,69,4,1,3,1,19,,19,,heroes de la revolucion
4777,7,3,2,1,10,,1,10,,1,No hay ninguna persona en educacion superior,,3,2,2,1,2,2,2,2,2,2,2,2,2,2,2,2,1,-99,-99,1,-99,-99,-99,,-99,4,,5,5,2,8,5,5,10,8,10,9,10,5,7,2,0,,10,4,2,0,,10,3,2,0,,9,4,4,2,0,,6,2,0,,7,5,6,6,6,5,6,11,7,7,1,3,3,3,3,la x,La X,1,1,1,0,1,1,-99,-99,-99,-99,-99,-99,-99,1,-99,-99,-99,,-99,-99,-99,-99,-99,-99,-99,1,-99,-99,-99,,2,,-99,-99,-99,-99,-99,-99,-99,,2,,-99,-99,-99,-99,-99,-99,-99,,4,2,,7,,1,2,,,1,1,6,7,7,5,2,2,2,1,2,,2,2,0,0,0,2,,53,3,9,4,1,4,,5,,heroes d la revolcon
4777,7,3,2,1,No hay ninguna persona en nivel basico,,3,10,,1,10,,2,2,2,1,2,2,2,2,2,2,2,2,2,2,2,2,1,-99,-99,-99,-99,-99,-99,,-99,1,,7,7,2,1,5,8,10,10,10,10,7,7,7,2,0,,7,2,2,0,,10,3,2,0,,7,7,7,2,0,,4,2,0,,6,5,7,4,7,6,11,11,11,5,4,4,3,3,3,la x,La X,3,1,1,0,0,1,-99,-99,-99,-99,-99,-99,1,-99,-99,-99,-99,,-99,-99,-99,-99,-99,-99,-99,1,-99,-99,-99,,2,,-99,-99,-99,-99,-99,-99,-99,,2,,-99,-99,-99,-99,-99,-99,-99,,4,2,,9,,1,2,,,1,2,5,6,3,3,2,2,2,1,2,,2,2,0,0,0,2,,42,2,9,6,1,3,,4,,heroes de la revolucion
4777,7,3,2,2,,,0,,,0,,,0,1,2,2,2,2,2,2,2,2,2,2,2,2,2,2,1,-99,-99,-99,-99,-99,-99,,-99,1,,10,10,9,9,9,7,10,8,10,7,10,10,7,2,0,,10,4,2,0,,10,3,2,0,,7,9,5,2,0,,8,2,0,,6,4,7,7,8,7,7,11,8,8,9,4,3,3,3,monumento benito Juárez,El monumento a Benito Juárez,1,2,,,,2,-99,-99,-99,-99,-99,-99,-99,-99,-99,-99,-99,,-99,-99,-99,-99,1,-99,-99,-99,-99,-99,-99,,2,,-99,-99,-99,-99,-99,-99,-99,,2,,-99,-99,-99,-99,-99,-99,-99,,3,2,,6,,1,2,,,3,2,2,5,5,5,2,2,2,1,1,,2,2,0,0,0,1,,75,4,8,2,1,2,,19,,heroes de la revolucion
4777,7,3,2,1,10,,1,9,,1,No hay ninguna persona en educacion superior,,3,2,2,2,2,2,1,2,2,2,2,2,2,2,2,2,1,-99,-99,1,-99,-99,-99,,-99,4,,10,9,8,10,10,9,10,10,9,6,5,10,7,2,0,,1,4,2,0,,10,3,2,0,,10,9,9,2,0,,7,2,0,,9,5,7,7,5,5,6,11,11,1,10,4,3,3,3,la x,La X,,1,2,1,0,1,-99,-99,-99,-99,-99,-99,-99,1,-99,-99,-99,,-99,-99,-99,-99,-99,-99,-99,1,-99,-99,-99,,2,,-99,-99,-99,-99,-99,-99,-99,,2,,-99,-99,-99,-99,-99,-99,-99,,4,2,,3,,1,2,,,3,2,7,7,5,5,2,2,2,1,1,,2,2,0,0,0,2,,27,1,9,6,1,2,,19,,heroes dé la revolucion
4777,7,3,3,2,,,0,,,0,,,0,2,2,1,2,2,2,2,2,2,2,2,2,2,2,2,1,-99,-99,-99,-99,-99,-99,,-99,1,,6,6,2,4,5,5,5,5,7,7,7,8,7,2,0,,9,4,2,0,,10,3,2,0,,9,9,9,2,0,,6,2,0,,8,5,6,6,6,6,4,11,11,5,9,4,3,3,3,la x,La X,0,1,0,0,1,1,-99,-99,-99,-99,-99,-99,-99,-99,-99,-99,1,SE RESERVA,-99,-99,-99,-99,-99,-99,-99,-99,-99,-99,1,SE RESERVA,2,,-99,-99,-99,-99,-99,-99,-99,,2,,-99,-99,-99,-99,-99,-99,-99,,4,2,,6,,1,2,,,3,2,6,4,6,5,2,2,2,1,6,,2,2,0,0,0,2,,57,3,9,2,1,1,,19,,heroes de la revolucion
4777,7,3,2,2,,,0,,,0,,,0,2,2,2,1,2,2,2,2,2,2,2,2,2,2,2,1,-99,-99,-99,-99,-99,-99,,-99,1,,8,8,8,8,8,8,9,9,9,9,9,9,7,2,0,,10,5,2,0,,10,3,2,0,,9,10,7,2,0,,8,2,0,,7,4,7,7,5,7,6,11,6,8,9,4,3,3,3,la x,La X,0,2,,,,2,-99,-99,-99,-99,-99,-99,-99,-99,-99,-99,-99,,-99,-99,-99,-99,-99,1,-99,-99,-99,-99,-99,,2,,-99,-99,-99,-99,-99,-99,-99,,2,,-99,-99,-99,-99,-99,-99,-99,,3,5,,2,,1,2,,,3,2,4,6,6,7,2,2,2,1,2,,1,0,1,2,1,1,,67,4,1,3,1,2,,19,,heroes de la revolucion
4777,7,4,1,1,9,,1,10,,1,10,,1,2,2,1,2,2,2,2,2,2,2,2,2,2,2,2,1,-99,-99,-99,-99,-99,-99,,-99,1,,9,9,8,6,9,7,9,9,9,7,5,10,7,2,0,,10,5,2,0,,8,3,2,0,,9,9,8,2,0,,8,2,0,,8,5,7,7,7,7,1,11,8,8,8,4,3,3,3,la x,La X,3,1,2,0,0,2,-99,-99,-99,-99,-99,-99,-99,-99,-99,-99,-99,,-99,-99,-99,-99,-99,-99,-99,1,-99,-99,-99,,2,,-99,-99,-99,-99,-99,-99,-99,,2,,-99,-99,-99,-99,-99,-99,-99,,2,2,,5,,1,2,,,3,2,7,7,5,5,2,2,2,1,6,,2,2,0,0,0,1,,45,3,1,4,2,19,,3,,heroes de la revolucion
4777,7,3,2,2,,,0,,,0,,,0,1,2,2,2,2,2,2,2,2,2,2,2,2,2,2,1,-99,-99,-99,-99,-99,-99,,-99,1,,6,9,9,9,9,9,10,10,10,7,7,10,7,2,0,,10,3,2,0,,10,3,2,0,,9,8,9,2,0,,8,2,0,,7,6,7,8,8,4,5,11,9,7,2,4,3,3,3,la x,La X,0,2,,,,2,-99,-99,-99,-99,-99,-99,-99,-99,-99,-99,-99,,-99,-99,-99,-99,1,-99,-99,-99,-99,-99,-99,,2,,-99,-99,-99,-99,-99,-99,-99,,2,,-99,-99,-99,-99,-99,-99,-99,,3,3,,2,,1,2,,,3,2,8,7,5,5,2,2,2,1,1,,2,2,0,0,0,1,,73,4,8,13,1,3,,19,,heroes de la revolucion
4777,7,3,2,1,No hay ninguna persona en nivel basico,,3,10,,1,10,,1,2,2,2,2,2,2,2,2,2,2,2,2,2,2,2,1,-99,-99,-99,-99,-99,-99,,-99,1,,7,9,9,5,9,6,10,9,9,9,6,9,7,2,0,,8,3,2,0,,10,3,2,0,,9,10,8,2,0,,8,2,0,,8,2,7,7,7,5,0,11,9,5,8,4,3,3,3,la x,La X,1,1,2,2,0,1,-99,-99,-99,-99,-99,-99,-99,1,-99,-99,-99,,-99,-99,-99,-99,-99,-99,-99,1,-99,-99,-99,,2,,-99,-99,-99,-99,-99,-99,-99,,2,,-99,-99,-99,-99,-99,-99,-99,,3,7,,2,,1,2,,,3,1,6,6,5,6,2,2,2,2,3,,2,2,0,0,0,1,,45,3,4,4,1,2,,19,,herues de la revolucon
4777,7,3,2,2,,,0,,,0,,,0,1,2,2,2,2,2,2,2,2,2,2,2,2,2,2,1,-99,-99,-99,-99,-99,-99,,-99,1,,9,8,9,5,9,7,10,7,8,7,7,9,7,2,0,,8,3,2,0,,10,3,2,0,,9,8,8,2,0,,7,2,0,,9,5,7,7,5,5,9,11,9,6,10,4,3,3,3,la x,La X,0,2,,,,1,1,-99,-99,-99,-99,-99,-99,-99,-99,-99,-99,,-99,-99,-99,-99,-99,1,-99,-99,-99,-99,-99,,2,,-99,-99,-99,-99,-99,-99,-99,,2,,-99,-99,-99,-99,-99,-99,-99,,4,5,,6,,1,2,,,3,2,7,6,5,5,2,2,2,1,2,,2,2,0,0,0,1,,63,4,1,4,1,2,,19,,heroes de la revolución
4777,7,3,2,2,,,0,,,0,,,0,1,1,1,1,1,1,2,2,2,2,2,2,2,2,1,1,-99,-99,-99,-99,-99,-99,,-99,1,,8,10,8,8,8,8,10,10,10,10,3,10,7,1,2,2,10,4,2,0,,10,3,2,0,,9,10,10,2,0,,8,2,0,,10,2,5,4,5,4,0,0,9,10,3,4,4,4,5,monumento,El monumento a Benito Juárez,1,2,,,,2,-99,-99,-99,-99,-99,-99,-99,-99,-99,-99,-99,,-99,-99,-99,-99,-99,1,-99,-99,-99,-99,-99,,2,,-99,-99,-99,-99,-99,-99,-99,,1,10,-99,-99,-99,-99,-99,-99,-99,,3,2,,5,,1,2,,,4,10,10,2,10,2,1,1,1,1,1,,2,2,0,0,0,2,,60,4,2,2,1,1,,2,,heroes de la rev
4777,7,4,2,2,,,0,,,0,,,0,1,2,1,2,2,2,2,2,2,2,2,2,2,2,1,1,-99,-99,-99,-99,-99,-99,,-99,1,,9,10,3,10,10,5,10,10,8,10,8,10,7,2,0,,4,5,2,0,,10,3,2,0,,7,10,2,2,0,,10,2,0,,5,11,0,0,0,0,7,0,6,10,2,4,5,5,3,la x,La X,0,2,,,,2,-99,-99,-99,-99,-99,-99,-99,-99,-99,-99,-99,,-99,-99,-99,-99,-99,1,-99,-99,-99,-99,-99,,2,,-99,-99,-99,-99,-99,-99,-99,,2,,-99,-99,-99,-99,-99,-99,-99,,4,12,,5,,1,2,,,3,6,9,1,4,10,2,1,1,2,2,,2,2,0,0,0,1,,66,4,1,5,1,4,mes,4,mes,heroes de la Revolución
4777,7,2,2,2,,,0,,,0,,,0,1,1,1,1,2,2,2,2,1,2,2,2,2,2,1,1,-99,-99,-99,-99,-99,-99,,-99,1,,9,9,7,8,8,6,10,10,10,10,9,10,7,1,1,10,10,4,1,1,8,9,3,2,0,,5,6,8,1,2,1,10,2,0,,8,2,9,5,8,8,11,0,2,7,10,4,3,4,4,el centro,El centro,0,2,,,,2,-99,-99,-99,-99,-99,-99,-99,-99,-99,-99,-99,,-99,-99,-99,-99,-99,1,-99,-99,1,-99,-99,,1,5,-99,-99,-99,-99,-99,-99,1,parada cerca,2,,-99,-99,-99,-99,-99,-99,-99,,4,19,alcantarillado,5,,1,2,,,3,9,9,2,8,9,2,1,2,1,2,,2,1,1,3,1,1,,64,4,1,3,1,2,,3,,heroes de la revolución
4777,7,3,2,1,8,,1,No hay ninguna persona en educacion media,,3,No hay ninguna persona en educacion superior,,3,2,2,1,1,2,2,2,2,1,2,2,2,2,2,1,-99,-99,1,-99,-99,-99,-99,,-99,3,,10,10,9,10,9,3,10,10,10,3,4,5,7,2,0,,5,4,1,1,10,10,3,2,0,,9,10,9,2,0,,9,2,0,,9,3,5,5,3,3,11,0,8,7,6,4,4,4,4,juan gabriel casa,La casa de Juan Gabriel,0,2,,,,2,-99,-99,-99,-99,-99,-99,-99,-99,-99,-99,-99,,1,-99,-99,-99,-99,-99,-99,-99,-99,-99,-99,,1,4,-99,1,1,1,1,-99,-99,,1,10,-99,-99,-99,-99,-99,-99,-99,,3,8,,5,,2,2,,,3,11,9,4,4,3,1,2,2,1,6,,2,2,0,0,0,1,,79,4,1,1,1,3,bimestral,4,,heroes de la revolución
4777,7,1,3,1,No hay ninguna persona en nivel basico,,3,10,,1,No hay ninguna persona en educacion superior,,3,1,2,1,2,2,2,2,2,2,2,2,2,2,1,1,-99,-99,-99,1,-99,-99,-99,,-99,4,,10,10,8,8,10,10,10,10,8,8,5,10,4,1,1,5,7,5,1,1,10,10,3,2,0,,9,10,7,2,0,,2,2,0,,7,11,0,0,0,0,11,0,6,10,4,4,5,4,4,la x,La X,0,2,,,,1,-99,-99,-99,-99,-99,1,-99,-99,-99,1,-99,,-99,-99,-99,-99,-99,1,-99,-99,-99,1,-99,,2,,-99,-99,-99,-99,-99,-99,-99,,1,10,-99,-99,-99,-99,-99,-99,-99,,4,18,,5,,3,2,,,3,9,5,2,2,2,1,2,2,1,6,,2,2,0,0,0,1,,40,2,1,2,1,3,,4,,heroes de la rev
4777,7,1,4,1,No hay ninguna persona en nivel basico,,3,7,,2,No hay ninguna persona en educacion superior,,3,1,2,2,2,2,2,2,2,2,2,2,2,2,2,2,-99,-99,1,-99,-99,-99,-99,,-99,3,,10,10,9,10,10,10,10,9,8,10,3,5,7,2,0,,10,5,2,0,,10,3,2,0,,10,9,9,2,0,,10,2,0,,9,6,7,7,4,1,11,0,8,6,3,4,5,5,5,jrz,Letras JRZ,0,2,,,,2,-99,-99,-99,-99,-99,-99,-99,-99,-99,-99,-99,,-99,-99,-99,-99,-99,-99,-99,-99,1,-99,-99,,1,2,-99,-99,-99,1,1,-99,-99,,1,6,-99,-99,-99,-99,-99,-99,1,no hr en toda la ciudad,2,9,,5,,1,2,,,3,9,5,3,3,1,2,1,2,2,2,,2,2,0,0,0,1,,65,4,1,3,1,1,,1,,heroes dela rev
4777,7,3,2,2,,,0,,,0,,,0,1,2,1,2,1,2,2,2,2,2,2,2,2,2,1,1,-99,-99,-99,-99,-99,-99,,-99,1,,6,5,7,3,3,6,7,7,5,8,6,6,7,2,0,,10,4,2,0,,8,3,2,0,,4,4,4,2,0,,7,2,0,,7,3,3,3,3,3,3,0,8,8,2,3,2,2,1,la rodadora,La Rodadora,1,2,,,,1,-99,-99,-99,-99,-99,-99,-99,-99,1,1,-99,,-99,-99,-99,-99,-99,-99,-99,-99,1,1,-99,,1,9,-99,-99,-99,-99,-99,-99,-99,,1,9,-99,-99,-99,-99,-99,-99,-99,,2,15,,19,iluminacion,1,2,,,3,10,7,2,5,4,2,2,2,2,2,,2,2,0,0,0,1,,22,1,2,12,1,1,,9,,heroesdbla rev
4777,7,1,4,2,,,0,,,0,,,0,1,2,1,1,2,2,2,2,1,2,2,2,2,2,1,-99,-99,-99,1,-99,-99,-99,,-99,4,,9,9,5,10,10,10,5,4,5,10,5,8,7,2,0,,5,5,2,0,,10,2,2,0,,8,9,8,2,0,,10,2,0,,8,5,5,2,8,1,11,11,9,8,6,3,5,5,3,la x,La X,0,2,,,,1,1,-99,-99,-99,-99,-99,-99,-99,-99,1,-99,,1,-99,-99,-99,-99,-99,-99,-99,-99,1,-99,,2,,-99,-99,-99,-99,-99,-99,-99,,1,3,-99,-99,-99,1,1,-99,-99,,4,5,,2,,1,1,policia,registro sin precedentes,3,2,8,2,5,10,2,1,1,2,2,,2,2,0,0,0,1,,58,3,9,2,1,1,,2,,heroes de la revolución
4777,7,3,2,1,No hay ninguna persona en nivel basico,,3,10,,1,10,,2,1,1,1,1,2,2,2,2,2,2,2,2,2,2,1,1,-99,-99,-99,-99,-99,-99,,-99,1,,10,10,6,10,10,10,10,8,10,10,10,10,7,2,0,,10,3,1,1,10,10,3,2,0,,10,10,7,2,0,,10,2,0,,8,3,3,5,4,4,0,11,0,10,10,4,5,5,4,lax,La X,1,2,,,,2,-99,-99,-99,-99,-99,-99,-99,-99,-99,-99,-99,,1,-99,-99,-99,-99,-99,-99,1,-99,-99,-99,,2,,-99,-99,-99,-99,-99,-99,-99,,1,10,-99,-99,-99,-99,-99,-99,-99,,4,5,,2,,3,2,,,3,1,9,2,5,8,2,1,1,2,2,,2,2,0,0,0,1,,74,4,1,3,1,3,bimestral,3,bimestral,heroes de la revolucion
4777,7,3,4,2,,,0,,,0,,,0,1,2,2,2,2,2,2,2,1,2,2,2,2,2,2,1,-99,-99,1,-99,-99,-99,,-99,1,,10,10,4,9,9,8,10,9,10,10,10,10,7,1,1,10,10,5,2,0,,10,3,2,0,,10,10,10,2,0,,10,2,0,,9,2,1,1,1,1,8,11,9,9,9,4,2,3,4,la ex aduana,El museo de la Ex-Aduana,0,1,0,0,1,2,-99,-99,-99,-99,-99,-99,-99,-99,-99,-99,-99,,1,-99,-99,-99,-99,-99,-99,-99,-99,-99,-99,,2,,-99,-99,-99,-99,-99,-99,-99,,2,,-99,-99,-99,-99,-99,-99,-99,,4,2,,4,,2,2,,,2,6,6,3,10,10,2,1,1,2,3,,2,2,0,0,0,2,,73,4,1,1,1,3,bimestral,3,bimestral,heroes de la rev
4777,7,5,2,2,,,0,,,0,,,0,1,1,1,1,2,1,2,2,1,2,2,1,2,1,1,1,-99,-99,-99,-99,-99,-99,,-99,1,,6,10,10,1,6,10,10,10,10,10,10,10,7,2,0,,10,5,2,0,,10,3,2,0,,3,5,5,2,0,,10,2,0,,2,7,4,5,5,3,7,0,4,1,3,4,5,5,5,el centro,El centro,1,2,,,,1,-99,-99,-99,-99,-99,-99,-99,1,1,1,-99,,-99,-99,-99,-99,-99,-99,-99,1,1,1,-99,,1,10,-99,-99,-99,-99,-99,-99,-99,,1,5,-99,1,-99,-99,-99,-99,-99,,4,19,gobernantes,6,,1,2,,,3,2,8,7,5,5,2,2,2,2,6,,2,2,0,0,0,1,,70,4,2,2,1,4,mes,4,mes,heroes de la rev
4777,7,3,4,2,,,0,,,0,,,0,1,2,1,1,1,2,2,2,2,2,2,2,2,2,2,1,-99,-99,-99,-99,-99,-99,,-99,1,,5,5,1,4,4,3,2,8,4,10,8,10,7,2,0,,8,3,1,1,7,8,3,2,0,,7,8,7,2,0,,1,2,0,,7,4,2,3,1,7,5,11,9,4,7,4,5,4,4,la x,La X,1,2,,,,1,-99,-99,-99,-99,-99,-99,-99,-99,1,1,-99,,1,-99,-99,-99,-99,1,-99,-99,1,1,-99,,1,7,-99,-99,-99,-99,-99,-99,-99,,1,10,-99,-99,-99,-99,-99,-99,-99,,3,15,,19,caro re tas,1,2,,,3,9,7,7,1,5,2,1,2,2,2,,2,2,0,0,0,2,,56,3,2,6,1,2,,3,,heroes d la rev
4777,7,3,2,2,,,0,,,0,,,0,1,2,2,2,2,2,2,2,2,2,2,2,2,2,1,1,-99,-99,-99,-99,-99,-99,,-99,1,,10,10,3,10,10,6,10,9,10,10,10,10,7,1,2,4,10,3,2,0,,10,3,2,0,,10,8,10,2,0,,10,2,0,,6,3,7,7,6,7,10,9,7,10,6,4,1,2,2,el centro,El centro,0,1,0,0,2,1,1,-99,-99,-99,-99,-99,-99,-99,1,1,-99,,-99,-99,-99,-99,-99,-99,-99,-99,1,1,-99,,1,8,-99,-99,-99,-99,-99,-99,-99,,1,10,-99,-99,-99,-99,-99,-99,-99,,3,19,no hacem caeo a las peticiones,19,qlcantarillas,4,2,,,4,9,10,3,3,10,1,1,1,1,1,,2,2,0,0,0,1,,65,4,1,1,1,2,mes,2,mes,heroes de la rev
4777,7,1,2,1,10,,1,No hay ninguna persona en educacion media,,3,No hay ninguna persona en educacion superior,,3,1,1,1,1,2,2,2,2,1,2,2,2,2,2,1,1,-99,-99,-99,-99,-99,-99,,-99,1,,7,2,2,5,5,3,10,10,8,10,10,10,7,2,0,,10,3,1,1,10,10,2,2,0,,10,10,10,2,0,,10,2,0,,10,6,9,10,10,10,10,11,10,10,10,4,5,5,5,El teatro,OTRO,0,1,0,1,1,1,1,-99,-99,-99,-99,-99,-99,-99,1,1,-99,,-99,-99,-99,-99,1,1,-99,-99,1,1,-99,,1,1,-99,-99,-99,1,1,1,-99,,1,10,-99,-99,-99,-99,-99,-99,-99,,4,19,inmigrantes,5,,4,2,,,3,8,10,7,7,10,1,1,1,1,5,,1,0,2,2,2,1,,44,2,9,4,1,1,,3,,heroes de la rev
4777,7,3,4,2,,,0,,,0,,,0,1,2,2,2,2,2,2,2,2,2,2,2,2,2,2,1,-99,-99,-99,1,-99,-99,,-99,5,,10,10,10,10,10,6,10,10,10,10,10,10,7,2,0,,10,5,2,0,,10,3,2,0,,10,10,6,2,0,,2,2,0,,10,2,1,2,1,1,0,0,1,2,3,2,5,4,5,el monumento,El monumento a Benito Juárez,0,2,,,,2,-99,-99,-99,-99,-99,-99,-99,-99,-99,-99,-99,,-99,-99,-99,-99,-99,1,-99,-99,-99,-99,-99,,2,,-99,-99,-99,-99,-99,-99,-99,,2,,-99,-99,-99,-99,-99,-99,-99,,4,5,,15,,1,2,,,1,3,4,2,4,4,2,2,2,2,2,,2,2,0,0,0,1,,69,4,1,3,1,3,bi!estral,3,bimestral,heroesde la rev
4777,7,4,1,2,,,0,,,0,,,0,1,1,1,1,1,1,2,1,2,1,2,1,2,1,1,1,-99,-99,1,-99,-99,-99,,-99,4,,8,8,8,8,8,9,10,10,10,10,9,8,7,2,0,,7,2,1,1,8,9,2,2,0,,5,8,8,2,0,,5,2,0,,8,6,6,7,7,5,8,7,8,2,5,4,4,4,4,la x,La X,4,2,,,,1,-99,-99,-99,-99,-99,-99,-99,1,-99,-99,-99,,1,-99,-99,-99,-99,-99,-99,1,-99,-99,-99,,2,,-99,-99,-99,-99,-99,-99,-99,,2,,-99,-99,-99,-99,-99,-99,-99,,4,7,,5,,1,1,policía municipal,soborno,2,3,8,7,7,8,2,1,1,1,5,,2,2,0,0,0,2,,27,1,2,9,1,2,,5,,héroes de la revolución
4777,7,1,1,2,,,0,,,0,,,0,1,1,2,2,2,2,2,2,2,2,2,2,2,2,1,1,-99,-99,-99,-99,-99,-99,,-99,1,,8,9,10,9,10,4,10,8,10,7,8,9,7,2,0,,10,2,2,0,,10,3,2,0,,10,9,8,2,0,,7,2,0,,7,7,2,8,5,3,1,0,1,4,4,2,4,4,4,la x,La X,1,2,,,,2,-99,-99,-99,-99,-99,-99,-99,-99,-99,-99,-99,,1,-99,-99,-99,-99,-99,-99,-99,-99,-99,-99,,2,,-99,-99,-99,-99,-99,-99,-99,,2,,-99,-99,-99,-99,-99,-99,-99,,4,2,,6,,1,2,,,2,2,8,10,10,6,1,1,2,1,5,,2,2,0,0,0,2,,66,4,8,2,1,1,,1,,héroes de la revolución
4777,7,2,3,2,,,0,,,0,,,0,1,1,2,2,2,2,2,2,2,2,2,2,2,2,1,1,-99,-99,1,-99,-99,-99,,-99,4,,2,8,9,3,8,7,7,8,4,8,6,6,7,2,0,,7,1,2,0,,8,3,2,0,,7,6,7,2,0,,7,2,0,,8,7,7,5,8,2,6,6,5,3,1,4,4,4,1,Benito Juarez,El monumento a Benito Juárez,0,2,,,,2,-99,-99,-99,-99,-99,-99,-99,-99,-99,-99,-99,,-99,-99,-99,-99,-99,1,-99,-99,-99,-99,-99,,2,,-99,-99,-99,-99,-99,-99,-99,,2,,-99,-99,-99,-99,-99,-99,-99,,4,2,,6,,1,2,,,1,2,10,6,4,6,1,1,2,1,5,,2,2,0,0,0,1,,65,4,1,1,1,1,,1,,héroes d la revolución
4777,7,3,2,2,,,0,,,0,,,0,1,2,2,2,2,2,2,2,2,2,2,2,2,2,2,1,-99,1,-99,-99,-99,-99,,-99,3,,8,9,9,2,4,10,10,10,10,10,10,10,7,2,0,,4,4,2,0,,10,3,2,0,,8,9,8,2,0,,9,2,0,,8,5,6,8,5,8,3,5,4,4,1,4,3,3,2,la x,La X,0,2,,,,2,-99,-99,-99,-99,-99,-99,-99,-99,-99,-99,-99,,-99,-99,-99,-99,-99,1,-99,-99,-99,-99,-99,,2,,-99,-99,-99,-99,-99,-99,-99,,2,,-99,-99,-99,-99,-99,-99,-99,,4,2,,6,,1,2,,,4,1,7,7,7,10,1,2,2,1,5,,2,2,0,0,0,2,,65,4,8,6,1,1,,1,,héroes de la revolución
4777,7,2,2,2,,,0,,,0,,,0,1,2,1,1,2,2,2,2,2,2,2,2,2,2,1,1,-99,-99,-99,-99,-99,-99,,-99,1,,7,7,7,9,9,10,10,10,10,8,10,10,7,2,0,,9,2,1,1,7,10,3,2,0,,9,5,8,2,0,,2,2,0,,6,6,8,7,5,6,5,2,3,2,3,4,4,3,4,la x,La X,1,2,,,,2,-99,-99,-99,-99,-99,-99,-99,-99,-99,-99,-99,,-99,-99,-99,-99,-99,-99,-99,1,-99,-99,-99,,2,,-99,-99,-99,-99,-99,-99,-99,,2,,-99,-99,-99,-99,-99,-99,-99,,2,2,,5,,1,2,,,1,2,6,6,6,4,2,2,2,2,5,,2,2,0,0,0,1,,87,4,1,1,1,1,,1,,héroes de la revolución
4777,7,3,2,2,,,0,,,0,,,0,1,1,1,1,2,2,2,2,2,2,2,2,2,1,1,1,-99,-99,-99,-99,-99,-99,,-99,1,,8,9,7,8,9,8,10,9,9,10,9,10,7,2,0,,8,5,2,0,,10,3,2,0,,10,9,9,2,0,,6,2,0,,10,7,3,8,7,7,8,6,7,8,5,4,4,4,2,las misiones,Las misiones,1,2,,,,1,-99,-99,-99,1,-99,-99,-99,-99,-99,-99,-99,,-99,-99,-99,-99,-99,-99,-99,1,-99,-99,-99,,2,,-99,-99,-99,-99,-99,-99,-99,,2,,-99,-99,-99,-99,-99,-99,-99,,4,7,,2,,1,2,,,1,2,8,3,6,10,1,1,1,1,5,,2,2,0,0,0,2,,51,3,2,4,1,1,,1,,heroes d la revolución
4777,7,3,2,2,,,0,,,0,,,0,1,1,1,1,2,1,2,2,1,2,2,2,2,1,1,-99,-99,-99,-99,-99,1,-99,,-99,6,,,,,,,,8,8,8,8,8,9,7,2,0,,9,5,2,0,,10,3,2,0,,7,7,8,2,0,,8,2,0,,7,7,3,3,7,7,7,1,1,7,5,4,2,4,4,la x,La X,1,2,,,,1,-99,-99,-99,-99,-99,-99,-99,1,-99,-99,-99,,1,-99,-99,-99,-99,-99,-99,-99,-99,-99,-99,,2,,-99,-99,-99,-99,-99,-99,-99,,2,,-99,-99,-99,-99,-99,-99,-99,,4,5,,2,,2,2,,,4,1,10,3,9,9,2,2,2,2,1,,2,2,0,0,0,2,,44,2,2,4,1,2,,2,,heroes e ka revolución
4777,7,3,2,2,,,0,,,0,,,0,1,1,1,1,2,2,2,2,2,1,1,2,1,2,1,-99,-99,-99,1,-99,-99,-99,,-99,4,,9,10,10,10,10,10,10,10,10,7,10,10,7,2,0,,10,5,2,0,,10,3,2,0,,10,10,10,2,0,,8,2,0,,10,8,8,8,8,8,10,3,10,10,10,4,4,4,4,la x,La X,1,2,,,,1,-99,-99,-99,-99,-99,-99,-99,1,-99,-99,-99,,-99,-99,-99,-99,-99,-99,-99,1,-99,-99,-99,,2,,-99,-99,-99,-99,-99,-99,-99,,2,,-99,-99,-99,-99,-99,-99,-99,,4,2,,5,,4,2,,,2,2,9,9,9,7,1,2,2,1,5,,2,2,0,0,0,2,,44,2,2,4,1,2,,5,,heroes de la revolucion
4777,7,1,3,2,,,0,,,0,,,0,2,2,2,2,2,2,2,2,2,2,2,2,2,2,1,-99,-99,-99,-99,-99,1,-99,,-99,6,,,,,,,,9,10,10,10,10,10,7,2,0,,10,1,2,0,,10,3,2,0,,10,10,10,2,0,,9,2,0,,10,10,7,7,7,7,10,8,10,10,10,4,4,4,4,la x,La X,0,2,,,,1,-99,-99,-99,-99,-99,1,-99,-99,-99,-99,-99,,-99,-99,-99,-99,-99,1,-99,-99,-99,-99,-99,,2,,-99,-99,-99,-99,-99,-99,-99,,2,,-99,-99,-99,-99,-99,-99,-99,,4,5,,2,,4,2,,,4,2,10,2,7,10,2,1,2,2,1,,2,2,0,0,0,1,,36,2,2,4,1,1,,1,,héroes de la revolución
4777,7,3,2,1,10,,1,No hay ninguna persona en educacion media,,3,No hay ninguna persona en educacion superior,,3,1,1,2,2,2,2,2,2,1,2,2,2,2,2,2,1,-99,-99,-99,-99,-99,-99,,-99,1,,8,8,7,5,10,11,10,10,10,10,10,10,7,2,0,,10,1,1,1,9,10,3,2,0,,9,9,9,2,0,,7,2,0,,8,6,7,7,7,7,3,5,2,9,8,4,4,4,3,la x,La X,1,2,,,,2,-99,-99,-99,-99,-99,-99,-99,-99,-99,-99,-99,,-99,-99,-99,-99,-99,-99,-99,1,-99,-99,-99,,2,,-99,-99,-99,-99,-99,-99,-99,,2,,-99,-99,-99,-99,-99,-99,-99,,4,2,,6,,1,2,,,3,3,8,8,7,9,2,2,2,2,5,,2,2,0,0,0,1,,63,4,8,4,1,1,,1,,héroes de la Revolución
4777,7,3,2,2,,,0,,,0,,,0,1,1,1,1,2,1,2,2,2,1,1,2,2,2,2,-99,-99,-99,-99,-99,1,-99,,-99,6,,,,,,,,10,10,10,1,2,4,7,2,0,,7,2,1,1,4,10,3,2,0,,9,7,8,2,0,,2,2,0,,7,6,8,5,7,5,7,3,2,6,7,4,4,4,4,el Chamizal,El Chamizal,2,2,,,,1,-99,-99,-99,-99,-99,-99,-99,1,-99,-99,-99,,-99,-99,-99,-99,-99,-99,-99,1,-99,-99,-99,,2,,-99,-99,-99,-99,-99,-99,-99,,2,,-99,-99,-99,-99,-99,-99,-99,,4,2,,5,,2,2,,,4,9,8,5,8,4,2,1,1,1,1,,2,2,0,0,0,2,,51,3,4,6,1,2,,2,,héroes d la revolución
4777,7,4,2,2,,,0,,,0,,,0,1,1,2,1,2,2,2,2,1,2,2,2,2,2,2,1,-99,-99,-99,-99,-99,-99,,-99,1,,8,8,10,6,9,9,10,9,7,10,10,10,7,2,0,,10,5,2,0,,10,3,2,0,,10,9,10,2,0,,10,2,0,,9,5,2,2,2,2,2,1,1,5,3,4,4,4,4,benito Juárez,El monumento a Benito Juárez,0,2,,,,2,-99,-99,-99,-99,-99,-99,-99,-99,-99,-99,-99,,-99,-99,-99,-99,-99,1,-99,-99,-99,-99,-99,,2,,-99,-99,-99,-99,-99,-99,-99,,2,,-99,-99,-99,-99,-99,-99,-99,,4,2,,7,,1,2,,,2,10,9,7,6,10,2,1,1,2,1,,2,2,0,0,0,2,,58,3,8,1,1,1,,1,,héroes d la revolucion
4777,7,3,3,2,,,0,,,0,,,0,1,2,2,2,2,2,2,2,2,2,2,2,2,2,2,1,-99,-99,-99,-99,-99,-99,,-99,1,,2,11,2,11,11,11,10,9,9,8,8,8,7,2,0,,8,2,2,0,,8,3,2,0,,8,8,8,2,0,,9,2,0,,9,8,8,6,8,6,5,4,6,7,3,4,4,4,4,la x,La X,0,2,,,,2,-99,-99,-99,-99,-99,-99,-99,-99,-99,-99,-99,,-99,-99,-99,-99,-99,1,-99,-99,-99,-99,-99,,2,,-99,-99,-99,-99,-99,-99,-99,,2,,-99,-99,-99,-99,-99,-99,-99,,4,2,,5,,1,2,,,1,2,5,6,9,10,2,1,2,2,5,,2,2,0,0,0,1,,84,4,1,1,1,1,,1,,héroes de ña revolución
4777,7,4,2,1,10,,1,10,,1,No hay ninguna persona en educacion superior,,3,1,1,1,1,2,2,2,2,2,2,2,2,2,2,1,1,-99,-99,-99,-99,-99,-99,,-99,1,,10,10,7,8,9,10,10,10,10,7,10,10,7,2,0,,10,4,2,0,,10,3,2,0,,10,10,10,2,0,,10,2,0,,10,8,8,8,7,7,7,10,10,7,10,4,4,4,4,la x,La X,0,2,,,,2,-99,-99,-99,-99,-99,-99,-99,-99,-99,-99,-99,,-99,-99,-99,-99,-99,1,-99,-99,-99,-99,-99,,2,,-99,-99,-99,-99,-99,-99,-99,,2,,-99,-99,-99,-99,-99,-99,-99,,4,2,,5,,1,2,,,4,3,10,4,10,8,1,1,1,1,5,,2,2,0,0,0,1,,27,1,1,4,1,1,,1,,heroes de la revolución
4777,7,3,2,2,,,0,,,0,,,0,1,1,1,1,2,2,2,2,2,2,2,2,2,2,1,1,-99,-99,-99,-99,-99,-99,,-99,1,,8,9,9,9,8,9,10,10,10,10,8,7,7,2,0,,8,1,2,0,,10,3,2,0,,9,10,10,2,0,,8,2,0,,11,3,2,4,7,7,8,1,10,10,10,4,4,4,3,lq x,La X,0,2,,,,2,-99,-99,-99,-99,-99,-99,-99,-99,-99,-99,-99,,-99,-99,-99,-99,-99,1,-99,-99,-99,-99,-99,,2,,-99,-99,-99,-99,-99,-99,-99,,2,,-99,-99,-99,-99,-99,-99,-99,,4,6,,5,,1,2,,,2,2,10,2,8,9,2,2,2,2,3,,2,2,0,0,0,1,,78,4,1,1,1,1,,1,,heroes de la revolución
4777,7,3,1,1,10,,1,10,,1,10,,1,1,1,1,1,2,2,2,2,2,2,2,2,2,1,2,1,-99,-99,-99,-99,-99,-99,,-99,1,,10,10,5,10,10,5,10,10,10,10,7,10,7,2,0,,8,4,1,1,10,10,3,2,0,,3,5,5,2,0,,5,2,0,,10,8,8,8,11,7,10,11,7,5,5,4,4,4,2,el parque central,El Parque Central,1,1,1,1,0,2,-99,-99,-99,-99,-99,-99,-99,-99,-99,-99,-99,,-99,-99,-99,-99,-99,-99,-99,1,-99,-99,-99,,2,,-99,-99,-99,-99,-99,-99,-99,,2,,-99,-99,-99,-99,-99,-99,-99,,3,3,,9,,1,2,,,3,4,7,5,7,10,2,1,2,2,3,,2,2,0,0,0,1,,29,1,1,6,1,2,,3,,heroes de la revolución
4777,7,4,2,2,,,0,,,0,,,0,1,1,1,2,2,2,2,2,2,2,2,1,2,2,2,1,-99,-99,-99,-99,-99,-99,,-99,1,,10,10,10,10,10,10,10,10,10,10,10,6,7,2,0,,10,5,2,0,,10,2,2,0,,10,10,10,2,0,,10,2,0,,8,11,0,0,0,0,10,10,10,7,5,2,5,5,5,monumento a juarez,El monumento a Benito Juárez,1,2,,,,2,-99,-99,-99,-99,-99,-99,-99,-99,-99,-99,-99,,-99,-99,-99,-99,-99,-99,-99,1,-99,-99,-99,,2,,-99,-99,-99,-99,-99,-99,-99,,1,10,-99,-99,-99,-99,-99,-99,-99,,4,5,,9,,1,2,,,3,2,10,10,9,9,2,2,2,2,1,,2,2,0,0,0,2,,63,4,8,11,1,1,,2,,héroes de la revolución
4777,7,2,2,2,,,0,,,0,,,0,2,2,2,1,2,2,2,2,2,2,2,2,2,2,2,-99,-99,1,-99,-99,-99,-99,,-99,3,,8,8,10,5,10,8,10,10,10,10,10,10,7,2,0,,8,4,2,0,,10,3,2,0,,9,10,9,2,0,,6,2,0,,8,6,8,8,8,8,6,11,4,8,8,4,5,5,5,la x,La X,1,1,1,0,0,1,-99,-99,-99,-99,-99,-99,-99,1,1,1,-99,,-99,-99,-99,-99,-99,-99,-99,1,1,1,-99,,1,8,-99,-99,-99,-99,-99,-99,-99,,1,10,-99,-99,-99,-99,-99,-99,-99,,4,2,,5,,1,2,,,3,9,8,8,8,10,2,2,2,2,5,,2,2,0,0,0,1,,63,4,1,1,2,19,,19,,héroes de la revolución
4777,7,2,2,1,8,,1,8,,1,8,,1,1,2,1,1,2,1,2,2,2,2,2,2,2,2,1,1,-99,-99,-99,-99,-99,-99,,-99,1,,9,8,9,8,9,9,9,8,9,9,9,9,5,1,1,9,7,3,1,1,7,8,2,2,0,,9,8,8,2,0,,7,2,0,,8,11,0,0,0,0,7,11,7,7,4,2,4,4,4,la x,La X,3,1,1,0,0,1,-99,-99,-99,-99,-99,-99,-99,1,-99,-99,-99,,-99,-99,-99,-99,-99,-99,-99,1,-99,-99,-99,,2,,-99,-99,-99,-99,-99,-99,-99,,2,,-99,-99,-99,-99,-99,-99,-99,,2,5,,11,,4,2,,,1,9,8,8,6,8,1,2,1,1,2,,1,0,1,1,1,2,,63,4,1,8,1,1,,2,,héroes de la Revolución
4777,7,3,2,1,8,,1,8,,1,7,,1,1,1,1,1,2,2,2,2,2,2,2,2,2,2,1,-99,-99,-99,1,-99,-99,-99,,-99,4,,9,9,9,9,9,7,8,8,5,8,10,9,7,2,0,,10,4,2,0,,8,3,2,0,,8,9,8,2,0,,9,2,0,,8,8,8,8,8,8,7,11,11,9,6,4,4,4,4,parque central,El Parque Central,2,2,,,,1,1,-99,-99,-99,-99,-99,-99,-99,-99,-99,-99,,-99,-99,-99,-99,-99,1,-99,-99,-99,-99,-99,,2,,-99,-99,-99,-99,-99,-99,-99,,2,,-99,-99,-99,-99,-99,-99,-99,,3,2,,5,,4,2,,,3,3,10,8,8,8,2,2,2,1,2,,2,2,0,0,0,1,,31,2,2,4,1,1,,1,,héroes de la revolución
4777,7,3,2,1,7,,2,7,,2,9,,2,1,2,1,1,2,1,2,2,1,2,2,2,2,2,1,1,-99,-99,-99,-99,-99,-99,,-99,1,,5,5,5,3,5,5,10,8,6,7,5,5,3,1,2,1,7,3,1,2,5,10,3,2,0,,5,3,6,1,2,3,6,1,2,3,7,6,5,1,1,6,5,11,11,7,7,4,4,4,4,porque central,El Parque Central,4,2,,,,1,-99,-99,-99,-99,-99,-99,-99,1,-99,-99,-99,,-99,-99,-99,-99,-99,-99,-99,1,-99,-99,-99,,2,,-99,-99,-99,-99,-99,-99,-99,,2,,-99,-99,-99,-99,-99,-99,-99,,4,5,,5,,1,1,seguridad pública,violencia,3,3,7,6,6,3,2,2,2,1,1,,2,2,0,0,0,2,,55,3,2,6,1,3,,5,,héroes de la Revolución
4777,7,2,3,2,,,0,,,0,,,0,1,1,1,1,2,2,2,2,1,2,2,2,2,2,1,-99,-99,1,-99,-99,-99,-99,,-99,3,,3,5,5,3,5,5,6,7,9,9,3,5,7,2,0,,8,3,2,0,,8,3,2,0,,5,5,6,2,0,,1,2,0,,7,3,3,3,3,6,5,11,4,2,1,4,5,5,5,la x,La X,3,2,,,,1,-99,-99,-99,-99,-99,-99,-99,1,-99,-99,-99,,-99,-99,-99,-99,-99,-99,-99,1,-99,-99,-99,,2,,-99,-99,-99,-99,-99,-99,-99,,2,,-99,-99,-99,-99,-99,-99,-99,,4,7,,5,,1,2,,,2,5,4,2,5,3,2,2,2,2,2,,2,2,0,0,0,1,,50,3,2,2,1,1,,2,,héroes de la revolución
4777,7,3,2,2,,,0,,,0,,,0,2,2,1,2,2,2,2,2,2,2,2,2,2,2,1,1,-99,-99,-99,-99,-99,-99,,-99,1,,5,5,8,5,9,5,10,10,10,6,8,8,7,2,0,,5,2,1,1,6,10,3,2,0,,8,10,6,2,0,,10,2,0,,8,11,0,0,0,0,11,11,6,6,8,4,3,4,4,el monumento,El monumento a Benito Juárez,2,2,,,,1,1,-99,-99,-99,-99,-99,-99,-99,-99,-99,-99,,-99,-99,-99,-99,-99,-99,-99,1,-99,-99,-99,,2,,-99,-99,-99,-99,-99,-99,-99,,2,,-99,-99,-99,-99,-99,-99,-99,,4,5,,5,,1,2,,,1,1,5,5,7,7,2,2,2,1,2,,2,2,0,0,0,2,,64,4,2,2,1,1,,1,,heroes de la revolución
4777,7,1,3,1,No hay ninguna persona en nivel basico,,3,9,,2,9,,2,2,2,1,1,2,2,2,2,2,2,2,2,2,2,2,1,-99,-99,-99,-99,-99,-99,,-99,1,,4,9,1,9,4,9,10,5,9,9,9,10,7,2,0,,9,4,2,0,,10,3,2,0,,10,10,10,2,0,,10,2,0,,10,10,10,1,10,10,1,11,1,10,4,2,2,2,2,la x,La X,0,1,0,1,1,1,-99,-99,-99,1,-99,-99,-99,-99,-99,-99,-99,,1,-99,-99,-99,-99,-99,-99,-99,-99,-99,-99,,2,,-99,-99,-99,-99,-99,-99,-99,,2,,-99,-99,-99,-99,-99,-99,-99,,2,5,,2,,1,2,,,3,9,10,1,1,5,2,1,1,1,1,,2,2,0,0,0,1,,51,3,2,4,1,1,,1,,héroes de la revolución
4777,7,1,3,1,9,,1,9,,1,9,,1,1,2,1,2,2,2,2,2,2,2,2,2,2,2,1,-99,-99,1,-99,-99,-99,-99,,-99,3,,9,9,9,9,10,8,10,10,10,10,10,10,7,2,0,,2,5,2,0,,10,3,2,0,,8,8,9,2,0,,5,2,0,,8,11,0,0,0,0,11,11,7,8,7,4,5,5,4,monumento a Benito Juárez,El monumento a Benito Juárez,1,1,1,0,0,2,-99,-99,-99,-99,-99,-99,-99,-99,-99,-99,-99,,1,-99,-99,-99,-99,-99,-99,-99,-99,-99,-99,,1,9,-99,-99,-99,-99,-99,-99,-99,,1,8,-99,-99,-99,-99,-99,-99,-99,,4,10,,5,,4,2,,,3,9,8,7,5,9,1,1,1,1,2,,1,0,2,3,3,1,,59,3,1,2,1,1,,2,,héroes de la Revolución
4777,7,3,2,2,,,0,,,0,,,0,1,1,1,1,2,2,2,2,2,2,2,1,2,1,1,-99,-99,-99,-99,-99,1,-99,,-99,6,,,,,,,,9,8,8,5,2,6,7,2,0,,6,2,2,0,,10,3,2,0,,8,8,10,2,0,,1,2,0,,2,11,0,0,0,0,11,11,11,1,2,4,1,1,3,la x,La X,0,2,,,,2,-99,-99,-99,-99,-99,-99,-99,-99,-99,-99,-99,,1,-99,-99,-99,-99,-99,-99,-99,-99,-99,-99,,2,,-99,-99,-99,-99,-99,-99,-99,,2,,-99,-99,-99,-99,-99,-99,-99,,3,2,,5,,1,2,,,3,3,2,3,1,1,1,2,2,1,5,,2,2,0,0,0,2,,64,4,8,6,1,2,,2,,héroes de la revolución
4777,7,2,3,2,,,0,,,0,,,0,1,1,1,1,2,2,2,2,1,2,2,2,2,2,2,1,-99,-99,-99,-99,-99,-99,,-99,1,,7,7,7,8,7,9,9,7,7,8,7,7,7,2,0,,8,5,2,0,,9,3,2,0,,5,5,5,2,0,,5,2,0,,5,4,5,5,5,5,11,11,11,7,7,4,3,2,3,la x,La X,1,2,,,,1,-99,-99,-99,1,-99,-99,-99,-99,-99,-99,-99,,-99,-99,-99,-99,-99,1,-99,1,-99,-99,-99,,2,,-99,-99,-99,-99,-99,-99,-99,,2,,-99,-99,-99,-99,-99,-99,-99,,3,5,,2,,1,2,,,2,8,6,6,4,5,2,1,2,2,5,,2,2,0,0,0,1,,37,2,2,6,1,2,,4,,héroes de la revolución
4777,7,2,3,1,8,,1,No hay ninguna persona en educacion media,,3,No hay ninguna persona en educacion superior,,3,1,2,1,1,2,2,2,2,2,2,2,2,2,2,1,1,-99,-99,-99,-99,-99,-99,,-99,1,,7,7,7,8,8,8,9,9,9,9,10,9,7,2,0,,8,1,1,1,6,9,3,2,0,,8,8,8,2,0,,7,2,0,,8,8,8,8,8,7,8,8,8,8,8,4,2,5,2,monumento Benito Juárez,El monumento a Benito Juárez,1,2,,,,1,-99,-99,-99,1,-99,-99,-99,-99,-99,-99,-99,,-99,-99,-99,-99,-99,-99,-99,1,-99,-99,-99,,2,,-99,-99,-99,-99,-99,-99,-99,,2,,-99,-99,-99,-99,-99,-99,-99,,4,5,,5,,1,2,,,1,9,8,8,7,9,2,2,2,2,6,,2,2,0,0,0,2,,44,2,2,6,1,3,,3,,héroes de la revolución
4777,7,3,2,2,,,0,,,0,,,0,1,1,1,1,2,2,2,2,2,2,2,2,2,2,1,1,-99,-99,-99,-99,-99,-99,,-99,1,,9,10,10,6,9,10,10,10,10,10,10,10,7,2,0,,10,4,2,0,,10,3,2,0,,10,10,10,2,0,,2,2,0,,7,2,2,2,2,3,5,0,6,8,9,4,4,4,4,el monumento a Juárez,El monumento a Benito Juárez,0,2,,,,2,-99,-99,-99,-99,-99,-99,-99,-99,-99,-99,-99,,-99,-99,-99,-99,-99,1,-99,-99,-99,-99,-99,,2,,-99,-99,-99,-99,-99,-99,-99,,2,,-99,-99,-99,-99,-99,-99,-99,,4,2,,5,,1,2,,,2,2,8,8,10,10,1,1,1,1,5,,2,2,0,0,0,2,,67,4,8,2,1,1,,1,,héroes de la revolución
4777,7,3,1,2,,,0,,,0,,,0,1,1,1,1,2,1,2,2,1,2,2,2,2,2,1,1,-99,-99,-99,-99,-99,-99,,-99,1,,10,10,5,7,10,10,10,10,10,7,10,10,7,2,0,,9,5,2,0,,10,3,2,0,,10,8,10,2,0,,10,2,0,,8,6,10,10,6,2,10,11,9,10,9,4,5,5,4,las letras biblia es la verdad,El cerro de la biblia,1,1,1,0,1,2,-99,-99,-99,-99,-99,-99,-99,-99,-99,-99,-99,,-99,-99,-99,-99,-99,-99,-99,1,-99,-99,-99,,2,,-99,-99,-99,-99,-99,-99,-99,,2,,-99,-99,-99,-99,-99,-99,-99,,4,18,,6,,1,2,,,2,1,10,10,2,10,1,2,1,1,6,,2,2,0,0,0,2,,71,4,9,1,1,1,,3,,heroes de la rev
4777,7,5,1,1,10,,1,10,,1,No hay ninguna persona en educacion superior,,3,1,2,1,1,2,2,2,2,1,1,2,2,2,2,2,-99,-99,-99,1,1,-99,-99,,-99,4,,10,10,10,10,10,10,10,7,10,10,8,8,7,2,0,,10,3,2,0,,10,3,2,0,,10,10,10,2,0,,10,2,0,,10,10,8,8,9,10,11,11,0,10,10,4,5,5,5,el monumento a benito juarez,El monumento a Benito Juárez,2,1,0,1,0,1,-99,-99,-99,-99,-99,-99,-99,1,-99,-99,-99,,-99,-99,-99,-99,-99,-99,-99,1,-99,-99,-99,,2,,-99,-99,-99,-99,-99,-99,-99,,2,,-99,-99,-99,-99,-99,-99,-99,,4,3,,2,,1,2,,,3,1,10,7,9,10,2,1,2,1,6,,2,2,0,0,0,1,,57,3,9,11,1,3,,4,,heroesde la revolución
4777,7,1,4,2,,,0,,,0,,,0,1,2,2,2,2,2,2,2,2,2,2,2,2,2,2,1,-99,-99,-99,-99,-99,-99,,-99,1,,5,5,5,3,8,5,10,10,10,10,5,5,7,2,0,,5,3,2,0,,10,3,2,0,,8,8,8,2,0,,10,2,0,,7,11,0,0,0,0,11,11,11,8,11,4,5,5,5,no sabe,NINGUNO,0,2,,,,2,-99,-99,-99,-99,-99,-99,-99,-99,-99,-99,-99,,1,-99,-99,-99,-99,-99,-99,-99,-99,-99,-99,,2,,-99,-99,-99,-99,-99,-99,-99,,2,,-99,-99,-99,-99,-99,-99,-99,,4,3,,5,,1,2,,,3,1,8,5,4,5,2,1,1,2,2,,2,2,0,0,0,1,,58,3,1,3,1,1,,1,,heroes de la revolucion
4777,7,4,2,1,9,,1,No hay ninguna persona en educacion media,,3,No hay ninguna persona en educacion superior,,3,1,2,1,1,2,2,2,2,2,2,2,2,2,2,1,1,-99,-99,-99,-99,-99,-99,,-99,1,,9,9,3,9,8,5,10,10,10,10,9,10,7,2,0,,9,2,1,1,9,10,2,2,0,,10,10,9,2,0,,8,2,0,,10,4,5,5,5,5,5,0,5,5,0,4,5,5,5,mercado juarez,Mercado Juárez,4,1,1,0,1,2,-99,-99,-99,-99,-99,-99,-99,-99,-99,-99,-99,,-99,-99,-99,-99,-99,-99,-99,1,-99,-99,-99,,2,,-99,-99,-99,-99,-99,-99,-99,,2,,-99,-99,-99,-99,-99,-99,-99,,4,5,,3,,1,2,,,3,1,7,7,8,10,2,1,1,1,1,,2,1,1,1,1,2,,60,4,8,6,1,2,,2,,heroes de la revolucion
4777,7,3,2,1,5,ya no enseñan bien,1,5,no enseñan bien,2,No hay ninguna persona en educacion superior,,3,1,1,1,1,2,1,2,2,2,1,2,2,2,2,1,1,-99,-99,1,-99,-99,-99,,-99,4,,9,9,9,10,10,10,10,10,7,10,3,3,7,2,0,,9,3,3,0,,10,3,2,0,,7,7,7,2,0,,8,2,0,,8,6,3,3,7,5,7,0,5,7,0,3,2,2,3,la x,La X,1,1,1,0,0,2,-99,-99,-99,-99,-99,-99,-99,-99,-99,-99,-99,,-99,-99,-99,-99,-99,-99,-99,1,-99,-99,-99,,2,,-99,-99,-99,-99,-99,-99,-99,,2,,-99,-99,-99,-99,-99,-99,-99,,4,5,,3,,1,1,todas las dependias,no atienden a las solicitudes,2,9,7,7,5,7,2,1,1,2,5,,2,2,0,0,0,1,,32,2,1,4,1,1,,1,,heroesdela revolucion
4777,7,2,2,1,No hay ninguna persona en nivel basico,,3,9,,2,No hay ninguna persona en educacion superior,,3,1,2,1,1,2,2,2,2,2,2,2,2,2,2,2,1,-99,-99,-99,-99,-99,-99,,-99,1,,7,8,7,8,9,9,8,8,8,9,7,7,7,2,0,,8,3,1,1,6,9,3,2,0,,9,8,9,2,0,,8,2,0,,8,11,0,0,0,0,11,0,4,8,0,2,5,3,2,monumento a benito juarez,El monumento a Benito Juárez,2,1,0,2,0,2,-99,-99,-99,-99,-99,-99,-99,-99,-99,-99,-99,,-99,-99,-99,-99,-99,-99,-99,1,-99,-99,-99,,2,,-99,-99,-99,-99,-99,-99,-99,,2,,-99,-99,-99,-99,-99,-99,-99,,3,3,,9,,1,2,,,2,9,8,8,8,8,2,1,2,1,6,,2,2,0,0,0,1,,41,2,1,4,1,2,,2,,heroes dela revolucion
4777,7,4,2,1,No hay ninguna persona en nivel basico,,3,8,,2,No hay ninguna persona en educacion superior,,3,1,2,1,2,2,2,2,2,2,2,2,2,2,2,2,1,-99,-99,-99,1,-99,-99,,-99,5,,10,10,10,10,10,8,8,5,10,10,4,8,7,2,0,,2,2,1,2,1,10,3,2,0,,4,4,2,2,0,,1,2,0,,8,11,0,0,0,0,5,0,11,9,0,3,1,1,1,el arco dejuarez,Arco del triunfo de Juárez,1,2,,,,1,-99,-99,-99,-99,-99,-99,-99,1,-99,-99,-99,,-99,-99,-99,-99,-99,-99,-99,1,-99,-99,-99,,2,,-99,-99,-99,-99,-99,-99,-99,,2,,-99,-99,-99,-99,-99,-99,-99,,2,15,,9,,1,2,,,1,3,7,5,1,1,2,2,1,1,5,,2,2,0,0,0,1,,27,1,2,8,1,1,,2,,heroes delarevolucion
4777,7,3,2,1,8,,1,No hay ninguna persona en educacion media,,3,9,,1,1,2,1,1,2,2,2,2,2,2,2,2,2,2,2,1,-99,-99,1,-99,-99,-99,,-99,4,,5,10,8,8,10,7,10,10,10,10,8,8,7,2,0,,10,3,2,0,,10,3,2,0,,10,10,10,2,0,,10,2,0,,8,11,0,0,0,0,11,11,8,8,0,4,5,5,5,monumento,El monumento a Benito Juárez,1,1,2,0,0,2,-99,-99,-99,-99,-99,-99,-99,-99,-99,-99,-99,,-99,-99,-99,-99,-99,-99,-99,1,-99,-99,-99,,2,,-99,-99,-99,-99,-99,-99,-99,,2,,-99,-99,-99,-99,-99,-99,-99,,3,19,la migracion  exagerada,5,,1,1,policia municipal,me chocaron y me hecharon la culpa,3,1,8,5,10,10,2,1,1,2,6,,2,2,0,0,0,1,,64,4,1,4,1,1,,1,,heroes delarevolucion
4777,7,4,1,2,,,0,,,0,,,0,1,2,1,2,2,1,2,2,2,2,2,2,2,2,1,-99,-99,-99,-99,1,-99,-99,,-99,5,,9,9,9,10,10,8,3,3,5,10,10,10,7,2,0,,8,3,2,0,,10,3,2,0,,4,7,3,1,2,1,2,2,0,,5,3,3,3,3,5,11,11,11,5,11,4,5,5,5,los indomables,Monumento Los indomables,1,1,0,0,1,1,-99,-99,-99,-99,-99,-99,-99,1,-99,-99,-99,,-99,-99,-99,-99,-99,-99,-99,1,-99,-99,-99,,2,,-99,-99,-99,-99,-99,-99,-99,,2,,-99,-99,-99,-99,-99,-99,-99,,4,15,,7,,2,2,,,3,10,10,3,2,10,1,2,1,1,1,,2,2,0,0,0,2,,55,3,9,4,1,5,,5,,heroes de la revolución
4777,7,3,2,2,,,0,,,0,,,0,1,2,1,1,2,2,2,2,2,2,2,2,2,2,1,-99,-99,-99,1,-99,-99,-99,,-99,4,,7,7,7,7,7,7,10,10,10,10,10,9,7,2,0,,8,3,2,0,,10,3,2,0,,10,10,10,2,0,,10,2,0,,8,11,0,0,0,0,11,11,5,6,11,4,5,5,5,el parque central,El Parque Central,1,2,,,,2,-99,-99,-99,-99,-99,-99,-99,-99,-99,-99,-99,,1,-99,-99,-99,-99,-99,-99,-99,-99,-99,-99,,2,,-99,-99,-99,-99,-99,-99,-99,,2,,-99,-99,-99,-99,-99,-99,-99,,4,5,,7,,1,2,,,3,1,6,5,6,7,2,2,1,2,1,,2,2,0,0,0,2,,67,4,9,2,1,1,,1,,heroes de la revolución
4777,7,3,3,1,5,,1,No hay ninguna persona en educacion media,,3,No hay ninguna persona en educacion superior,,3,1,1,1,2,2,1,2,2,2,2,2,2,2,2,2,-99,-99,-99,-99,1,-99,-99,,-99,5,,9,10,8,10,10,10,10,10,10,10,5,1,7,2,0,,1,3,1,2,5,10,3,2,0,,9,10,8,2,0,,3,2,0,,10,11,0,0,0,0,11,11,0,5,0,4,3,3,1,la x,La X,1,2,,,,2,-99,-99,-99,-99,-99,-99,-99,-99,-99,-99,-99,,-99,-99,-99,-99,-99,-99,-99,1,1,-99,-99,,1,7,-99,-99,-99,-99,-99,-99,-99,,1,7,-99,-99,-99,-99,-99,-99,-99,,4,7,,5,,1,1,policia municipal,detenciones,2,10,5,3,3,3,2,2,2,2,5,,2,2,0,0,0,2,,44,2,4,4,1,1,,1,,heroes de inegi
4777,7,2,2,1,8,,1,No hay ninguna persona en educacion media,,3,No hay ninguna persona en educacion superior,,3,1,1,1,2,2,1,2,2,1,2,2,2,2,2,2,-99,1,-99,1,-99,-99,-99,,-99,4,,8,8,7,8,9,10,8,9,10,10,5,10,7,2,0,,5,2,1,1,5,10,3,2,0,,3,5,5,2,0,,3,2,0,,3,5,1,1,1,1,1,0,0,7,3,4,3,3,2,la x,La X,2,1,1,0,0,1,1,-99,-99,-99,-99,-99,-99,-99,-99,-99,-99,,-99,-99,-99,-99,-99,-99,-99,1,-99,-99,-99,,2,,-99,-99,-99,-99,-99,-99,-99,,2,,-99,-99,-99,-99,-99,-99,-99,,4,15,,7,,1,2,,,3,1,5,6,5,7,2,2,2,2,2,,2,2,0,0,0,2,,31,2,9,4,1,2,,2,,heroes de la revolución
4777,7,3,1,1,No hay ninguna persona en nivel basico,,3,No hay ninguna persona en educacion media,,3,10,,1,1,1,1,2,2,1,2,2,2,2,2,2,2,2,2,1,-99,-99,-99,-99,-99,-99,,-99,1,,10,10,10,10,10,10,10,10,10,10,9,9,7,2,0,,9,2,2,0,,10,3,2,0,,3,10,5,2,0,,7,2,0,,8,11,0,0,0,0,11,0,11,8,0,4,5,5,5,monumento,El monumento a Benito Juárez,1,2,,,,2,-99,-99,-99,-99,-99,-99,-99,-99,-99,-99,-99,,-99,-99,-99,-99,-99,-99,-99,1,-99,-99,-99,,2,,-99,-99,-99,-99,-99,-99,-99,,2,,-99,-99,-99,-99,-99,-99,-99,,4,5,,7,,1,2,,,2,1,6,6,5,5,2,1,1,1,2,,2,2,0,0,0,1,,85,4,1,3,1,1,,3,,heroesde la revolución
4777,7,3,2,1,7,,1,8,,1,8,,1,1,1,1,1,2,2,1,2,2,2,1,1,2,2,2,1,-99,-99,-99,1,-99,-99,,-99,5,,8,8,7,7,8,8,8,8,9,9,8,9,7,2,0,,7,3,1,1,7,8,3,2,0,,6,8,7,2,0,,6,2,0,,8,7,6,7,6,6,7,7,6,6,7,1,2,2,2,la x,La X,2,2,,,,1,-99,-99,-99,-99,-99,-99,-99,1,-99,-99,-99,,-99,-99,-99,-99,-99,-99,-99,1,-99,-99,-99,,2,,-99,-99,-99,-99,-99,-99,-99,,2,,-99,-99,-99,-99,-99,-99,-99,,1,5,,4,,1,1,poliia vial,querian dinero,2,1,8,7,6,8,2,2,1,1,2,,2,2,0,0,0,2,,20,1,2,9,1,2,,2,,herosde la revolucion
4777,7,2,3,1,10,,1,No hay ninguna persona en educacion media,,3,No hay ninguna persona en educacion superior,,3,1,1,1,2,2,2,2,2,2,2,2,2,2,2,2,1,-99,-99,-99,-99,-99,-99,,-99,1,,9,9,8,8,10,8,10,10,10,10,7,9,6,2,0,,8,3,2,0,,9,3,2,0,,7,7,7,2,0,,7,2,0,,8,7,6,6,6,6,7,0,11,8,8,3,2,2,1,la x,La X,1,2,,,,2,-99,-99,-99,-99,-99,-99,-99,-99,-99,-99,-99,,-99,-99,-99,-99,-99,-99,-99,1,-99,-99,-99,,2,,-99,-99,-99,-99,-99,-99,-99,,2,,-99,-99,-99,-99,-99,-99,-99,,3,9,,10,,2,2,,,1,11,9,8,7,8,2,1,1,1,1,,2,2,0,0,0,1,,23,1,1,4,1,1,,2,,heroes de la revolución
4777,7,5,2,2,,,0,,,0,,,0,1,2,2,2,2,2,2,2,2,2,2,2,2,2,2,1,-99,-99,-99,-99,-99,-99,,-99,1,,8,8,7,7,7,5,10,10,10,10,5,5,5,1,2,1,10,3,2,0,,10,3,2,0,,7,7,7,2,0,,5,2,0,,7,11,0,0,0,0,0,11,11,5,5,4,1,4,2,monumento,El monumento a Benito Juárez,0,2,,,,2,-99,-99,-99,-99,-99,-99,-99,-99,-99,-99,-99,,-99,-99,-99,-99,-99,-99,-99,1,-99,-99,-99,,2,,-99,-99,-99,-99,-99,-99,-99,,2,,-99,-99,-99,-99,-99,-99,-99,,2,3,,5,,1,2,,,1,1,8,4,6,5,2,2,2,2,2,,2,2,0,0,0,1,,77,4,1,13,1,1,,1,,heroes dela revolucion
4777,7,3,1,2,,,0,,,0,,,0,2,2,1,2,2,2,2,2,2,2,2,2,2,2,2,-99,-99,-99,1,-99,-99,-99,,-99,4,,9,7,10,8,10,7,10,5,5,7,5,10,7,2,0,,5,4,2,0,,10,3,2,0,,9,8,5,2,0,,1,2,0,,5,4,7,7,4,6,1,11,11,1,1,4,3,3,3,la x,La X,1,2,,,,1,-99,-99,-99,-99,-99,-99,-99,1,-99,-99,-99,,-99,-99,-99,-99,-99,-99,-99,1,-99,-99,-99,,2,,-99,-99,-99,-99,-99,-99,-99,,2,,-99,-99,-99,-99,-99,-99,-99,,4,7,,6,,1,2,,,3,2,5,6,3,7,2,2,2,2,1,,2,2,0,0,0,2,,47,3,7,9,1,9,,19,,heroes de la revolucion
4832,7,3,2,2,,,0,,,0,,,0,2,2,1,2,2,2,2,2,2,2,2,2,2,2,2,1,-99,-99,-99,-99,-99,-99,,-99,1,,8,8,7,6,9,7,10,9,9,7,2,5,7,2,0,,9,5,2,0,,8,3,2,0,,10,10,6,2,0,,3,2,0,,8,2,6,6,6,6,0,11,11,5,0,4,3,3,3,la x,La X,1,2,,,,1,-99,-99,-99,-99,-99,-99,-99,1,-99,-99,-99,,-99,-99,-99,-99,-99,-99,-99,1,-99,-99,-99,,2,,-99,-99,-99,-99,-99,-99,-99,,2,,-99,-99,-99,-99,-99,-99,-99,,4,6,,2,,1,2,,,2,7,7,5,3,6,2,2,2,1,2,,2,2,0,0,0,2,,60,4,9,9,1,4,,19,,los alcaldes
4832,7,5,1,2,,,0,,,0,,,0,2,1,2,2,2,2,2,2,2,2,2,2,2,2,2,1,-99,-99,-99,-99,-99,-99,,-99,1,,10,6,10,10,10,6,10,10,7,9,9,9,7,2,0,,9,5,2,0,,9,3,2,0,,9,10,8,2,0,,7,2,0,,8,2,6,7,6,6,6,11,11,2,6,4,3,3,3,la x,La X,1,1,0,0,1,2,-99,-99,-99,-99,-99,-99,-99,-99,-99,-99,-99,,-99,-99,-99,-99,-99,-99,-99,1,-99,-99,-99,,2,,-99,-99,-99,-99,-99,-99,-99,,2,,-99,-99,-99,-99,-99,-99,-99,,3,2,,5,,1,2,,,2,2,5,5,2,2,2,2,2,2,6,,2,2,0,0,0,1,,69,4,1,2,1,3,,19,,alcaldes
4832,7,3,2,2,,,0,,,0,,,0,2,2,2,2,2,1,2,2,2,2,2,2,2,2,2,-99,-99,-99,1,-99,-99,-99,,-99,4,,10,10,10,8,10,10,10,3,10,9,5,9,7,2,0,,1,5,2,0,,10,3,2,0,,9,1,9,2,0,,1,2,0,,1,3,7,5,7,7,11,11,9,1,0,1,3,3,3,la x,La X,2,2,,,,2,-99,-99,-99,-99,-99,-99,-99,-99,-99,-99,-99,,-99,-99,-99,-99,-99,-99,-99,1,-99,-99,-99,,2,,-99,-99,-99,-99,-99,-99,-99,,2,,-99,-99,-99,-99,-99,-99,-99,,4,8,,5,,1,2,,,3,2,8,7,5,5,2,2,2,1,7,pavimentacion,2,2,0,0,0,1,,43,2,9,6,2,19,,2,,lucio blanco
4832,7,5,2,1,10,,1,10,,1,No hay ninguna persona en educacion superior,,3,2,2,1,2,2,2,2,2,2,2,2,2,2,2,2,1,-99,-99,-99,-99,-99,-99,,-99,1,,10,10,10,10,10,9,10,10,10,10,9,10,7,2,0,,8,5,2,0,,10,3,2,0,,9,9,8,2,0,,5,2,0,,6,4,6,6,6,7,7,11,11,7,9,4,3,3,2,la x,La X,1,2,,,,2,-99,-99,-99,-99,-99,-99,-99,-99,-99,-99,-99,,-99,-99,-99,-99,-99,-99,-99,1,-99,-99,-99,,2,,-99,-99,-99,-99,-99,-99,-99,,2,,-99,-99,-99,-99,-99,-99,-99,,4,2,,6,,1,2,,,3,2,9,6,7,5,2,2,2,2,1,,2,2,0,0,0,1,,73,4,1,2,1,2,,2,,los aocaldes
4832,7,3,2,2,,,0,,,0,,,0,2,2,2,2,1,2,2,2,2,2,2,2,2,2,2,-99,-99,-99,1,-99,-99,-99,,-99,4,,8,8,7,9,7,7,10,10,10,10,8,7,7,2,0,,10,5,2,0,,10,3,2,0,,9,6,9,2,0,,6,2,0,,8,6,7,7,7,7,7,11,9,4,9,4,3,3,3,la x,La X,1,2,,,,1,-99,-99,-99,-99,-99,1,-99,-99,-99,-99,-99,,-99,-99,-99,-99,-99,1,-99,-99,-99,-99,-99,,2,,-99,-99,-99,-99,-99,-99,-99,,2,,-99,-99,-99,-99,-99,-99,-99,,3,9,,2,,1,2,,,2,2,7,7,6,7,2,2,2,1,3,,2,2,0,0,0,2,,28,1,2,4,1,3,,19,,los alcaldes
4832,7,3,3,2,,,0,,,0,,,0,1,2,1,2,2,2,2,2,2,2,2,2,2,2,1,1,-99,-99,-99,-99,-99,-99,,-99,1,,5,10,9,3,3,9,8,8,9,10,10,10,7,2,0,,10,5,2,0,,8,3,2,0,,10,10,8,2,0,,3,1,2,3,5,3,2,2,2,1,2,0,0,3,0,1,4,4,4,monumento a Juárez,El monumento a Benito Juárez,1,2,,,,2,-99,-99,-99,-99,-99,-99,-99,-99,-99,-99,-99,,-99,-99,-99,-99,-99,-99,-99,1,-99,-99,-99,,2,,-99,-99,-99,-99,-99,-99,-99,,2,,-99,-99,-99,-99,-99,-99,-99,,2,2,,5,,1,1,loss vecinos,carros en la calle,2,2,8,4,5,7,1,2,1,1,2,,2,2,0,0,0,2,,64,4,8,11,1,1,,1,,los alcaldes
4832,7,2,2,2,,,0,,,0,,,0,2,1,2,1,2,2,2,2,1,2,2,2,2,2,1,1,-99,-99,-99,-99,-99,-99,,-99,1,,7,8,6,4,9,9,10,10,10,10,10,10,7,2,0,,10,5,2,0,,10,3,2,0,,10,10,7,2,0,,8,2,0,,6,7,4,8,8,4,9,1,2,9,1,4,4,4,4,la x,La X,0,2,,,,2,-99,-99,-99,-99,-99,-99,-99,-99,-99,-99,-99,,-99,-99,-99,-99,-99,1,-99,-99,-99,-99,-99,,2,,-99,-99,-99,-99,-99,-99,-99,,2,,-99,-99,-99,-99,-99,-99,-99,,4,5,,10,,2,2,,,2,1,10,3,6,6,2,1,1,1,6,,2,2,0,0,0,1,,64,4,8,2,1,1,,1,,alcaldes
4832,7,3,2,1,9,,1,8,,1,No hay ninguna persona en educacion superior,,3,1,1,1,1,2,1,2,2,1,2,2,2,2,2,1,1,-99,-99,-99,-99,-99,-99,,-99,1,,7,9,8,5,9,10,9,9,6,10,10,10,7,2,0,,10,5,2,0,,10,3,2,0,,6,3,7,2,0,,3,2,0,,8,3,3,4,4,7,8,0,11,2,8,4,4,4,4,la x,La X,3,1,0,0,1,2,-99,-99,-99,-99,-99,-99,-99,-99,-99,-99,-99,,-99,-99,-99,-99,-99,-99,-99,1,-99,-99,-99,,2,,-99,-99,-99,-99,-99,-99,-99,,2,,-99,-99,-99,-99,-99,-99,-99,,4,5,,7,,2,2,,,4,9,7,5,3,3,2,1,1,2,3,,2,2,0,0,0,2,,60,4,8,11,1,3,,4,,fernado vaesa
4832,7,2,2,1,7,,1,No hay ninguna persona en educacion media,,3,No hay ninguna persona en educacion superior,,3,1,1,2,1,2,2,2,2,1,2,2,2,2,1,2,1,-99,-99,1,-99,-99,-99,,-99,4,,9,8,9,4,8,7,4,8,7,10,10,10,7,2,0,,10,1,2,0,,10,2,2,0,,6,6,2,2,0,,9,2,0,,3,7,7,6,8,2,2,11,7,3,4,4,4,4,2,el parque central,El Parque Central,2,1,2,2,0,1,-99,-99,-99,1,-99,-99,-99,-99,-99,-99,-99,,1,-99,-99,-99,-99,-99,-99,-99,-99,-99,-99,,2,,-99,-99,-99,-99,-99,-99,-99,,2,,-99,-99,-99,-99,-99,-99,-99,,4,5,,2,,1,2,,,2,2,7,7,7,10,2,1,2,1,6,,2,2,0,0,0,1,,30,2,2,4,1,1,,1,,alcaldes
4832,7,4,2,1,10,,1,No hay ninguna persona en educacion media,,3,No hay ninguna persona en educacion superior,,3,1,1,1,1,1,1,2,2,1,2,2,2,2,1,2,1,-99,-99,-99,-99,-99,-99,,-99,1,,5,6,2,9,6,6,5,6,5,8,8,8,7,2,0,,8,4,2,0,,10,3,2,0,,10,9,7,2,0,,6,2,0,,5,7,5,8,8,1,7,1,2,6,9,4,3,4,4,la x,La X,0,2,,,,1,-99,-99,-99,1,-99,-99,-99,-99,1,-99,-99,,-99,-99,-99,-99,-99,-99,-99,-99,1,-99,-99,,1,4,1,-99,-99,1,-99,-99,-99,,2,,-99,-99,-99,-99,-99,-99,-99,,4,5,,2,,1,2,,,4,1,7,6,5,8,2,1,2,2,2,,2,2,0,0,0,1,,34,2,2,4,1,2,,3,,alcaldes
4832,7,2,2,2,,,0,,,0,,,0,1,1,1,1,2,1,2,2,2,2,2,2,2,2,1,1,-99,-99,-99,-99,-99,-99,,-99,1,,2,4,1,1,1,9,10,10,10,10,10,10,7,2,0,,10,5,2,0,,10,3,2,0,,10,10,10,2,0,,10,2,0,,10,10,5,8,1,1,11,3,11,10,6,4,3,5,5,la x,La X,0,2,,,,2,-99,-99,-99,-99,-99,-99,-99,-99,-99,-99,-99,,1,-99,-99,-99,-99,1,-99,-99,-99,-99,-99,,2,,-99,-99,-99,-99,-99,-99,-99,,2,,-99,-99,-99,-99,-99,-99,-99,,4,5,,8,,1,2,,,3,9,6,2,1,10,2,1,1,2,2,,2,2,0,0,0,1,,73,4,1,5,1,3,bimestral,3,bimestral,los alcaldes
4832,7,3,2,1,10,,2,No hay ninguna persona en educacion media,,3,No hay ninguna persona en educacion superior,,3,1,1,1,1,2,1,2,1,1,2,2,2,2,2,1,1,-99,-99,-99,-99,-99,-99,,-99,1,,10,8,9,10,10,10,10,10,10,10,8,10,7,1,1,8,10,5,1,1,5,10,3,2,0,,8,8,8,2,0,,5,1,2,1,10,8,8,8,8,5,7,5,10,8,5,4,5,5,5,el centro,El centro,1,1,1,0,0,1,-99,-99,-99,-99,-99,-99,-99,1,1,1,-99,,-99,-99,-99,-99,-99,-99,-99,1,1,1,-99,,1,3,-99,1,1,1,1,-99,-99,,1,9,-99,-99,-99,-99,-99,-99,-99,,2,5,,6,,3,1,policía,no responde rapido,3,9,5,7,5,8,2,1,1,1,3,,2,2,0,0,0,1,,32,2,2,8,1,1,,6,,los alcaldes
4832,7,5,2,1,9,,1,No hay ninguna persona en educacion media,,3,No hay ninguna persona en educacion superior,,3,1,1,1,1,2,2,2,2,2,2,2,2,2,2,1,1,-99,-99,1,-99,-99,-99,,-99,1,,8,8,5,7,6,8,7,10,4,10,8,7,7,2,0,,8,5,2,0,,10,3,2,0,,7,10,7,2,0,,9,2,0,,9,4,6,10,7,1,6,0,5,8,7,4,2,3,1,la x,La X,0,1,1,0,0,1,1,-99,-99,-99,-99,-99,-99,-99,1,-99,-99,,1,-99,-99,-99,-99,-99,-99,-99,1,-99,-99,,1,6,1,1,1,1,1,1,-99,,2,,-99,-99,-99,-99,-99,-99,-99,,3,18,,19,falta d gua,3,1,municipales,revisar el teléfono,2,10,6,6,7,5,2,2,1,1,3,,2,2,0,0,0,1,,18,1,9,4,1,1,,2,,los alcaldes
4832,7,3,2,2,,,0,,,0,,,0,1,1,2,1,2,2,2,2,2,2,2,2,2,2,1,1,-99,-99,-99,-99,-99,-99,,-99,1,,8,10,3,5,10,7,10,10,10,10,10,1,7,2,0,,10,5,2,0,,10,3,2,0,,10,10,10,2,0,,9,2,0,,3,10,10,10,6,3,10,9,11,1,3,4,4,4,4,casa juan Gabriel,La casa de Juan Gabriel,1,2,,,,2,-99,-99,-99,-99,-99,-99,-99,-99,-99,-99,-99,,-99,-99,-99,-99,-99,-99,-99,1,1,-99,-99,,1,9,-99,-99,-99,-99,-99,-99,-99,,2,,-99,-99,-99,-99,-99,-99,-99,,4,19,casa de renta,19,muchos perros,1,2,,,3,10,5,10,5,10,2,1,1,2,2,,2,2,0,0,0,1,,52,3,1,4,1,1,,2,,losalcaldes
4832,7,2,4,1,No hay ninguna persona en nivel basico,,3,8,,2,5,instalaciones,1,1,1,1,1,1,1,2,1,1,2,2,2,2,1,1,-99,-99,1,1,1,-99,-99,,-99,5,,10,9,8,10,10,9,9,9,9,10,10,9,7,2,0,,9,5,1,1,7,9,3,2,0,,10,10,9,2,0,,6,1,2,1,8,5,8,6,7,7,10,0,9,10,7,1,3,4,2,la ex aduana,El museo de la Ex-Aduana,0,2,,,,1,1,-99,-99,-99,-99,-99,-99,-99,1,-99,-99,,1,-99,-99,-99,-99,1,-99,-99,1,-99,-99,,1,3,-99,-99,1,1,1,-99,-99,,2,,-99,-99,-99,-99,-99,-99,-99,,4,11,,12,,1,1,municipal,regiistro obligado,3,6,7,6,3,8,2,1,1,1,5,,2,2,0,0,0,2,,45,3,2,7,1,2,,3,,alcaldes
4832,7,4,1,2,,,0,,,0,,,0,1,1,1,1,2,1,2,2,2,2,2,2,2,2,1,-99,-99,-99,-99,1,-99,-99,,-99,5,,9,7,2,10,9,2,5,5,7,6,7,7,7,2,0,,4,4,1,1,7,10,3,2,0,,3,5,5,2,0,,2,2,0,,4,4,4,5,4,2,5,11,11,5,3,4,1,1,1,la x,La X,1,2,,,,2,-99,-99,-99,-99,-99,-99,-99,-99,-99,-99,-99,,-99,-99,-99,-99,-99,-99,-99,1,-99,-99,-99,,2,,-99,-99,-99,-99,-99,-99,-99,,2,,-99,-99,-99,-99,-99,-99,-99,,2,5,,7,,1,2,,,1,9,10,5,1,5,2,2,2,2,3,,2,2,0,0,0,1,,24,1,1,6,1,1,,2,,los alcaldes
4832,7,2,2,1,5,hace falta maestro s,1,6,falta de maestro,1,10,,2,1,1,1,2,2,1,2,2,2,2,2,2,2,2,1,1,-99,-99,-99,-99,-99,-99,,-99,1,,6,6,6,6,6,6,6,6,6,6,8,8,7,2,0,,8,5,2,0,,8,2,2,0,,6,6,6,2,0,,6,2,0,,6,6,6,6,6,6,6,6,6,6,6,3,2,2,2,parque central,El Parque Central,2,2,,,,1,-99,-99,-99,-99,-99,-99,-99,1,-99,-99,-99,,-99,-99,-99,-99,-99,-99,-99,1,-99,-99,-99,,2,,-99,-99,-99,-99,-99,-99,-99,,2,,-99,-99,-99,-99,-99,-99,-99,,2,5,,7,,1,2,,,3,1,8,6,6,6,2,2,2,1,2,,2,2,0,0,0,1,,34,2,2,9,1,10,,11,,fernando baeza
4832,7,4,2,1,7,,1,8,,1,9,,1,1,2,2,1,2,2,2,2,2,2,2,2,2,2,1,1,-99,-99,-99,-99,-99,-99,,-99,1,,5,8,5,7,7,8,10,10,7,8,7,7,7,1,1,8,8,3,1,1,6,10,3,2,0,,7,8,8,2,0,,7,2,0,,5,10,10,10,8,8,8,11,8,2,1,3,4,4,4,la x,La X,2,2,,,,1,-99,-99,-99,-99,-99,-99,1,-99,-99,-99,-99,,-99,-99,-99,-99,-99,-99,-99,1,-99,-99,-99,,2,,-99,-99,-99,-99,-99,-99,-99,,2,,-99,-99,-99,-99,-99,-99,-99,,4,5,,9,,1,1,municipal,violencia,3,1,5,5,6,5,1,1,2,1,6,,2,2,0,0,0,2,,35,2,2,4,1,1,,3,,los alcaldes
4832,7,3,2,1,8,,1,8,,1,9,,1,1,2,1,2,2,2,2,2,2,2,2,2,2,2,2,-99,-99,-99,1,-99,-99,-99,,-99,4,,8,8,7,7,8,10,8,8,8,10,10,10,7,2,0,,10,5,2,0,,10,3,2,0,,5,5,5,2,0,,5,2,0,,8,9,9,5,8,5,9,11,11,8,8,4,5,3,3,la x,La X,0,1,2,0,1,1,-99,-99,-99,-99,-99,-99,-99,-99,1,-99,-99,,-99,-99,-99,-99,-99,-99,-99,-99,1,-99,-99,,1,8,-99,-99,-99,-99,-99,-99,-99,,2,,-99,-99,-99,-99,-99,-99,-99,,3,5,,9,,3,2,,,1,9,8,8,7,8,1,2,2,1,1,,2,2,0,0,0,2,,38,2,9,4,1,2,,2,,los alcaldes
4832,7,3,2,1,9,,1,8,,1,10,,1,1,1,1,1,2,2,2,2,2,2,2,2,2,2,2,1,-99,-99,-99,-99,-99,-99,,-99,1,,8,8,5,6,6,7,10,10,10,10,10,10,7,2,0,,10,4,2,0,,10,3,2,0,,10,10,8,2,0,,10,2,0,,10,10,10,10,10,10,8,10,10,10,10,4,2,2,2,la x,La X,2,2,,,,1,-99,-99,-99,-99,-99,-99,-99,1,-99,-99,-99,,-99,-99,-99,-99,-99,-99,-99,1,-99,-99,-99,,2,,-99,-99,-99,-99,-99,-99,-99,,2,,-99,-99,-99,-99,-99,-99,-99,,2,2,,5,,1,2,,,4,9,10,10,10,10,1,1,1,1,3,,2,2,0,0,0,1,,35,2,2,2,1,1,,2,,alcaldes
4832,7,2,3,2,,,0,,,0,,,0,1,2,1,1,2,1,2,2,2,1,2,2,2,2,2,1,-99,-99,-99,-99,-99,-99,,-99,1,,5,10,5,10,10,8,10,10,10,10,10,10,7,2,0,,6,3,2,0,,10,3,2,0,,8,8,8,2,0,,10,2,0,,8,11,0,0,0,0,8,0,11,5,5,4,3,5,5,la x,La X,2,1,0,0,1,2,-99,-99,-99,-99,-99,-99,-99,-99,-99,-99,-99,,-99,-99,-99,-99,-99,-99,-99,-99,-99,1,-99,,2,,-99,-99,-99,-99,-99,-99,-99,,1,10,-99,-99,-99,-99,-99,-99,-99,,3,5,,6,,1,2,,,1,9,5,8,7,8,2,2,2,1,1,,2,2,0,0,0,2,,68,4,1,2,1,1,,1,,ampliación alcaldes
4832,7,3,1,2,,,0,,,0,,,0,1,1,1,2,2,2,2,2,2,2,2,2,2,2,1,-99,-99,-99,-99,1,-99,-99,,-99,5,,10,10,10,10,10,10,8,9,9,9,7,10,7,2,0,,10,5,2,0,,8,2,2,0,,9,8,8,2,0,,6,2,0,,8,8,7,8,7,9,11,11,9,6,6,4,5,5,3,monumeo a benito juarez,El monumento a Benito Juárez,1,2,,,,2,-99,-99,-99,-99,-99,-99,-99,-99,-99,-99,-99,,-99,-99,-99,-99,-99,-99,-99,1,-99,-99,-99,,2,,-99,-99,-99,-99,-99,-99,-99,,2,,-99,-99,-99,-99,-99,-99,-99,,4,5,,19,maslures de recreacion,2,1,alhunas depencias esatales y municipales,no atieden a las solicitudes,3,1,8,7,7,10,2,2,1,1,4,,2,2,0,0,0,2,,69,4,8,8,1,13,,13,,fernando baeza
4832,7,3,2,1,No hay ninguna persona en nivel basico,,3,10,,1,No hay ninguna persona en educacion superior,,3,1,1,1,1,2,1,2,2,2,2,2,1,2,2,1,-99,-99,-99,-99,1,-99,-99,,1,5,,7,7,7,8,8,8,8,8,8,8,5,8,7,3,0,,8,3,2,0,,8,2,2,0,,7,7,8,2,0,,6,2,0,,8,7,7,8,7,7,7,0,7,7,8,4,5,5,5,la x,La X,3,2,,,,1,-99,-99,-99,-99,-99,-99,-99,1,-99,-99,-99,,-99,-99,-99,-99,-99,-99,-99,1,-99,-99,-99,,2,,-99,-99,-99,-99,-99,-99,-99,,2,,-99,-99,-99,-99,-99,-99,-99,,3,5,,19,el gobrrno sequeda con los recursos,1,1,municipal,paradas indevidas,3,5,6,6,6,7,2,1,2,1,2,,2,2,0,0,0,2,,49,3,9,4,1,2,,2,,fernando baeza
4832,7,3,2,2,,,0,,,0,,,0,1,2,1,1,2,2,2,2,2,2,2,2,1,2,1,-99,-99,-99,-99,1,-99,-99,,-99,5,,8,7,7,6,10,10,8,9,10,4,7,10,7,2,0,,7,2,1,1,8,9,3,2,0,,7,9,6,2,0,,3,2,0,,6,11,0,0,0,0,0,0,5,7,6,4,5,5,5,monumento a juarez,El monumento a Benito Juárez,1,2,,,,1,-99,-99,-99,-99,-99,-99,-99,1,-99,-99,-99,,-99,-99,-99,-99,-99,-99,-99,1,-99,-99,-99,,2,,-99,-99,-99,-99,-99,-99,-99,,2,,-99,-99,-99,-99,-99,-99,-99,,3,5,,1,,1,2,,,2,1,6,3,3,8,2,1,1,1,1,,1,0,5,1,1,2,,43,2,2,6,1,1,,1,,fernando baeza
4832,7,4,1,1,9,,1,No hay ninguna persona en educacion media,,3,10,,1,1,1,1,1,2,1,2,2,1,2,2,2,2,2,1,-99,-99,-99,-99,1,-99,-99,,-99,5,,9,10,8,10,10,4,9,10,10,10,10,10,7,2,0,,10,5,2,0,,10,3,2,0,,10,10,7,2,0,,9,2,0,,9,6,7,9,9,9,1,11,11,10,10,4,4,4,4,la x,La X,3,2,,,,2,-99,-99,-99,-99,-99,-99,-99,-99,-99,-99,-99,,-99,-99,-99,-99,-99,-99,-99,1,-99,-99,-99,,2,,-99,-99,-99,-99,-99,-99,-99,,2,,-99,-99,-99,-99,-99,-99,-99,,4,2,,7,,1,2,,,3,9,9,6,8,10,2,2,2,2,1,,2,2,0,0,0,1,,51,3,1,4,1,1,,1,,reyes vaesa
4832,7,1,2,2,,,0,,,0,,,0,1,1,2,2,2,2,2,2,2,2,2,2,2,2,1,1,-99,-99,-99,-99,-99,-99,,-99,1,,10,10,10,10,10,10,10,10,9,10,10,10,7,2,0,,8,3,2,0,,9,3,2,0,,8,3,8,2,0,,7,2,0,,8,4,8,6,4,7,4,8,2,8,11,4,4,3,4,la x,La X,0,2,,,,2,-99,-99,-99,-99,-99,-99,-99,-99,-99,-99,-99,,-99,-99,-99,-99,-99,1,-99,-99,-99,-99,-99,,2,,-99,-99,-99,-99,-99,-99,-99,,2,,-99,-99,-99,-99,-99,-99,-99,,4,3,,6,,3,2,,,1,3,7,10,6,6,1,1,1,1,1,,2,2,0,0,0,1,,77,4,1,2,1,1,,1,,torres del pri
4832,7,2,2,2,,,0,,,0,,,0,1,1,2,1,2,2,2,2,2,2,2,2,2,1,1,-99,-99,-99,1,-99,-99,-99,,-99,4,,2,2,2,2,5,5,4,2,4,10,9,8,7,2,0,,10,5,2,0,,8,3,2,0,,8,8,8,2,0,,2,1,2,5,9,10,8,8,8,2,5,1,2,11,5,3,4,2,4,monumento a Juárez,El monumento a Benito Juárez,0,1,0,0,1,2,-99,-99,-99,-99,-99,-99,-99,-99,-99,-99,-99,,-99,-99,-99,-99,-99,1,-99,-99,-99,-99,-99,,2,,-99,-99,-99,-99,-99,-99,-99,,2,,-99,-99,-99,-99,-99,-99,-99,,2,7,,2,,3,1,tránsito,corupsion,3,9,8,8,2,5,1,1,1,1,5,,2,2,0,0,0,2,,52,3,4,4,2,19,,19,,torres del pri
4832,7,3,2,2,,,0,,,0,,,0,2,2,2,1,2,2,2,2,2,2,2,2,2,2,2,1,-99,-99,-99,-99,-99,-99,,-99,1,,8,9,9,5,7,6,10,9,9,9,10,9,7,2,0,,9,5,2,0,,9,3,2,0,,9,10,8,2,0,,5,2,0,,8,5,7,7,5,8,7,11,11,6,7,4,3,3,3,la x,La X,1,2,,,,2,-99,-99,-99,-99,-99,-99,-99,-99,-99,-99,-99,,-99,-99,-99,-99,-99,-99,-99,1,-99,-99,-99,,2,,-99,-99,-99,-99,-99,-99,-99,,2,,-99,-99,-99,-99,-99,-99,-99,,4,6,,2,,1,2,,,3,2,5,6,2,5,2,2,2,2,1,,2,2,0,0,0,2,,62,4,8,6,1,1,,19,,torres del pri
4832,7,4,1,2,,,0,,,0,,,0,2,2,1,2,2,2,2,2,2,2,2,2,2,2,2,1,-99,-99,-99,-99,-99,-99,,-99,1,,10,10,7,10,10,7,10,10,10,7,10,10,7,2,0,,10,4,2,0,,9,3,2,0,,9,10,9,2,0,,6,2,0,,6,8,6,11,4,6,6,11,7,7,9,4,3,3,3,la x,La X,0,2,,,,2,-99,-99,-99,-99,-99,-99,-99,-99,-99,-99,-99,,-99,-99,-99,-99,-99,1,-99,-99,-99,-99,-99,,2,,-99,-99,-99,-99,-99,-99,-99,,2,,-99,-99,-99,-99,-99,-99,-99,,4,7,,5,,1,2,,,2,2,5,5,5,6,2,2,2,2,6,,2,2,0,0,0,1,,71,4,8,3,1,1,,19,,torres del pri
4832,7,3,2,1,8,,1,10,,1,No hay ninguna persona en educacion superior,,3,1,1,1,2,2,2,2,2,2,2,2,2,2,2,2,1,-99,-99,-99,-99,-99,-99,,-99,1,,6,7,8,5,5,8,10,8,8,10,6,10,7,2,0,,10,5,2,0,,10,3,2,0,,6,7,7,2,0,,10,2,0,,8,6,7,8,7,6,6,11,8,7,0,4,2,4,2,chamisal,El Chamizal,2,1,0,1,0,1,-99,-99,-99,-99,-99,-99,-99,1,-99,-99,-99,,-99,-99,-99,-99,-99,-99,-99,1,-99,-99,-99,,2,,-99,-99,-99,-99,-99,-99,-99,,2,,-99,-99,-99,-99,-99,-99,-99,,3,5,,6,,1,2,,,2,1,7,5,7,6,2,2,1,2,6,,2,1,1,1,1,1,,54,3,2,4,1,4,,6,,torres del pri
4832,7,3,2,2,,,0,,,0,,,0,1,2,1,1,2,2,2,2,2,2,2,2,2,2,1,1,-99,-99,-99,-99,-99,-99,,-99,1,,9,10,9,9,9,10,10,10,10,10,9,10,7,2,0,,10,5,2,0,,10,3,2,0,,10,9,10,2,0,,10,2,0,,10,8,8,8,8,10,9,10,8,10,10,4,5,5,5,la x,La X,1,2,,,,2,-99,-99,-99,-99,-99,-99,-99,-99,-99,-99,-99,,1,-99,-99,-99,-99,-99,-99,-99,1,-99,-99,,1,9,-99,-99,-99,-99,-99,-99,-99,,2,,-99,-99,-99,-99,-99,-99,-99,,4,6,,10,,4,2,,,3,1,9,9,9,8,2,2,1,2,2,,2,2,0,0,0,1,,52,3,1,4,1,1,,2,,torres del pri calle segunda
4832,7,2,2,1,8,,1,8,,1,No hay ninguna persona en educacion superior,,3,1,1,1,1,2,2,1,2,2,2,2,1,2,2,1,1,-99,-99,-99,-99,-99,-99,,-99,1,,10,8,6,6,6,10,10,9,10,10,9,9,7,2,0,,10,5,2,0,,10,3,2,0,,8,8,8,2,0,,10,2,0,,10,9,10,10,9,9,8,10,10,9,9,1,2,4,3,la x,La X,0,1,1,0,1,1,1,-99,-99,-99,-99,-99,-99,-99,-99,-99,-99,,1,-99,-99,-99,-99,-99,-99,-99,-99,-99,-99,,2,,-99,-99,-99,-99,-99,-99,-99,,2,,-99,-99,-99,-99,-99,-99,-99,,3,2,,5,,3,2,,,1,4,8,9,9,10,1,1,1,1,4,,2,2,0,0,0,1,,60,4,2,2,1,1,,2,,torres del pri
4832,7,2,3,2,,,0,,,0,,,0,2,1,1,2,2,1,2,2,2,2,2,2,2,2,1,-99,-99,-99,-99,-99,-99,1,CENTRO COMUNITARIO,-99,7,CENTRO COMUNITARIO,10,10,8,6,7,5,10,8,8,8,9,10,7,2,0,,8,3,2,0,,10,3,2,0,,10,10,9,2,0,,9,2,0,,7,11,0,0,0,0,0,0,0,5,0,4,5,5,5,centro cultural paso del norte,El centro cultural Paso del norte,0,2,,,,2,-99,-99,-99,-99,-99,-99,-99,-99,-99,-99,-99,,-99,-99,-99,-99,-99,-99,-99,-99,1,-99,-99,,1,6,1,-99,1,1,1,-99,-99,,1,10,-99,-99,-99,-99,-99,-99,-99,,4,19,areas verdes,19,trafico,1,2,,,2,3,8,5,5,9,2,2,1,2,6,,2,2,0,0,0,1,,68,4,1,2,1,1,,1,,torresel pri
4832,7,3,1,2,,,0,,,0,,,0,1,2,1,2,2,2,2,2,2,2,2,2,2,2,2,1,-99,-99,-99,-99,-99,-99,,-99,1,,8,5,6,8,8,8,9,9,10,9,9,9,7,2,0,,9,5,2,0,,10,3,2,0,,9,9,8,2,0,,8,2,0,,8,8,8,8,8,8,8,0,8,8,8,4,4,4,4,la puerta deentrada,Umbral del milenio,1,2,,,,2,-99,-99,-99,-99,-99,-99,-99,-99,-99,-99,-99,,-99,-99,-99,-99,-99,-99,-99,1,-99,-99,-99,,2,,-99,-99,-99,-99,-99,-99,-99,,2,,-99,-99,-99,-99,-99,-99,-99,,3,5,,2,,1,2,,,2,3,8,9,8,9,1,1,1,2,7,carros yonqueados,2,2,0,0,0,2,,79,4,8,5,1,2,,2,,torresdel pri
4832,7,4,1,1,1,8,1,No hay ninguna persona en educacion media,,3,No hay ninguna persona en educacion superior,,3,1,2,2,1,2,2,2,2,2,2,2,2,2,2,2,1,-99,-99,1,-99,-99,-99,,-99,4,,10,10,10,10,10,10,10,10,10,10,5,10,7,2,0,,5,5,2,0,,10,3,2,0,,5,10,5,2,0,,10,2,0,,5,11,0,0,0,0,0,0,0,10,5,4,5,1,1,monumento a benito juarez,El monumento a Benito Juárez,0,1,1,0,0,1,-99,-99,-99,-99,-99,-99,-99,-99,1,1,-99,,-99,-99,-99,-99,-99,-99,-99,-99,1,1,-99,,1,5,-99,1,1,1,1,-99,-99,,1,5,1,-99,-99,1,-99,-99,-99,,4,5,,2,,1,2,,,1,1,5,5,5,10,2,1,2,1,2,,2,2,0,0,0,1,,43,2,1,7,1,1,,1,,torr del pri
4832,7,2,3,2,,,0,,,0,,,0,1,1,2,2,2,2,2,2,1,2,2,2,2,2,1,1,-99,-99,1,-99,-99,-99,,-99,4,,9,10,3,2,8,10,10,10,10,10,10,10,7,2,0,,9,3,2,0,,10,3,2,0,,10,10,7,2,0,,10,2,0,,9,8,8,8,8,2,4,3,7,9,9,4,4,4,4,la x,La X,2,2,,,,1,-99,-99,-99,1,-99,-99,-99,-99,-99,-99,-99,,-99,-99,-99,-99,-99,-99,-99,1,-99,-99,-99,,2,,-99,-99,-99,-99,-99,-99,-99,,2,,-99,-99,-99,-99,-99,-99,-99,,4,19,estacionamiento,2,,4,2,,,6,11,10,5,10,10,1,1,1,2,5,,2,2,0,0,0,1,,58,3,2,4,1,1,,2,,torres de el el pri
4832,7,4,1,2,,,0,,,0,,,0,1,1,1,2,2,2,2,2,1,2,2,2,2,1,1,1,-99,-99,-99,-99,-99,-99,,-99,1,,10,10,10,10,10,10,9,7,10,10,10,5,7,2,0,,9,5,2,0,,10,3,2,0,,8,10,4,2,0,,10,2,0,,10,10,5,6,8,8,10,0,10,5,7,4,5,5,5,la x,La X,1,2,,,,2,-99,-99,-99,-99,-99,-99,-99,-99,-99,-99,-99,,-99,-99,-99,-99,-99,-99,-99,1,-99,-99,-99,,2,,-99,-99,-99,-99,-99,-99,-99,,1,10,-99,-99,-99,-99,-99,-99,-99,,4,5,,8,,1,2,,,5,3,10,2,1,2,1,1,1,2,7,perros callejeros,2,2,0,0,0,1,,68,4,1,5,1,1,,5,bimestral,torres del pri
4832,7,4,2,1,10,,1,No hay ninguna persona en educacion media,,3,No hay ninguna persona en educacion superior,,3,1,1,1,1,2,1,2,2,2,2,2,2,2,1,1,1,-99,-99,1,-99,-99,-99,,-99,1,,10,10,10,10,10,2,10,10,10,10,10,10,7,2,0,,10,5,2,0,,10,2,2,0,,8,10,8,2,0,,7,2,0,,10,9,9,7,9,2,10,4,10,5,7,4,4,5,4,gym Chavira,Gimnasios públicos,1,1,0,0,1,2,-99,-99,-99,-99,-99,-99,-99,-99,-99,-99,-99,,-99,-99,-99,-99,-99,-99,-99,1,-99,-99,-99,,2,,-99,-99,-99,-99,-99,-99,-99,,2,,-99,-99,-99,-99,-99,-99,-99,,4,5,,19,inmigrante,1,2,,,5,1,10,3,10,10,2,2,1,1,1,,2,2,0,0,0,2,,70,4,1,3,1,1,,1,,torres del pri
4832,7,3,4,2,,,0,,,0,,,0,1,2,2,2,2,2,2,2,2,2,2,2,2,2,2,-99,-99,-99,-99,-99,1,-99,,-99,6,,,,,,,,10,5,9,10,7,10,7,2,0,,2,5,2,0,,10,3,2,0,,10,10,7,2,0,,10,2,0,,6,10,10,9,9,4,9,11,10,10,3,4,5,5,5,la casa de juan gabril,La casa de Juan Gabriel,0,1,0,0,1,2,-99,-99,-99,-99,-99,-99,-99,-99,-99,-99,-99,,-99,-99,-99,-99,-99,1,-99,-99,-99,-99,-99,,2,,-99,-99,-99,-99,-99,-99,-99,,2,,-99,-99,-99,-99,-99,-99,-99,,4,8,,5,,1,2,,,5,2,7,6,7,8,1,1,1,1,2,,2,2,0,0,0,1,,74,4,1,1,1,1,,3,bimestral,torres del pri
7678,8,3,3,2,,,0,,,0,,,0,2,2,1,2,2,2,2,2,2,2,2,2,2,2,2,-99,-99,-99,1,-99,-99,-99,,-99,4,,10,10,10,10,7,10,10,9,9,9,10,10,7,2,0,,9,5,2,0,,10,2,2,0,,9,10,8,2,0,,8,2,0,,9,7,6,7,5,7,5,11,11,10,8,4,3,2,3,la x,La X,2,2,,,,2,-99,-99,-99,-99,-99,-99,-99,-99,-99,-99,-99,,1,-99,-99,-99,-99,-99,-99,-99,-99,-99,-99,,2,,-99,-99,-99,-99,-99,-99,-99,,2,,-99,-99,-99,-99,-99,-99,-99,,4,2,,6,,1,2,,,3,3,5,5,2,5,2,2,2,2,2,,2,2,0,0,0,1,,48,3,1,6,1,1,,2,,parajes d oriente
7678,8,1,3,2,,,0,,,0,,,0,2,1,2,2,2,2,2,2,2,2,2,2,2,2,2,-99,-99,-99,-99,1,-99,-99,,-99,5,,3,3,7,5,6,7,7,7,3,6,7,6,7,2,0,,6,4,2,0,,10,3,2,0,,7,7,6,2,0,,3,2,0,,5,3,7,7,5,6,0,11,11,6,5,1,3,3,3,La catedral,La Catedral,0,2,,,,2,-99,-99,-99,-99,-99,-99,-99,-99,-99,-99,-99,,-99,-99,-99,-99,-99,-99,-99,-99,-99,-99,1,SE RESERVA,2,,-99,-99,-99,-99,-99,-99,-99,,2,,-99,-99,-99,-99,-99,-99,-99,,3,7,,6,,1,2,,,3,2,7,6,4,7,2,2,2,1,6,,2,2,0,0,0,1,,56,3,1,6,1,1,,2,,parajes de oriente
7678,8,3,3,1,10,,1,No hay ninguna persona en educacion media,,3,No hay ninguna persona en educacion superior,,3,2,2,1,2,2,2,2,2,2,2,2,2,2,2,2,1,-99,-99,-99,-99,-99,-99,,-99,1,,2,2,1,2,5,5,10,8,6,7,10,9,7,2,0,,10,4,2,0,,10,3,2,0,,8,8,6,2,0,,2,2,0,,9,3,7,7,7,7,8,11,11,6,2,4,3,3,2,parque central,El Parque Central,1,1,2,0,0,1,-99,-99,-99,-99,-99,-99,-99,-99,-99,-99,1,SE RESERVA,-99,-99,-99,-99,-99,-99,-99,1,-99,-99,-99,,2,,-99,-99,-99,-99,-99,-99,-99,,2,,-99,-99,-99,-99,-99,-99,-99,,3,9,,7,,1,2,,,3,5,8,7,8,5,2,2,2,1,3,,2,2,0,0,0,1,,24,1,2,4,1,1,,3,,parajes de oriente
7678,8,1,2,1,10,,1,No hay ninguna persona en educacion media,,3,No hay ninguna persona en educacion superior,,3,2,2,2,2,2,1,2,2,2,2,2,2,2,2,2,1,-99,-99,-99,-99,-99,-99,,-99,1,,5,5,6,2,6,3,9,7,7,7,10,10,7,2,0,,9,4,2,0,,2,2,2,0,,9,8,8,2,0,,6,2,0,,9,4,6,7,7,7,4,11,11,7,10,2,3,3,3,monumeno,El monumento a Benito Juárez,0,1,1,0,0,1,-99,-99,-99,1,-99,-99,-99,-99,-99,-99,-99,,-99,-99,-99,-99,-99,1,-99,-99,-99,-99,-99,,2,,-99,-99,-99,-99,-99,-99,-99,,2,,-99,-99,-99,-99,-99,-99,-99,,4,2,,6,,1,2,,,3,2,5,5,7,7,2,2,2,1,1,,2,2,0,0,0,1,,31,2,2,4,1,1,,19,,parajes de oriente
7678,8,4,2,1,No hay ninguna persona en nivel basico,,3,No hay ninguna persona en educacion media,,3,10,,1,1,2,2,2,2,2,1,2,2,2,2,2,2,2,2,1,-99,-99,-99,-99,-99,-99,,-99,1,,6,5,4,5,4,6,8,7,8,9,7,9,7,2,0,,10,4,2,0,,10,3,2,0,,8,10,8,2,0,,4,2,0,,9,6,7,7,6,4,8,11,9,5,9,3,3,3,3,la x,La X,2,2,,,,1,-99,-99,-99,-99,-99,-99,-99,1,-99,-99,-99,,-99,-99,-99,-99,-99,-99,-99,1,-99,-99,-99,,2,,-99,-99,-99,-99,-99,-99,-99,,2,,-99,-99,-99,-99,-99,-99,-99,,3,15,,2,,1,2,,,3,2,5,5,4,4,2,2,2,1,6,,2,2,0,0,0,1,,24,1,5,9,1,1,,3,,parajes de oriente
7678,8,4,1,1,10,,1,No hay ninguna persona en educacion media,,3,No hay ninguna persona en educacion superior,,3,2,2,1,2,2,2,2,2,2,2,2,2,2,2,2,1,-99,-99,-99,-99,-99,-99,,-99,1,,8,7,9,8,9,7,10,6,9,7,10,7,7,2,0,,10,4,2,0,,10,2,2,0,,9,5,9,2,0,,9,2,0,,9,7,7,7,6,5,5,11,8,5,8,2,3,3,3,la x,La X,1,1,3,0,2,1,-99,-99,-99,-99,-99,-99,-99,1,-99,-99,-99,,-99,-99,-99,-99,-99,-99,-99,1,-99,-99,-99,,2,,-99,-99,-99,-99,-99,-99,-99,,2,,-99,-99,-99,-99,-99,-99,-99,,4,6,,2,,1,2,,,3,2,5,5,5,5,2,2,2,1,1,,2,2,0,0,0,1,,32,2,9,4,1,4,,19,,parajes de oriente
7678,8,1,3,1,No hay ninguna persona en nivel basico,,3,No hay ninguna persona en educacion media,,3,10,,1,2,2,1,2,2,1,2,2,2,2,2,2,2,2,2,1,-99,-99,-99,-99,-99,-99,,-99,1,,7,7,5,4,5,7,10,9,7,7,9,9,7,2,0,,10,4,2,0,,10,3,2,0,,9,6,9,2,0,,4,2,0,,5,5,6,7,6,7,4,11,11,7,9,4,3,3,3,la catedral,La Catedral,0,1,0,2,0,2,-99,-99,-99,-99,-99,-99,-99,-99,-99,-99,-99,,-99,-99,-99,-99,-99,-99,-99,-99,-99,-99,1,SE RESERVA,2,,-99,-99,-99,-99,-99,-99,-99,,2,,-99,-99,-99,-99,-99,-99,-99,,3,2,,9,,1,2,,,2,2,5,5,2,3,2,1,2,2,6,,2,2,0,0,0,2,,85,4,9,13,1,1,,19,,parajes de oriente
7678,8,4,3,1,No hay ninguna persona en nivel basico,,3,10,,1,No hay ninguna persona en educacion superior,,3,2,2,2,1,2,2,2,2,2,2,2,2,2,2,2,1,-99,-99,-99,-99,-99,-99,,-99,1,,10,7,2,9,10,7,8,6,9,7,10,10,7,2,0,,10,5,2,0,,10,2,2,0,,9,7,9,2,0,,5,2,0,,9,5,7,7,7,7,8,11,8,6,10,4,3,3,3,la x,La X,1,1,0,0,1,1,-99,-99,-99,-99,-99,-99,-99,1,-99,-99,-99,,-99,-99,-99,-99,-99,-99,-99,1,-99,-99,-99,,2,,-99,-99,-99,-99,-99,-99,-99,,2,,-99,-99,-99,-99,-99,-99,-99,,3,2,,7,,1,2,,,3,1,10,6,7,5,2,1,2,1,6,,2,2,0,0,0,2,,38,2,2,4,1,1,,3,,parajes de oriente
7678,8,4,1,1,10,,1,No hay ninguna persona en educacion media,,3,10,,1,2,2,1,2,2,2,2,2,2,2,2,2,2,2,2,1,-99,-99,-99,-99,-99,-99,,-99,1,,1,5,1,7,5,7,10,10,10,7,8,7,7,2,0,,10,4,2,0,,10,3,2,0,,3,5,5,2,0,,2,2,0,,5,7,7,7,6,5,11,11,8,6,6,4,3,3,3,la catedral,La Catedral,2,1,2,2,1,1,-99,-99,-99,-99,-99,-99,-99,1,-99,-99,-99,,-99,-99,-99,-99,-99,-99,-99,1,-99,-99,-99,,2,,-99,-99,-99,-99,-99,-99,-99,,2,,-99,-99,-99,-99,-99,-99,-99,,4,7,,2,,1,2,,,1,1,6,8,10,6,1,1,2,1,6,,2,2,0,0,0,2,,43,2,2,6,1,2,,3,,parajs de oriente
7678,8,3,1,1,10,,1,10,,1,No hay ninguna persona en educacion superior,,3,2,2,1,2,2,2,2,2,2,2,2,2,2,2,2,-99,-99,-99,-99,1,-99,-99,,-99,5,,9,9,9,10,10,7,10,7,5,5,10,10,7,2,0,,9,5,2,0,,10,3,2,0,,9,6,8,2,0,,5,2,0,,9,8,6,6,6,6,10,11,8,8,9,4,3,3,3,la x,La X,2,2,,,,1,1,-99,-99,-99,-99,-99,-99,-99,-99,-99,-99,,-99,-99,-99,-99,-99,-99,-99,1,-99,-99,-99,,2,,-99,-99,-99,-99,-99,-99,-99,,2,,-99,-99,-99,-99,-99,-99,-99,,4,2,,15,,1,2,,,3,2,7,6,7,7,2,2,2,1,2,,2,2,0,0,0,2,,35,2,9,4,1,2,,2,,parajes de oriente
7678,8,3,2,1,No hay ninguna persona en nivel basico,,3,No hay ninguna persona en educacion media,,3,10,,2,2,2,1,2,2,2,2,2,2,2,2,2,2,2,2,1,-99,-99,-99,-99,-99,-99,,-99,1,,7,8,5,7,9,7,10,7,10,7,10,7,7,2,0,,8,5,2,0,,10,3,2,0,,9,8,8,2,0,,5,2,0,,9,6,7,6,6,7,6,11,8,8,8,4,3,3,3,la x,La X,2,2,,,,1,-99,-99,-99,-99,-99,-99,-99,1,-99,-99,-99,,-99,-99,-99,-99,-99,-99,-99,1,-99,-99,-99,,2,,-99,-99,-99,-99,-99,-99,-99,,2,,-99,-99,-99,-99,-99,-99,-99,,4,5,,8,,1,2,,,3,2,8,5,6,7,2,2,2,2,6,,2,2,0,0,0,2,,62,4,8,3,1,1,,1,,parajes de oriente
7678,8,3,1,1,7,,1,9,,1,8,,2,2,2,1,2,2,2,2,2,2,2,2,2,2,2,2,1,-99,-99,-99,-99,-99,-99,,-99,1,,6,6,2,5,7,7,10,7,8,9,5,5,7,2,0,,8,4,2,0,,10,3,2,0,,9,7,8,2,0,,5,2,0,,8,7,6,6,7,4,5,11,8,7,6,4,3,2,3,la x,La X,2,1,1,0,2,1,-99,-99,-99,1,-99,-99,-99,-99,-99,-99,-99,,-99,-99,-99,-99,-99,-99,-99,1,-99,-99,-99,,2,,-99,-99,-99,-99,-99,-99,-99,,2,,-99,-99,-99,-99,-99,-99,-99,,4,2,,6,,1,2,,,3,5,5,5,7,7,2,2,2,1,6,,2,2,0,0,0,1,,41,2,2,4,1,1,,4,,parejes fe orientr
7678,8,2,2,1,10,,1,No hay ninguna persona en educacion media,,3,No hay ninguna persona en educacion superior,,3,2,2,1,2,2,2,2,2,2,2,2,2,2,2,2,1,-99,-99,-99,-99,-99,-99,,-99,1,,8,6,7,6,7,7,10,7,6,7,10,9,7,2,0,,9,5,2,0,,10,3,2,0,,9,6,8,2,0,,8,2,0,,7,7,6,4,6,6,8,11,9,8,9,4,3,3,3,la x,La X,1,1,1,0,0,1,-99,-99,-99,-99,-99,-99,-99,1,-99,-99,-99,,-99,-99,-99,-99,-99,-99,-99,1,-99,-99,-99,,2,,-99,-99,-99,-99,-99,-99,-99,,2,,-99,-99,-99,-99,-99,-99,-99,,4,6,,9,,1,2,,,3,1,5,6,8,7,2,2,2,1,1,,2,2,0,0,0,2,,48,3,9,3,1,1,,1,,parajes de orienr
7678,8,4,1,1,8,,1,No hay ninguna persona en educacion media,,3,No hay ninguna persona en educacion superior,,3,1,1,2,1,1,1,1,1,1,1,1,2,2,1,1,1,-99,-99,-99,-99,-99,-99,,-99,1,,8,8,8,9,8,9,10,9,8,10,7,9,7,2,0,,9,5,2,0,,8,3,2,0,,8,10,6,2,0,,7,3,0,,8,7,7,7,7,7,8,8,8,8,8,4,4,4,4,la x,La X,2,2,,,,1,-99,-99,-99,-99,-99,-99,-99,1,-99,-99,-99,,-99,-99,-99,-99,-99,-99,-99,1,-99,-99,-99,,2,,-99,-99,-99,-99,-99,-99,-99,,2,,-99,-99,-99,-99,-99,-99,-99,,3,10,,2,,1,2,,,4,9,10,5,5,5,1,1,2,1,5,,2,2,0,0,0,2,,24,1,2,6,1,1,,3,,parajes de oriente
7678,8,2,2,1,10,,1,No hay ninguna persona en educacion media,,3,No hay ninguna persona en educacion superior,,3,1,1,1,1,1,1,2,2,2,2,2,2,2,2,2,-99,-99,-99,-99,-99,1,-99,,-99,6,,,,,,,,10,8,10,10,9,10,7,2,0,,10,5,2,0,,10,3,2,0,,6,8,6,2,0,,5,2,0,,9,7,8,8,8,6,10,1,7,8,9,4,4,4,4,la x,La X,1,2,,,,1,-99,-99,-99,-99,-99,-99,-99,1,-99,-99,-99,,-99,-99,-99,-99,-99,-99,-99,1,-99,-99,-99,,2,,-99,-99,-99,-99,-99,-99,-99,,2,,-99,-99,-99,-99,-99,-99,-99,,4,5,,2,,4,2,,,1,9,8,6,3,10,1,1,1,2,5,,2,2,0,0,0,2,,35,2,2,4,1,2,,3,,parajes de oriente
7678,8,2,3,2,,,0,,,0,,,0,1,1,1,1,2,2,2,2,2,2,2,2,2,2,2,-99,-99,-99,1,-99,-99,-99,,-99,4,,8,10,10,8,9,2,10,10,10,10,10,10,7,2,0,,10,2,2,0,,10,2,2,0,,10,10,10,2,0,,6,2,0,,5,6,5,8,8,8,9,4,10,9,10,4,4,4,4,monumento a Juárez,El monumento a Benito Juárez,,2,,,,1,-99,-99,-99,-99,-99,-99,-99,1,-99,-99,-99,,-99,-99,-99,-99,-99,-99,-99,1,-99,-99,-99,,2,,-99,-99,-99,-99,-99,-99,-99,,2,,-99,-99,-99,-99,-99,-99,-99,,4,2,,6,,3,1,policía,asesinatos,2,5,10,8,9,10,1,1,1,1,6,,1,0,2,1,2,2,,51,3,2,1,1,1,,1,,parajes de oriente
7678,8,2,3,2,,,0,,,0,,,0,1,1,1,1,2,1,2,2,1,2,2,2,2,2,1,1,-99,-99,-99,-99,-99,-99,,-99,1,,5,7,5,3,2,5,10,10,10,10,4,7,7,2,0,,6,4,2,0,,10,3,2,0,,2,2,7,2,0,,2,2,0,,4,4,2,2,2,2,0,0,3,3,4,2,4,4,1,la x,La X,2,2,,,,1,-99,1,-99,-99,-99,-99,-99,-99,-99,-99,-99,,-99,-99,-99,-99,-99,-99,-99,1,-99,-99,-99,,2,,-99,-99,-99,-99,-99,-99,-99,,2,,-99,-99,-99,-99,-99,-99,-99,,1,7,,3,,1,2,,,6,11,6,4,1,2,1,1,2,1,7,seguridad publica,2,2,0,0,0,2,,57,3,2,6,1,1,,1,,parajes de oriente
7678,8,3,2,2,,,0,,,0,,,0,1,1,1,2,2,1,2,2,2,2,2,2,2,2,2,1,-99,-99,1,-99,-99,-99,,-99,4,,7,6,9,7,8,5,8,9,8,10,7,8,7,2,0,,10,5,2,0,,10,2,2,0,,5,10,8,2,0,,8,2,0,,6,5,2,6,2,1,11,1,1,7,1,4,5,5,5,benito Juárez,El monumento a Benito Juárez,1,2,,,,1,1,-99,-99,-99,-99,-99,-99,-99,-99,-99,-99,,1,-99,-99,-99,-99,-99,-99,1,-99,-99,-99,,2,,-99,-99,-99,-99,-99,-99,-99,,2,,-99,-99,-99,-99,-99,-99,-99,,4,11,,4,,4,2,,,2,9,6,8,8,10,1,1,1,1,1,,2,2,0,0,0,1,,37,2,2,4,1,1,,2,,pqrajes de oriente
7678,8,3,3,1,10,,1,No hay ninguna persona en educacion media,,3,No hay ninguna persona en educacion superior,,3,1,1,1,1,2,1,2,2,1,2,1,1,2,2,1,-99,-99,-99,-99,-99,1,-99,,-99,6,,,,,,,,9,8,10,10,10,1,7,2,0,,10,5,2,0,,9,3,2,0,,10,10,10,2,0,,10,2,0,,7,6,8,8,5,2,0,10,10,0,1,4,4,4,3,la x,La X,0,2,,,,2,-99,-99,-99,-99,-99,-99,-99,-99,-99,-99,-99,,-99,-99,-99,-99,-99,1,-99,-99,-99,-99,-99,,2,,-99,-99,-99,-99,-99,-99,-99,,2,,-99,-99,-99,-99,-99,-99,-99,,4,5,,4,,3,2,,,3,9,2,8,5,3,1,1,1,1,3,,2,2,0,0,0,1,,18,1,1,2,1,1,,1,,parajes de Oriente
7678,8,2,2,2,,,0,,,0,,,0,1,2,1,1,2,1,2,2,2,2,2,2,2,2,1,-99,-99,-99,-99,-99,1,-99,,-99,6,,,,,,,,7,7,7,7,10,10,7,2,0,,9,4,2,0,,10,2,2,0,,2,2,2,2,0,,8,2,0,,2,2,5,4,7,4,8,8,2,5,1,1,4,4,4,Benito Juarez,El monumento a Benito Juárez,0,2,,,,1,1,-99,-99,-99,-99,-99,-99,-99,-99,-99,-99,,1,-99,-99,-99,-99,-99,-99,-99,-99,-99,-99,,2,,-99,-99,-99,-99,-99,-99,-99,,2,,-99,-99,-99,-99,-99,-99,-99,,2,7,,6,,1,1,municipal,sobornos,3,9,10,5,9,4,2,1,2,2,3,,2,2,0,0,0,2,,35,2,2,5,1,1,,1,,paraje de Oriente
7678,8,3,2,1,10,,1,No hay ninguna persona en educacion media,,3,No hay ninguna persona en educacion superior,,3,1,2,2,1,2,2,2,2,2,2,2,2,2,2,1,1,-99,1,1,-99,-99,-99,,-99,4,,10,10,10,10,10,6,10,10,7,10,1,10,7,2,0,,10,3,2,0,,10,3,2,0,,1,1,10,2,0,,2,2,0,,1,1,1,1,1,1,1,0,0,10,1,4,4,4,1,la x,La X,0,1,1,1,1,2,-99,-99,-99,-99,-99,-99,-99,-99,-99,-99,-99,,-99,-99,-99,-99,-99,1,-99,-99,-99,-99,-99,,2,,-99,-99,-99,-99,-99,-99,-99,,2,,-99,-99,-99,-99,-99,-99,-99,,1,5,,2,,1,2,,,6,11,1,2,1,2,2,1,1,1,5,,1,0,3,2,3,1,,48,3,1,2,1,1,,1,,parajes d oriente
7678,8,4,1,2,,,0,,,0,,,0,1,1,1,1,2,2,2,2,1,2,2,2,2,2,1,1,-99,-99,-99,1,-99,-99,,-99,5,,8,8,2,9,9,11,6,6,4,10,2,8,7,2,0,,10,5,2,0,,8,2,2,0,,10,5,2,2,0,,7,2,0,,2,9,2,2,2,2,0,1,2,10,8,4,4,4,4,la x,La X,1,1,0,0,2,1,-99,-99,-99,-99,-99,-99,-99,1,-99,-99,-99,,-99,-99,-99,-99,-99,-99,-99,1,-99,-99,-99,,2,,-99,-99,-99,-99,-99,-99,-99,,2,,-99,-99,-99,-99,-99,-99,-99,,3,10,,11,,3,2,,,1,1,5,5,7,10,2,2,2,2,6,,2,2,0,0,0,2,,52,3,2,2,1,2,,2,,parajes de oriente
7678,8,1,3,2,,,0,,,0,,,0,1,2,1,1,2,2,2,2,2,2,2,2,2,2,2,-99,-99,1,-99,-99,-99,-99,,-99,3,,10,10,10,7,10,10,10,10,10,10,10,2,7,1,1,5,8,5,2,0,,10,3,2,0,,10,10,10,2,0,,4,2,0,,6,7,7,7,3,8,1,0,7,7,5,2,4,4,1,la x,La X,1,2,,,,2,-99,-99,-99,-99,-99,-99,-99,-99,-99,-99,-99,,-99,-99,-99,-99,-99,1,-99,-99,-99,-99,-99,,2,,-99,-99,-99,-99,-99,-99,-99,,2,,-99,-99,-99,-99,-99,-99,-99,,3,2,,9,,3,2,,,4,11,3,2,2,2,1,1,2,2,5,,2,2,0,0,0,1,,53,3,7,2,1,1,,1,,parajes de oriente
7678,8,2,2,2,,,0,,,0,,,0,1,1,2,1,2,2,2,2,1,1,2,1,2,2,1,1,-99,-99,-99,-99,-99,-99,,-99,1,,10,10,10,10,10,10,10,10,10,10,10,7,7,2,0,,10,2,2,0,,10,3,2,0,,1,2,2,2,0,,6,2,0,,6,5,3,7,2,7,9,3,4,4,3,4,4,4,4,la x,La X,3,2,,,,2,-99,-99,-99,-99,-99,-99,-99,-99,-99,-99,-99,,-99,-99,-99,-99,-99,-99,-99,1,-99,-99,-99,,2,,-99,-99,-99,-99,-99,-99,-99,,2,,-99,-99,-99,-99,-99,-99,-99,,2,5,,3,,1,2,,,3,1,9,6,10,3,2,1,1,2,1,,2,2,0,0,0,1,,58,3,1,2,1,2,,2,,paraje de Oriente
7678,8,4,1,1,No hay ninguna persona en nivel basico,,3,No hay ninguna persona en educacion media,,3,10,,1,1,1,1,1,2,1,2,2,2,2,2,2,2,2,1,1,-99,-99,1,-99,-99,-99,,-99,4,,10,8,2,3,10,9,9,10,2,10,10,4,7,2,0,,10,5,2,0,,10,2,2,0,,8,10,9,2,0,,9,2,0,,2,7,3,3,8,2,10,4,9,7,7,4,4,4,4,monumento a Juárez,El monumento a Benito Juárez,2,1,0,0,1,1,-99,-99,-99,1,-99,-99,-99,-99,-99,-99,-99,,-99,-99,-99,-99,-99,-99,-99,1,-99,-99,-99,,2,,-99,-99,-99,-99,-99,-99,-99,,2,,-99,-99,-99,-99,-99,-99,-99,,4,2,,5,,1,2,,,4,9,6,2,2,10,2,1,1,2,1,,2,2,0,0,0,1,,45,3,2,2,1,1,,1,,parjes de oriente
7678,8,3,2,2,,,0,,,0,,,0,1,1,1,1,2,2,2,2,2,2,2,1,2,2,1,-99,-99,-99,1,1,-99,-99,,-99,4,,10,10,10,9,10,10,10,10,10,10,10,10,7,2,0,,10,2,2,0,,10,3,2,0,,10,2,4,2,0,,7,2,0,,4,4,1,3,8,2,1,1,1,10,3,4,4,4,4,monumento a Juárez,El monumento a Benito Juárez,1,1,0,0,2,1,1,-99,-99,-99,-99,-99,-99,-99,-99,-99,-99,,1,-99,-99,-99,-99,-99,-99,-99,-99,-99,-99,,2,,-99,-99,-99,-99,-99,-99,-99,,2,,-99,-99,-99,-99,-99,-99,-99,,4,6,,2,,3,2,,,5,5,9,5,2,9,2,1,2,2,1,,2,2,0,0,0,2,,59,3,9,6,1,2,,3,,paraje de oriente
7678,8,3,1,2,,,0,,,0,,,0,1,2,1,1,2,2,2,2,2,2,2,2,2,2,2,1,-99,-99,-99,-99,-99,-99,,-99,1,,6,8,7,8,8,3,10,10,10,10,10,10,7,2,0,,10,5,2,0,,10,3,2,0,,10,10,10,2,0,,9,2,0,,10,6,7,10,5,8,10,11,10,10,8,4,5,5,4,la x,La X,0,2,,,,1,-99,-99,-99,1,-99,-99,-99,-99,1,-99,-99,,-99,-99,-99,-99,-99,1,-99,-99,1,-99,-99,,1,7,1,-99,-99,-99,-99,-99,-99,,2,,-99,-99,-99,-99,-99,-99,-99,,4,19,alcantarillas,5,,1,2,,,3,1,10,8,8,10,1,2,2,1,5,,1,0,2,1,1,2,,36,2,2,5,1,1,,1,,parajes fe oriente
7678,8,1,4,1,10,,1,No hay ninguna persona en educacion media,,3,No hay ninguna persona en educacion superior,,3,1,1,1,2,2,2,2,2,2,2,2,2,2,2,1,-99,-99,-99,1,-99,-99,-99,,-99,4,,5,5,3,10,7,10,10,10,8,10,7,10,7,2,0,,10,4,2,0,,7,3,2,0,,5,5,5,2,0,,3,2,0,,3,5,10,7,7,2,5,0,8,7,5,4,3,3,1,elnoa noa,El Noa Noa,1,1,0,0,1,2,-99,-99,-99,-99,-99,-99,-99,-99,-99,-99,-99,,-99,-99,-99,-99,-99,-99,-99,1,1,-99,-99,,1,10,-99,-99,-99,-99,-99,-99,-99,,1,10,-99,-99,-99,-99,-99,-99,-99,,4,19,inundacion,19,bacheo,1,2,,,2,1,4,5,3,6,1,1,1,1,1,,2,2,0,0,0,1,,36,2,1,4,1,1,,1,,parajes deoriente
7678,8,3,2,2,,,0,,,0,,,0,1,1,1,1,1,1,2,1,2,2,2,2,2,1,1,1,-99,-99,1,-99,-99,-99,,-99,4,,10,9,6,9,9,6,10,10,10,10,9,9,7,2,0,,8,4,2,0,,7,3,2,0,,6,7,8,2,0,,6,2,0,,7,8,6,7,6,6,2,4,3,5,3,2,5,5,5,la x,La X,1,2,,,,1,-99,-99,-99,-99,-99,-99,1,-99,-99,-99,-99,,-99,-99,-99,-99,-99,-99,1,-99,-99,-99,-99,,2,,-99,-99,-99,-99,-99,-99,-99,,2,,-99,-99,-99,-99,-99,-99,-99,,4,5,,7,,2,2,,,3,2,8,5,6,8,1,1,1,1,6,,1,0,2,2,1,2,,27,1,2,6,1,3,,4,,parajes de oriente
7678,8,3,2,1,8,,1,No hay ninguna persona en educacion media,,3,No hay ninguna persona en educacion superior,,3,1,1,1,2,2,2,2,2,2,2,2,2,2,2,1,1,-99,-99,-99,-99,-99,-99,,-99,1,,10,10,10,10,10,10,10,10,8,10,8,9,7,2,0,,10,5,2,0,,10,3,2,0,,7,7,7,2,0,,5,2,0,,7,6,5,5,1,1,8,3,7,8,7,4,5,4,2,la x,La X,0,2,,,,1,-99,-99,-99,1,-99,-99,-99,-99,1,-99,-99,,-99,-99,-99,-99,-99,-99,-99,-99,1,-99,-99,,1,7,-99,-99,-99,-99,-99,-99,-99,,2,,-99,-99,-99,-99,-99,-99,-99,,4,5,,7,,1,2,,,2,1,4,7,2,7,2,1,2,1,3,,2,2,0,0,0,1,,33,2,2,4,1,1,,1,,parajes de oriente
7678,8,4,2,1,5,instalación,1,No hay ninguna persona en educacion media,,3,No hay ninguna persona en educacion superior,,3,1,1,1,1,2,1,2,2,2,2,2,2,2,1,1,1,-99,-99,1,-99,-99,-99,,-99,1,,10,10,8,5,5,5,10,10,10,10,10,10,7,2,0,,10,5,2,0,,10,3,2,0,,8,10,10,2,0,,10,2,0,,10,10,10,10,10,10,5,1,10,10,10,4,5,5,5,cayedral,La Catedral,1,2,,,,1,-99,-99,-99,1,-99,-99,-99,1,1,-99,-99,,-99,-99,-99,-99,-99,-99,-99,1,1,-99,-99,,1,1,1,1,1,1,1,1,-99,,2,,-99,-99,-99,-99,-99,-99,-99,,3,11,,4,,1,2,,,3,9,10,3,5,6,2,1,1,1,3,,2,2,0,0,0,1,,25,1,2,7,1,1,,3,,parajes de oriente
7678,8,4,3,1,6,,1,No hay ninguna persona en educacion media,,3,No hay ninguna persona en educacion superior,,3,1,1,1,1,2,2,2,2,1,1,2,2,2,1,1,1,-99,-99,1,1,-99,-99,,-99,1,,7,7,4,3,5,4,10,10,8,8,10,5,7,2,0,,10,5,2,0,,10,3,2,0,,7,7,7,1,1,9,10,2,0,,8,8,8,8,8,1,11,3,10,8,8,4,5,5,3,la x,La X,1,1,0,0,1,1,-99,-99,-99,1,-99,-99,-99,-99,1,-99,-99,,-99,-99,-99,-99,-99,-99,-99,1,1,-99,-99,,1,1,-99,1,1,-99,-99,-99,1,ban llenos,2,,-99,-99,-99,-99,-99,-99,-99,,3,5,,9,,2,1,policia,hacer reporte y no atienden,2,2,7,5,8,1,2,1,1,1,3,,2,2,0,0,0,1,,49,3,2,4,1,1,,1,,parajesdbotente
7678,8,3,2,1,6,marstros,1,No hay ninguna persona en educacion media,,3,No hay ninguna persona en educacion superior,,3,1,1,1,1,2,1,1,2,2,1,2,2,2,1,1,-99,-99,-99,1,-99,-99,-99,,-99,4,,10,10,8,10,10,10,10,10,10,8,1,1,3,2,0,,9,4,3,0,,10,3,2,0,,10,10,8,2,0,,2,2,0,,10,5,2,5,5,3,6,5,5,5,1,4,5,5,3,lax,La X,1,2,,,,1,-99,-99,-99,-99,-99,-99,-99,1,-99,-99,-99,,-99,-99,-99,-99,-99,-99,-99,1,-99,-99,-99,,2,,-99,-99,-99,-99,-99,-99,-99,,2,,-99,-99,-99,-99,-99,-99,-99,,4,12,,5,,1,2,,,3,9,3,5,1,1,1,1,2,1,2,,2,2,0,0,0,1,,29,1,2,6,1,2,,3,,parajes de oriente
7678,8,4,1,1,7,,1,No hay ninguna persona en educacion media,,3,No hay ninguna persona en educacion superior,,3,1,2,1,2,1,1,2,2,2,2,2,2,1,1,1,1,-99,-99,-99,1,-99,-99,,-99,1,,8,8,8,9,8,9,10,10,10,9,8,5,7,1,1,8,9,3,1,1,8,9,3,2,0,,8,8,8,3,0,,2,2,0,,8,8,7,7,7,7,6,7,8,8,9,4,2,2,1,casa de juan Gabriel,La casa de Juan Gabriel,1,2,,,,1,-99,-99,-99,1,-99,-99,-99,-99,1,-99,-99,,-99,-99,-99,-99,-99,-99,-99,1,1,-99,-99,,1,7,-99,-99,-99,-99,-99,-99,-99,,2,,-99,-99,-99,-99,-99,-99,-99,,4,15,,16,,1,2,,,5,5,7,6,6,8,2,1,1,1,7,pavimentación,1,0,1,1,1,2,,39,2,2,5,1,1,,2,,parajes de oriente
7678,8,5,2,1,9,,1,No hay ninguna persona en educacion media,,3,No hay ninguna persona en educacion superior,,3,1,1,1,1,2,2,1,1,1,1,2,2,1,1,1,1,-99,-99,-99,-99,-99,-99,,-99,1,,7,7,5,6,7,4,9,6,3,10,10,7,7,2,0,,3,4,3,0,,10,3,2,0,,6,5,6,2,0,,7,2,0,,5,8,8,5,3,1,10,5,9,4,10,4,5,5,5,ex aduana,El museo de la Ex-Aduana,0,2,,,,2,-99,-99,-99,-99,-99,-99,-99,-99,-99,-99,-99,,1,-99,-99,-99,-99,1,-99,-99,1,-99,-99,,1,10,-99,-99,-99,-99,-99,-99,-99,,1,10,-99,-99,-99,-99,-99,-99,-99,,4,19,maliantes,2,,4,2,,,2,6,7,2,2,9,1,1,2,1,7,perros,2,2,0,0,0,1,,38,2,1,4,1,1,,2,,pararsde oriente
7678,8,5,2,1,No hay ninguna persona en nivel basico,,3,10,,1,No hay ninguna persona en educacion superior,,3,1,1,1,1,2,1,2,2,2,2,2,2,2,1,1,-99,-99,1,-99,-99,-99,-99,,-99,3,,10,10,9,10,10,1,10,10,10,10,10,10,7,2,0,,10,5,2,0,,10,2,2,0,,3,5,3,2,0,,3,2,0,,10,10,10,10,10,3,10,0,10,7,10,4,5,5,5,chamizal,El Chamizal,1,2,,,,1,-99,-99,-99,-99,-99,-99,-99,1,1,-99,-99,,-99,-99,-99,-99,-99,-99,-99,1,1,-99,-99,,1,1,-99,1,1,1,1,-99,-99,,2,,-99,-99,-99,-99,-99,-99,-99,,4,5,,6,,1,2,,,3,9,8,3,5,10,2,1,2,1,7,inseguridad,2,2,0,0,0,1,,36,2,2,4,1,2,,4,,parajes de oriente
7678,8,2,2,1,6,,1,No hay ninguna persona en educacion media,,3,No hay ninguna persona en educacion superior,,3,1,1,1,1,2,2,2,2,2,2,2,2,2,1,1,1,-99,-99,-99,-99,-99,-99,,-99,1,,7,5,3,3,10,10,10,10,5,10,7,5,7,2,0,,8,4,1,1,7,10,3,2,0,,5,7,7,1,1,7,8,1,1,7,5,5,6,7,7,5,3,1,3,7,5,3,5,4,3,la x,La x,3,2,,,,2,-99,-99,-99,-99,-99,-99,-99,-99,-99,-99,-99,,-99,-99,-99,-99,-99,-99,-99,1,-99,-99,-99,,2,,-99,-99,-99,-99,-99,-99,-99,,2,,-99,-99,-99,-99,-99,-99,-99,,4,19,baches,5,,1,2,,,2,5,8,3,2,10,2,2,1,2,7,inseguridad,2,2,0,0,0,2,,50,3,4,7,1,1,,1,,oarajes de orienye
7678,8,3,2,2,,,0,,,0,,,0,1,1,1,1,2,1,1,2,1,2,2,2,2,2,1,1,-99,-99,-99,-99,-99,-99,,-99,1,,8,9,8,10,8,9,10,6,9,8,10,10,7,2,0,,10,4,2,0,,10,3,2,0,,10,10,10,2,0,,10,2,0,,10,10,9,9,8,7,6,11,11,8,6,2,5,5,5,el cigarro,El cigarro,1,2,,,,1,-99,-99,-99,1,-99,-99,-99,-99,1,1,-99,,-99,-99,-99,-99,-99,-99,1,-99,1,1,-99,,1,8,-99,-99,-99,-99,-99,-99,-99,,1,10,-99,-99,-99,-99,-99,-99,-99,,4,19,peatones,19,baces,1,2,,,3,5,8,9,8,8,2,1,1,1,5,,2,2,0,0,0,2,,34,2,2,4,1,2,,2,,parajes de oriente
7678,8,3,3,2,,,0,,,0,,,0,1,1,1,1,1,2,2,2,2,2,1,1,1,1,1,-99,-99,-99,-99,1,-99,-99,,-99,5,,10,10,10,8,8,10,10,8,10,10,10,10,5,2,0,,8,5,2,0,,9,3,2,0,,10,8,6,2,0,,6,2,0,,9,10,8,8,7,1,9,2,9,10,10,3,4,3,4,la ex aduana,El museo de la Ex-Aduana,0,2,,,,2,-99,-99,-99,-99,-99,-99,-99,-99,-99,-99,-99,,1,-99,-99,-99,-99,-99,-99,1,1,-99,-99,,1,8,-99,-99,-99,-99,-99,-99,-99,,1,7,-99,-99,-99,-99,-99,-99,-99,,3,9,,15,,3,2,,,3,6,8,8,8,10,2,1,2,1,7,perros,2,2,0,0,0,1,,26,1,1,4,1,3,,5,,parajes d oriente
7678,8,3,2,1,8,,1,No hay ninguna persona en educacion media,,3,No hay ninguna persona en educacion superior,,3,1,1,1,1,2,1,2,2,2,2,2,2,2,2,2,1,-99,-99,-99,1,-99,-99,,-99,5,,9,9,10,5,10,10,8,8,8,10,5,5,7,2,0,,10,3,1,1,8,10,3,2,0,,8,8,8,2,0,,5,2,0,,5,5,5,5,5,5,5,11,11,5,0,4,5,5,5,el centro,El centro,0,2,,,,1,-99,-99,-99,-99,-99,1,-99,-99,-99,-99,-99,,-99,-99,-99,-99,-99,1,-99,-99,-99,-99,-99,,2,,-99,-99,-99,-99,-99,-99,-99,,2,,-99,-99,-99,-99,-99,-99,-99,,4,5,,3,,1,2,,,3,2,8,5,5,5,2,1,1,1,6,,2,2,0,0,0,2,,50,3,2,6,1,2,,2,,parajes deoriente
7678,8,2,3,1,9,,1,No hay ninguna persona en educacion media,,3,No hay ninguna persona en educacion superior,,3,1,2,2,1,2,2,2,2,2,2,2,2,2,2,2,1,-99,-99,1,-99,-99,-99,,-99,4,,6,6,6,6,9,8,10,9,8,8,6,4,7,2,0,,9,2,2,0,,10,3,2,0,,10,10,8,2,0,,5,2,0,,8,7,6,6,6,5,7,0,11,7,0,2,3,3,3,el monumento de benito juarez del km20,El monumento a Benito Juárez,1,1,1,0,0,2,-99,-99,-99,-99,-99,-99,-99,-99,-99,-99,-99,,-99,-99,-99,-99,-99,-99,-99,1,-99,-99,-99,,2,,-99,-99,-99,-99,-99,-99,-99,,2,,-99,-99,-99,-99,-99,-99,-99,,3,15,,16,,1,2,,,3,1,8,7,5,8,1,1,1,1,3,,2,2,0,0,0,2,,61,4,8,3,1,1,,1,,parajes de oriente
7678,8,4,2,1,No hay ninguna persona en nivel basico,,3,No hay ninguna persona en educacion media,,3,6,,1,1,2,1,2,2,2,2,2,2,2,2,2,2,2,2,1,-99,-99,1,-99,-99,-99,,-99,4,,9,9,7,9,10,9,10,9,7,9,10,6,7,2,0,,7,5,2,0,,7,3,2,0,,6,7,7,2,0,,7,2,0,,6,6,5,5,4,7,5,0,5,4,3,3,4,5,5,monumento a juarez,El monumento a Benito Juárez,1,1,0,0,1,1,-99,-99,-99,1,-99,-99,-99,-99,1,-99,-99,,-99,-99,-99,-99,-99,-99,-99,-99,1,-99,-99,,1,2,-99,1,-99,1,-99,-99,-99,,2,,-99,-99,-99,-99,-99,-99,-99,,4,5,,7,,1,2,,,3,4,3,4,3,7,2,1,2,2,1,,2,2,0,0,0,1,,47,3,2,4,1,1,,2,,parajes de oriente
7678,8,4,2,1,No hay ninguna persona en nivel basico,,3,7,,1,No hay ninguna persona en educacion superior,,3,1,2,1,2,2,2,2,2,1,2,2,2,2,1,1,1,-99,-99,-99,1,-99,-99,,-99,5,,8,7,8,9,8,8,10,9,10,7,8,5,7,2,0,,8,3,2,0,,9,3,2,0,,7,7,5,2,0,,4,2,0,,5,5,6,6,5,5,7,0,7,6,5,4,3,3,3,la x,La X,1,2,,,,1,-99,-99,-99,-99,-99,-99,-99,1,1,1,-99,,-99,-99,-99,-99,-99,-99,-99,1,1,1,-99,,1,5,-99,1,-99,1,1,-99,-99,,1,6,1,-99,-99,-99,-99,-99,-99,,4,5,,19,falta de recursos para la ciudad,1,1,policiamunipal,paradas sin motivosprepotrntes,4,3,5,5,5,6,1,2,2,1,1,,2,2,0,0,0,2,,63,4,9,6,1,2,,3,,paajes de oriente
7678,8,3,2,2,,,0,,,0,,,0,1,1,1,1,2,1,2,2,2,2,2,2,2,1,2,-99,-99,-99,-99,1,-99,-99,,-99,5,,9,9,9,10,10,10,10,10,10,10,10,10,7,2,0,,10,3,2,0,,10,3,2,0,,10,10,10,2,0,,10,2,0,,10,10,10,10,10,10,11,11,10,10,0,4,2,2,2,el centro,El centro,0,2,,,,2,-99,-99,-99,-99,-99,-99,-99,-99,-99,-99,-99,,-99,-99,-99,-99,-99,-99,-99,-99,-99,1,-99,,2,,-99,-99,-99,-99,-99,-99,-99,,1,10,-99,-99,-99,-99,-99,-99,-99,,4,9,,6,,1,2,,,3,6,10,10,10,10,2,2,2,2,1,,2,2,0,0,0,2,,23,1,4,2,1,1,,1,,parajes deoriente
7678,8,4,2,2,,,0,,,0,,,0,1,1,2,2,2,2,2,2,2,2,2,2,2,2,2,1,-99,-99,-99,1,-99,-99,,-99,5,,10,10,10,10,10,10,10,7,10,10,10,1,7,2,0,,10,3,2,0,,10,3,2,0,,10,10,5,2,0,,1,2,0,,5,1,1,1,10,8,5,0,11,5,0,4,5,5,1,el tintan del centro,Monumento a Tintan,1,2,,,,1,-99,-99,-99,-99,-99,-99,-99,1,1,-99,-99,,-99,-99,-99,-99,-99,-99,-99,1,1,-99,-99,,1,5,-99,1,-99,1,1,-99,-99,,2,,-99,-99,-99,-99,-99,-99,-99,,4,5,,2,,1,2,,,2,9,8,8,5,10,2,1,1,1,5,,2,2,0,0,0,1,,35,2,2,4,1,1,,2,,parajes deoriente
7678,8,1,3,1,No hay ninguna persona en nivel basico,,3,8,,1,No hay ninguna persona en educacion superior,,3,1,2,1,2,2,2,2,2,2,2,2,2,2,2,2,1,-99,-99,-99,-99,-99,-99,,-99,1,,5,5,5,1,5,7,8,10,7,8,5,5,7,1,1,5,5,2,1,1,5,10,3,2,0,,5,5,5,2,0,,10,2,0,,5,11,0,0,0,0,0,0,11,9,0,1,3,3,3,la x,La X,1,2,,,,2,-99,-99,-99,-99,-99,-99,-99,-99,-99,-99,-99,,-99,-99,-99,-99,-99,-99,-99,1,-99,-99,-99,,1,5,-99,1,-99,-99,1,-99,-99,,2,,-99,-99,-99,-99,-99,-99,-99,,2,15,,19,falta de parques,1,2,,,1,1,7,5,1,5,2,2,1,2,2,,2,2,0,0,0,1,,53,3,1,2,1,1,,1,,parajes de oriente
7678,8,5,1,1,8,,1,No hay ninguna persona en educacion media,,3,No hay ninguna persona en educacion superior,,3,1,1,1,2,2,1,1,2,1,1,1,2,2,1,2,1,-99,-99,-99,1,-99,-99,,-99,1,,1,5,1,3,3,5,5,5,3,7,5,1,7,2,0,,7,3,1,1,7,8,2,2,0,,3,1,3,2,0,,2,2,0,,3,1,1,1,1,1,0,0,8,5,0,4,4,2,2,el monumento,El monumento a Benito Juárez,2,2,,,,1,-99,-99,-99,-99,-99,-99,-99,1,-99,-99,-99,,-99,-99,-99,-99,-99,-99,-99,1,-99,-99,-99,,2,,-99,-99,-99,-99,-99,-99,-99,,2,,-99,-99,-99,-99,-99,-99,-99,,4,15,,3,,2,1,gobieno del estado,abuso deauroridad en altos costosacontribiciones,1,3,8,3,3,4,1,2,2,2,5,,1,0,2,2,1,2,,32,2,9,8,1,3,,6,,paajes deoriente
7678,8,4,2,1,9,,1,No hay ninguna persona en educacion media,,3,No hay ninguna persona en educacion superior,,3,1,1,1,2,2,2,2,2,2,2,2,2,2,2,1,1,-99,-99,-99,-99,-99,-99,,-99,1,,8,8,7,8,8,9,10,10,10,9,9,7,7,2,0,,9,3,2,0,,10,3,2,0,,8,9,8,2,0,,7,2,0,,8,8,6,6,7,6,7,7,9,7,6,3,4,4,3,el chamizal,El Chamizal,2,1,1,0,1,1,-99,-99,-99,1,-99,-99,-99,-99,-99,-99,-99,,-99,-99,-99,-99,-99,-99,-99,1,-99,-99,-99,,2,,-99,-99,-99,-99,-99,-99,-99,,2,,-99,-99,-99,-99,-99,-99,-99,,4,5,,15,,2,2,,,3,9,6,7,7,8,1,1,1,1,5,,1,0,1,1,1,2,,38,2,2,4,1,2,,3,,parajes deoriemte
7678,8,1,3,1,10,,1,No hay ninguna persona en educacion media,,3,No hay ninguna persona en educacion superior,,3,1,2,2,2,2,2,2,2,2,2,2,2,2,2,2,1,-99,-99,-99,1,-99,-99,,-99,5,,10,10,10,10,10,10,5,5,6,10,10,10,7,2,0,,10,3,2,0,,10,3,2,0,,10,10,10,2,0,,5,1,2,1,10,1,1,10,10,5,6,11,10,5,0,1,1,1,1,no conosco,NINGUNO,1,1,1,0,2,1,-99,-99,-99,-99,-99,1,-99,-99,-99,1,-99,,-99,-99,-99,-99,-99,1,-99,-99,-99,1,-99,,2,,-99,-99,-99,-99,-99,-99,-99,,1,10,-99,-99,-99,-99,-99,-99,-99,,2,5,,7,,1,2,,,2,1,7,8,8,3,2,1,1,1,3,,2,2,0,0,0,1,,29,1,2,6,1,2,,2,,parajes de oriente
7678,8,3,2,1,10,,1,No hay ninguna persona en educacion media,,3,No hay ninguna persona en educacion superior,,3,1,2,1,1,2,2,2,2,2,2,2,2,2,2,2,-99,-99,-99,1,-99,-99,-99,,-99,4,,10,10,8,10,10,10,10,10,10,10,10,10,7,2,0,,10,5,2,0,,10,3,2,0,,10,10,5,2,0,,5,2,0,,9,10,10,10,10,10,10,0,10,10,10,4,4,4,4,la x,La X,1,2,,,,1,-99,-99,-99,-99,-99,-99,-99,1,-99,-99,-99,,-99,-99,-99,-99,-99,-99,-99,1,-99,-99,-99,,2,,-99,-99,-99,-99,-99,-99,-99,,2,,-99,-99,-99,-99,-99,-99,-99,,4,5,,9,,1,2,,,3,10,10,10,5,5,2,1,1,2,7,ninguno,2,2,0,0,0,2,,30,2,9,2,1,4,,4,,parajes de oriente
7678,8,3,3,1,10,,1,No hay ninguna persona en educacion media,,3,No hay ninguna persona en educacion superior,,3,1,2,1,1,2,1,2,2,2,2,2,2,2,2,1,1,-99,-99,-99,1,-99,-99,,-99,5,,10,10,9,10,10,10,10,10,8,10,8,9,7,2,0,,10,3,2,0,,7,2,2,0,,8,8,6,2,0,,6,2,0,,5,11,0,0,0,0,6,0,9,7,10,1,5,5,5,la x,La X,0,1,0,1,0,1,-99,-99,-99,1,-99,-99,-99,-99,1,-99,-99,,1,-99,-99,-99,-99,-99,-99,-99,1,-99,-99,,1,1,1,1,-99,-99,1,-99,1,vienen llenos,2,,-99,-99,-99,-99,-99,-99,-99,,2,5,,9,,1,2,,,1,6,6,8,7,9,2,1,1,1,1,,2,2,0,0,0,1,,33,2,2,4,1,1,,1,,parajes de orirente
7678,8,3,3,1,No hay ninguna persona en nivel basico,,3,10,,1,10,,2,1,1,2,1,2,2,2,2,1,2,2,2,2,2,2,1,-99,-99,-99,-99,-99,-99,,-99,1,,8,8,8,8,10,10,10,10,8,10,10,8,7,2,0,,10,2,2,0,,10,3,2,0,,8,8,10,2,0,,8,2,0,,8,11,0,0,0,0,10,0,7,8,9,4,5,5,5,el museo de juan Gabriel,La casa de Juan Gabriel,2,1,1,0,0,1,-99,-99,-99,1,-99,-99,-99,-99,-99,1,-99,,-99,-99,-99,-99,-99,-99,-99,1,-99,1,-99,,2,,-99,-99,-99,-99,-99,-99,-99,,1,10,-99,-99,-99,-99,-99,-99,-99,,4,5,,7,,1,2,,,2,3,9,7,8,10,1,1,1,1,6,,2,1,5,5,5,1,,42,2,2,4,1,1,,2,,paajes de oriente
7678,8,3,2,1,7,,1,7,,1,8,,1,1,1,2,1,2,2,2,2,2,2,2,2,2,2,2,1,-99,-99,1,-99,-99,-99,,-99,4,,6,5,3,5,5,7,8,9,8,10,8,8,7,2,0,,8,2,2,0,,8,3,2,0,,7,7,7,2,0,,6,2,0,,6,11,0,0,0,0,7,11,8,7,6,2,2,2,1,la x,La X,1,2,,,,1,-99,-99,-99,1,-99,-99,-99,-99,-99,-99,-99,,-99,-99,-99,-99,-99,-99,-99,1,-99,-99,-99,,2,,-99,-99,-99,-99,-99,-99,-99,,2,,-99,-99,-99,-99,-99,-99,-99,,2,5,,5,,1,2,,,3,9,6,7,5,8,2,1,2,2,1,,2,2,0,0,0,1,,34,2,2,4,1,2,,3,,parajes de oriente
7678,8,2,2,1,9,,1,No hay ninguna persona en educacion media,,3,No hay ninguna persona en educacion superior,,3,1,2,1,1,1,1,2,2,1,2,2,2,2,2,2,-99,-99,1,-99,-99,-99,-99,,-99,3,,10,10,9,9,9,10,10,10,10,10,10,5,7,2,0,,5,4,1,1,5,10,2,2,0,,8,8,8,2,0,,9,3,0,,8,8,8,8,8,8,8,11,9,8,8,4,3,3,5,parque central,El Parque Central,1,2,,,,2,-99,-99,-99,-99,-99,-99,-99,-99,-99,-99,-99,,-99,-99,-99,-99,-99,-99,-99,1,-99,-99,-99,,2,,-99,-99,-99,-99,-99,-99,-99,,2,,-99,-99,-99,-99,-99,-99,-99,,3,5,,10,,3,2,,,3,9,8,8,5,8,2,2,2,2,2,,2,2,0,0,0,1,,40,2,1,2,1,2,,2,,parajes de oriente
7678,8,2,2,2,,,0,,,0,,,0,1,2,2,1,2,2,2,2,1,2,2,2,2,2,2,-99,-99,-99,1,-99,-99,-99,,-99,4,,8,7,8,8,8,8,8,8,7,9,8,6,7,2,0,,8,3,2,0,,7,3,2,0,,5,5,7,2,0,,5,2,0,,7,6,6,5,5,2,6,11,11,4,5,1,3,2,2,la x,La X,0,2,,,,1,-99,-99,-99,-99,-99,-99,-99,-99,1,-99,-99,,-99,-99,-99,-99,-99,1,-99,-99,1,-99,-99,,1,6,1,-99,-99,-99,-99,-99,-99,,2,,-99,-99,-99,-99,-99,-99,-99,,2,5,,2,,2,2,,,3,1,8,8,5,7,2,1,1,1,3,,2,2,0,0,0,2,,38,2,9,4,1,2,,3,,parajes de oriente
7678,8,2,2,2,,,0,,,0,,,0,1,2,1,2,2,2,2,2,1,2,2,2,2,2,2,-99,-99,-99,1,-99,-99,-99,,-99,4,,8,8,8,9,9,6,10,10,7,8,9,6,7,2,0,,8,3,2,0,,9,3,2,0,,7,8,8,2,0,,6,2,0,,7,7,5,7,7,6,5,11,9,4,5,4,3,3,3,catedral,La Catedral,1,2,,,,1,-99,-99,-99,-99,-99,-99,-99,1,-99,-99,-99,,-99,-99,-99,-99,-99,-99,-99,1,-99,-99,-99,,2,,-99,-99,-99,-99,-99,-99,-99,,2,,-99,-99,-99,-99,-99,-99,-99,,4,16,,5,,1,2,,,1,9,8,5,6,9,2,2,2,1,2,,2,2,0,0,0,2,,71,4,2,3,1,1,,2,,parajes de Oriente
7678,8,1,3,1,8,,1,8,,1,9,,1,1,1,1,1,2,2,2,2,2,2,2,2,2,1,1,1,-99,-99,1,-99,-99,-99,,-99,4,,10,10,5,2,6,2,10,8,8,6,6,1,7,1,1,2,8,3,1,1,8,10,3,2,0,,3,7,6,1,1,6,1,1,2,1,3,1,1,1,1,1,1,11,3,1,1,1,2,2,2,parque central,El Parque Central,1,2,,,,1,1,-99,-99,-99,-99,-99,-99,-99,1,-99,-99,,-99,-99,-99,-99,-99,-99,-99,1,1,-99,-99,,1,1,1,1,-99,-99,-99,-99,-99,,2,,-99,-99,-99,-99,-99,-99,-99,,1,16,,6,,2,1,municipal,abuso,1,1,5,1,1,5,1,2,2,1,2,,2,2,0,0,0,1,,54,3,9,2,1,1,,2,,parajes de oriente
7678,8,2,2,2,,,0,,,0,,,0,1,1,1,1,2,1,2,2,2,2,2,1,2,2,2,1,-99,-99,-99,-99,-99,-99,,-99,1,,5,9,6,6,6,9,10,10,10,10,7,7,7,2,0,,9,4,1,1,9,10,3,2,0,,7,8,10,2,0,,1,2,0,,5,6,6,6,6,5,7,11,11,5,3,3,4,3,2,chamizal,El Chamizal,2,2,,,,1,-99,-99,-99,1,-99,-99,-99,-99,1,-99,-99,,-99,-99,-99,-99,-99,-99,-99,1,1,-99,-99,,1,3,-99,1,-99,-99,-99,1,-99,,2,,-99,-99,-99,-99,-99,-99,-99,,4,5,,9,,1,2,,,4,9,3,5,5,6,2,1,2,2,2,,2,2,0,0,0,2,,44,2,2,6,1,2,,3,,parajes de oriente
7678,8,1,3,1,8,,1,8,,1,8,,1,1,1,1,1,2,2,2,2,2,2,2,2,2,2,1,1,-99,-99,-99,-99,-99,-99,,-99,1,,5,5,4,1,11,5,8,8,7,5,8,6,7,3,0,,5,2,1,1,1,7,3,2,0,,6,8,6,2,0,,2,1,2,2,6,6,6,6,6,6,4,11,8,5,6,4,5,3,3,monumento a benito Juárez,El monumento a Benito Juárez,1,2,,,,2,-99,-99,-99,-99,-99,-99,-99,-99,-99,-99,-99,,-99,-99,-99,-99,-99,-99,-99,1,-99,-99,-99,,2,,-99,-99,-99,-99,-99,-99,-99,,2,,-99,-99,-99,-99,-99,-99,-99,,4,3,,4,,3,2,,,1,6,8,6,5,5,1,2,2,1,2,,2,2,0,0,0,2,,39,2,8,4,1,1,,2,,parajes de oriente
7678,8,2,2,1,8,,1,No hay ninguna persona en educacion media,,3,10,,1,1,1,1,1,2,1,2,2,1,1,1,2,1,1,2,1,-99,-99,1,-99,-99,-99,,-99,4,,10,10,5,10,10,10,10,10,3,10,10,10,7,1,1,1,10,4,2,0,,10,3,2,0,,5,5,5,2,0,,2,2,0,,10,10,5,5,5,5,1,10,10,10,5,2,2,5,5,la x,La X,1,2,,,,1,-99,-99,-99,1,-99,-99,-99,-99,-99,-99,-99,,-99,-99,-99,-99,-99,-99,-99,1,-99,-99,-99,,2,,-99,-99,-99,-99,-99,-99,-99,,2,,-99,-99,-99,-99,-99,-99,-99,,4,2,,5,,4,2,,,1,1,5,1,5,5,2,1,2,2,1,,2,2,0,0,0,1,,47,3,2,8,1,2,,3,,parajes de oriente
7678,8,1,3,1,7,,1,7,,1,7,,1,1,1,1,1,2,2,2,2,2,2,2,2,2,2,1,1,-99,-99,1,-99,-99,-99,,-99,4,,8,8,8,8,8,8,8,6,5,6,6,1,7,2,0,,2,3,2,0,,10,3,2,0,,6,6,7,2,0,,1,2,0,,6,2,1,5,6,7,2,11,11,5,2,1,3,3,3,la x,La X,1,1,1,1,0,2,-99,-99,-99,-99,-99,-99,-99,-99,-99,-99,-99,,-99,-99,-99,-99,-99,-99,-99,1,-99,-99,-99,,2,,-99,-99,-99,-99,-99,-99,-99,,2,,-99,-99,-99,-99,-99,-99,-99,,3,9,,5,,3,2,,,3,1,8,2,2,2,2,2,2,1,2,,2,2,0,0,0,2,,44,2,4,9,2,19,,2,,parajes de Oriente
7678,8,2,2,1,10,,1,8,,1,10,,1,1,1,1,1,2,1,2,2,2,2,2,1,2,1,1,1,-99,-99,-99,-99,-99,-99,,-99,1,,8,8,5,8,7,8,8,8,5,9,10,10,7,2,0,,9,1,1,1,8,7,2,2,0,,7,7,9,2,0,,5,2,0,,9,5,5,5,5,5,7,9,10,8,5,1,2,2,3,la x,La X,1,1,1,1,0,2,-99,-99,-99,-99,-99,-99,-99,-99,-99,-99,-99,,-99,-99,-99,-99,-99,1,-99,-99,-99,-99,-99,,2,,-99,-99,-99,-99,-99,-99,-99,,2,,-99,-99,-99,-99,-99,-99,-99,,3,5,,2,,3,2,,,3,9,6,8,5,7,2,2,2,1,2,,2,2,0,0,0,1,,19,1,1,4,1,2,,2,,parajes de oriente
7678,8,4,3,2,,,0,,,0,,,0,1,1,1,1,2,2,2,2,2,2,2,2,2,2,2,1,-99,-99,-99,-99,-99,-99,,-99,1,,6,8,8,8,8,8,10,10,10,10,8,1,7,2,0,,8,4,2,0,,10,3,2,0,,8,8,8,2,0,,3,2,0,,8,8,8,8,8,5,8,11,11,5,8,4,5,5,5,las torres,NINGUNO,1,1,0,1,1,1,-99,-99,-99,1,-99,-99,-99,-99,-99,-99,-99,,-99,-99,-99,-99,-99,-99,-99,1,-99,-99,-99,,2,,-99,-99,-99,-99,-99,-99,-99,,2,,-99,-99,-99,-99,-99,-99,-99,,4,11,,5,,4,2,,,2,9,10,8,2,8,1,1,1,1,6,,2,2,0,0,0,2,,46,3,2,4,1,2,,2,,paraje de Oriente
7678,8,4,3,1,10,,1,No hay ninguna persona en educacion media,,3,No hay ninguna persona en educacion superior,,3,1,2,1,1,2,1,1,1,2,2,2,2,2,2,2,1,-99,-99,1,-99,-99,-99,,-99,4,,10,10,10,10,10,10,10,10,10,10,10,5,7,2,0,,10,4,1,2,5,10,2,1,1,5,10,6,10,2,0,,5,1,1,6,10,5,6,11,5,5,10,11,10,10,10,2,2,4,1,la x,La X,0,1,1,1,0,1,-99,-99,-99,1,-99,-99,-99,-99,1,1,-99,,-99,-99,-99,-99,-99,1,-99,-99,1,1,-99,,1,10,-99,-99,-99,-99,-99,-99,-99,,1,10,-99,-99,-99,-99,-99,-99,-99,,2,7,,5,,2,2,,,4,9,5,10,5,5,2,2,2,1,2,,2,2,0,0,0,1,,27,1,2,2,1,1,,2,,parajes de Oriente
7678,8,3,3,2,,,0,,,0,,,0,1,1,1,1,2,2,2,2,2,2,2,2,2,2,1,1,-99,-99,-99,-99,-99,-99,,-99,1,,7,8,5,8,8,9,10,8,8,7,9,9,7,2,0,,9,3,2,0,,10,3,2,0,,5,5,8,2,0,,6,2,0,,8,11,0,0,0,0,9,11,8,5,5,2,2,2,4,chamizal,El Chamizal,1,2,,,,2,-99,-99,-99,-99,-99,-99,-99,-99,-99,-99,-99,,-99,-99,-99,-99,-99,-99,-99,1,-99,-99,-99,,2,,-99,-99,-99,-99,-99,-99,-99,,2,,-99,-99,-99,-99,-99,-99,-99,,2,5,,10,,2,2,,,1,9,10,8,7,9,1,2,1,1,1,,2,2,0,0,0,2,,52,3,1,4,2,19,,1,,paajes de oriente
6491,9,3,1,1,10,,1,No hay ninguna persona en educacion media,,3,No hay ninguna persona en educacion superior,,3,2,2,2,1,2,2,2,2,2,2,2,2,2,2,2,1,-99,-99,-99,-99,-99,-99,,-99,1,,6,9,6,8,9,7,9,6,7,9,7,2,7,2,0,,10,5,2,0,,9,3,2,0,,9,10,7,2,0,,5,2,0,,9,5,7,7,5,6,5,11,7,7,10,4,3,3,3,parque central,El Parque Central,3,1,2,0,1,2,-99,-99,-99,-99,-99,-99,-99,-99,-99,-99,-99,,-99,-99,-99,-99,-99,-99,-99,1,-99,-99,-99,,2,,-99,-99,-99,-99,-99,-99,-99,,2,,-99,-99,-99,-99,-99,-99,-99,,4,7,,2,,1,2,,,3,2,5,1,4,5,2,1,2,2,3,,2,2,0,0,0,2,,62,4,8,4,1,1,,1,,san francisco
6491,9,3,2,1,10,,1,No hay ninguna persona en educacion media,,3,10,,1,2,2,1,2,2,2,2,2,2,2,2,2,2,2,2,1,-99,-99,-99,-99,-99,-99,,-99,1,,3,7,9,2,5,7,10,6,10,6,10,10,7,2,0,,10,5,2,0,,10,3,2,0,,10,8,9,2,0,,8,2,0,,9,5,5,7,7,7,3,11,8,6,8,2,3,3,3,la x,La X,1,2,,,,1,-99,-99,-99,1,-99,-99,-99,-99,-99,-99,-99,,-99,-99,-99,-99,-99,1,-99,-99,-99,-99,-99,,2,,-99,-99,-99,-99,-99,-99,-99,,2,,-99,-99,-99,-99,-99,-99,-99,,4,5,,2,,1,2,,,3,2,9,6,5,6,2,2,2,1,6,,2,2,0,0,0,1,,52,3,2,3,1,1,,2,,fray de San Francisco
6491,9,3,2,1,No hay ninguna persona en nivel basico,,3,10,,1,8,,1,2,2,1,2,2,2,2,2,2,2,2,2,2,2,2,1,-99,-99,-99,-99,-99,-99,,-99,1,,8,7,7,6,7,7,10,7,6,9,9,10,7,2,0,,5,5,2,0,,9,3,2,0,,9,3,9,2,0,,8,2,0,,10,7,6,6,4,5,5,11,8,4,9,4,3,3,3,la x,La X,2,2,,,,1,1,-99,-99,-99,-99,-99,-99,-99,-99,-99,-99,,-99,-99,-99,-99,-99,-99,-99,1,-99,-99,-99,,2,,-99,-99,-99,-99,-99,-99,-99,,2,,-99,-99,-99,-99,-99,-99,-99,,2,9,,5,,1,2,,,3,2,6,6,7,5,2,2,2,1,1,,2,2,0,0,0,1,,37,2,9,4,1,1,,19,,fray garca san francisco
6491,9,2,2,1,No hay ninguna persona en nivel basico,,3,No hay ninguna persona en educacion media,,3,10,,1,2,2,2,2,2,1,2,2,2,2,2,2,2,2,2,-99,-99,-99,1,-99,-99,-99,,-99,4,,9,7,7,7,7,8,8,5,7,9,6,9,7,2,0,,6,5,2,0,,10,2,2,0,,9,7,6,2,0,,7,2,0,,9,5,6,6,6,5,8,11,8,8,8,1,3,3,3,la x,La X,1,2,,,,2,-99,-99,-99,-99,-99,-99,-99,-99,-99,-99,-99,,-99,-99,-99,-99,-99,-99,-99,1,-99,-99,-99,,2,,-99,-99,-99,-99,-99,-99,-99,,2,,-99,-99,-99,-99,-99,-99,-99,,2,7,,2,,1,2,,,2,2,8,6,5,7,2,2,2,2,6,,2,2,0,0,0,1,,49,3,1,4,1,1,,3,,fray garcia de sanfrancisco
6491,9,2,2,1,No hay ninguna persona en nivel basico,,3,9,,1,10,,1,2,2,1,2,2,2,2,2,2,2,2,2,2,2,2,1,-99,-99,-99,-99,-99,-99,,-99,1,,7,7,6,7,9,7,9,9,7,7,9,9,7,2,0,,9,5,2,0,,10,3,2,0,,10,9,8,2,0,,9,2,0,,9,8,7,7,6,5,9,11,10,8,9,4,3,3,3,la presdencia,La Presidencia,1,2,,,,1,-99,-99,-99,-99,-99,-99,-99,1,-99,-99,-99,,-99,-99,-99,-99,-99,-99,-99,1,-99,-99,-99,,2,,-99,-99,-99,-99,-99,-99,-99,,2,,-99,-99,-99,-99,-99,-99,-99,,4,5,,7,,1,2,,,3,7,5,6,7,7,2,2,2,1,6,,2,2,0,0,0,1,,43,2,2,4,1,1,,3,,fray de sanfrancisco
6491,9,4,2,1,9,,1,No hay ninguna persona en educacion media,,3,8,,1,1,1,1,1,1,1,1,2,1,2,2,1,1,1,1,1,-99,-99,-99,-99,-99,-99,,-99,1,,10,10,8,10,8,10,10,10,10,10,10,10,7,2,0,,8,3,1,1,9,10,3,2,0,,10,8,8,2,0,,10,2,0,,2,10,5,8,8,2,9,5,8,10,9,3,2,2,5,el centro,El centro,1,1,1,0,0,2,-99,-99,-99,-99,-99,-99,-99,-99,-99,-99,-99,,-99,-99,-99,-99,-99,-99,-99,1,1,-99,-99,,1,8,-99,-99,-99,-99,-99,-99,-99,,1,10,-99,-99,-99,-99,-99,-99,-99,,4,5,,11,,1,2,,,2,9,10,3,9,10,2,1,1,1,7,rateros,2,2,0,0,0,1,,51,3,1,4,1,1,,2,,fray garcia de dan fran
6491,9,4,1,1,10,,1,No hay ninguna persona en educacion media,,3,No hay ninguna persona en educacion superior,,3,1,1,1,1,1,1,2,2,2,2,2,2,2,2,1,-99,-99,1,-99,-99,-99,-99,,-99,3,,10,10,3,10,10,7,10,10,10,10,10,5,7,1,1,6,10,5,2,0,,10,3,2,0,,5,5,5,2,0,,10,2,0,,10,10,4,1,1,1,2,2,7,10,5,4,5,4,3,lax,La X,2,2,,,,1,1,-99,-99,-99,-99,-99,-99,1,-99,-99,-99,,-99,-99,-99,-99,-99,-99,-99,1,-99,-99,-99,,2,,-99,-99,-99,-99,-99,-99,-99,,2,,-99,-99,-99,-99,-99,-99,-99,,3,7,,16,,1,2,,,4,10,10,3,5,10,2,2,2,2,7,alumbrando,2,2,0,0,0,1,,22,1,9,4,1,2,,3,,fray grarcia de san francisco
6491,9,1,2,2,,,0,,,0,,,0,1,1,1,1,2,2,2,2,1,2,2,2,1,2,1,1,-99,-99,-99,-99,-99,-99,,-99,1,,5,10,3,3,10,3,10,10,10,10,10,10,7,2,0,,10,4,2,0,,10,3,2,0,,5,1,2,2,0,,10,2,0,,10,10,1,1,5,1,7,0,8,10,9,4,3,3,1,la x,La X,1,2,,,,2,-99,-99,-99,-99,-99,-99,-99,-99,-99,-99,-99,,-99,-99,-99,-99,-99,-99,-99,1,1,-99,-99,,1,1,-99,-99,1,1,1,-99,-99,,1,10,-99,-99,-99,-99,-99,-99,-99,,3,5,,9,,1,1,federal,llevaron preso sin cargos,4,6,5,9,3,10,2,2,1,1,6,,2,2,0,0,0,1,,56,3,1,3,1,1,,1,,fray garcia de dan Francisco
6491,9,3,2,1,7,,1,No hay ninguna persona en educacion media,,3,No hay ninguna persona en educacion superior,,3,1,1,2,1,2,2,2,2,2,2,2,2,2,2,1,-99,-99,1,1,-99,-99,-99,,-99,4,,9,9,10,8,9,10,10,10,9,10,8,7,7,2,0,,10,3,2,0,,10,3,2,0,,6,6,5,2,0,,8,2,0,,4,10,5,5,8,1,6,6,7,8,2,4,3,5,3,la x,La X,0,1,0,0,10,2,-99,-99,-99,-99,-99,-99,-99,-99,-99,-99,-99,,-99,-99,-99,-99,1,1,-99,-99,-99,-99,-99,,1,6,-99,1,1,1,1,-99,-99,,2,,-99,-99,-99,-99,-99,-99,-99,,2,16,,5,,3,2,,,2,10,7,6,4,10,2,1,2,2,7,delinvuencia,2,2,0,0,0,1,,18,1,1,4,1,1,,2,,fray garcia de san Francisco
6491,9,4,1,1,10,,1,No hay ninguna persona en educacion media,,3,No hay ninguna persona en educacion superior,,3,1,1,1,1,2,1,2,2,2,1,2,1,2,2,1,1,-99,-99,1,-99,-99,-99,,-99,1,,7,10,2,5,8,8,10,8,6,10,10,10,7,2,0,,7,2,1,1,5,7,3,2,0,,4,4,2,2,0,,7,2,0,,5,7,5,5,3,1,6,5,4,4,2,2,5,2,2,jrz,Letras JRZ,1,1,1,0,0,1,-99,-99,-99,-99,-99,-99,-99,1,1,-99,-99,,-99,-99,-99,-99,-99,-99,-99,1,1,-99,-99,,1,4,-99,-99,1,1,1,1,-99,,2,,-99,-99,-99,-99,-99,-99,-99,,2,5,,17,,1,1,transito,mula sin precedentes,2,1,5,1,1,3,2,1,2,2,7,vecinos,2,2,0,0,0,2,,23,1,2,6,1,2,,5,,san pancho
6491,9,1,2,2,,,0,,,0,,,0,1,2,1,2,2,2,2,2,2,2,2,2,2,2,1,1,-99,-99,-99,-99,-99,-99,,-99,1,,7,7,7,7,5,7,8,9,8,8,8,6,7,2,0,,9,4,1,1,8,10,3,2,0,,8,8,8,2,0,,8,2,0,,8,7,8,8,8,5,5,11,8,8,7,3,2,2,2,monumento benito Juárez,El monumento a Benito Juárez,1,2,,,,2,-99,-99,-99,-99,-99,-99,-99,-99,-99,-99,-99,,-99,-99,-99,-99,-99,-99,-99,1,-99,-99,-99,,1,7,-99,-99,-99,-99,-99,-99,-99,,2,,-99,-99,-99,-99,-99,-99,-99,,2,9,,6,,1,2,,,2,1,7,5,5,10,2,2,2,1,2,,2,2,0,0,0,1,,60,4,1,4,1,1,,1,,fri garcia de san Francisco
6491,9,2,2,2,,,0,,,0,,,0,2,1,2,2,2,2,2,2,2,2,2,2,2,2,1,1,-99,-99,1,-99,-99,-99,,-99,4,,6,7,7,6,8,8,8,9,8,7,8,8,7,2,0,,8,3,1,1,8,10,3,2,0,,7,5,5,2,0,,5,2,0,,9,5,6,5,6,6,11,11,7,9,9,1,1,2,1,monumento Benito Juárez,El monumento a Benito Juárez,0,1,0,0,1,2,-99,-99,-99,-99,-99,-99,-99,-99,-99,-99,-99,,1,-99,-99,-99,1,-99,-99,-99,-99,-99,-99,,2,,-99,-99,-99,-99,-99,-99,-99,,2,,-99,-99,-99,-99,-99,-99,-99,,2,5,,4,,2,2,,,2,9,7,5,4,7,2,1,1,2,6,,2,2,0,0,0,1,,53,3,1,4,1,1,,1,,frai García de san Francisco
6491,9,2,3,1,10,,1,No hay ninguna persona en educacion media,,3,No hay ninguna persona en educacion superior,,3,1,1,2,1,2,2,2,2,2,2,2,2,2,2,1,1,-99,-99,1,-99,-99,-99,,-99,4,,10,10,10,10,10,10,10,10,10,10,10,10,7,2,0,,10,4,2,0,,10,3,2,0,,10,10,10,2,0,,10,2,0,,10,8,8,8,7,8,10,11,10,10,8,4,2,5,3,monumento Benito Juárez,El monumento a Benito Juárez,0,2,,,,2,-99,-99,-99,-99,-99,-99,-99,-99,-99,-99,-99,,-99,-99,-99,-99,1,-99,-99,-99,-99,-99,-99,,1,10,-99,-99,-99,-99,-99,-99,-99,,2,,-99,-99,-99,-99,-99,-99,-99,,4,6,,6,,2,2,,,3,9,10,9,10,10,1,1,2,2,3,,2,2,0,0,0,1,,40,2,1,4,1,1,,1,,frai garcia de san Francisco
6491,9,3,2,1,9,,1,9,,1,9,,1,1,1,1,1,2,2,2,2,2,2,2,1,2,1,1,1,-99,-99,1,-99,-99,-99,,-99,4,,9,7,7,9,8,9,10,9,9,10,9,9,7,2,0,,9,3,2,0,,10,3,2,0,,9,9,9,2,0,,9,2,0,,9,8,8,8,8,5,8,11,9,9,8,3,4,4,4,la x,La X,1,1,1,0,1,2,-99,-99,-99,-99,-99,-99,-99,-99,-99,-99,-99,,-99,-99,-99,-99,-99,-99,-99,1,-99,-99,-99,,2,,-99,-99,-99,-99,-99,-99,-99,,2,,-99,-99,-99,-99,-99,-99,-99,,4,5,,2,,3,2,,,4,9,9,8,8,9,2,2,2,1,5,,2,2,0,0,0,2,,53,3,4,8,2,19,,2,,frai García de san Francisco
6491,9,4,1,2,,,0,,,0,,,0,1,2,1,2,1,1,2,2,1,2,2,2,2,2,2,-99,-99,-99,-99,-99,1,-99,,-99,6,,,,,,,,10,10,10,10,10,10,7,2,0,,10,5,2,0,,10,3,2,0,,10,10,10,2,0,,10,2,0,,10,10,8,8,8,8,10,10,10,10,10,4,4,4,4,la x,La X,1,2,,,,1,1,-99,-99,-99,-99,-99,-99,-99,-99,-99,-99,,-99,-99,-99,-99,-99,-99,-99,1,-99,-99,-99,,2,,-99,-99,-99,-99,-99,-99,-99,,2,,-99,-99,-99,-99,-99,-99,-99,,4,5,,2,,4,2,,,3,2,10,10,10,10,2,1,2,2,5,,2,2,0,0,0,2,,23,1,2,5,1,2,,3,,frai García desan Francisco
6491,9,2,2,2,,,0,,,0,,,0,1,2,1,2,2,2,2,2,2,2,2,1,1,1,2,1,-99,-99,-99,-99,-99,-99,,-99,1,,8,4,3,2,4,4,7,7,5,5,6,10,7,2,0,,8,2,2,0,,10,3,2,0,,8,7,7,2,0,,5,2,0,,3,2,2,2,2,2,7,1,1,3,0,4,4,4,4,la x,La X,2,2,,,,1,-99,-99,-99,1,-99,-99,-99,-99,-99,-99,-99,,-99,-99,-99,-99,-99,1,-99,-99,-99,-99,-99,,2,,-99,-99,-99,-99,-99,-99,-99,,2,,-99,-99,-99,-99,-99,-99,-99,,4,5,,7,,3,2,,,4,2,6,6,7,10,2,1,2,2,3,,2,2,0,0,0,1,,55,3,2,6,1,1,,1,,frai García de sab Francisco
6491,9,3,2,1,No hay ninguna persona en nivel basico,,3,No hay ninguna persona en educacion media,,3,10,,1,1,2,1,1,2,1,1,2,2,2,2,2,1,2,1,-99,-99,-99,1,1,-99,-99,,-99,4,,1,5,2,9,10,10,10,10,10,10,3,2,7,2,0,,9,5,2,0,,10,2,2,0,,2,2,1,2,0,,2,2,0,,5,7,8,4,8,2,8,4,3,1,1,1,4,1,1,la x,La X,3,2,,,,2,-99,-99,-99,-99,-99,-99,-99,-99,-99,-99,-99,,-99,-99,-99,-99,-99,-99,-99,1,-99,-99,-99,,2,,-99,-99,-99,-99,-99,-99,-99,,2,,-99,-99,-99,-99,-99,-99,-99,,4,4,,5,,1,1,seguridad pública,feminicidio,2,1,6,3,4,4,2,1,2,1,6,,1,0,4,1,1,1,,28,1,2,9,1,2,,2,,frai García de san Francisco
6491,9,3,2,1,No hay ninguna persona en nivel basico,,3,No hay ninguna persona en educacion media,,3,5,,1,1,2,1,1,2,2,2,2,1,2,2,2,2,2,2,1,-99,-99,-99,-99,-99,-99,,-99,1,,5,5,5,5,6,7,5,8,8,8,5,5,7,2,0,,5,5,2,0,,10,2,2,0,,2,3,1,2,0,,1,2,0,,2,1,1,1,1,1,0,0,8,4,0,1,5,2,2,monumento ajuarez,El monumento a Benito Juárez,2,1,1,0,0,1,-99,-99,-99,-99,-99,-99,-99,1,-99,-99,-99,,-99,-99,-99,-99,-99,-99,-99,1,-99,-99,-99,,2,,-99,-99,-99,-99,-99,-99,-99,,2,,-99,-99,-99,-99,-99,-99,-99,,4,5,,3,,2,2,,,3,9,7,3,3,3,2,1,2,2,6,,2,2,0,0,0,1,,25,1,2,6,1,1,,1,,frai garcia de san Francisco
6491,9,3,2,2,,,0,,,0,,,0,1,1,2,2,2,2,2,2,1,2,2,2,2,2,2,1,-99,-99,1,-99,-99,-99,,-99,4,,9,7,8,8,9,9,10,10,9,9,8,8,7,2,0,,9,3,2,0,,10,3,2,0,,7,8,8,2,0,,8,2,0,,8,5,3,8,8,2,1,11,10,5,6,4,4,4,4,la catedral,La Catedral,2,2,,,,1,1,-99,-99,-99,-99,-99,-99,-99,-99,-99,-99,,-99,-99,-99,-99,-99,-99,-99,1,-99,-99,-99,,2,,-99,-99,-99,-99,-99,-99,-99,,2,,-99,-99,-99,-99,-99,-99,-99,,4,9,,11,,2,2,,,3,2,8,2,5,10,2,1,2,1,6,,2,2,0,0,0,1,,28,1,2,2,1,1,,1,,frai García de san Francisco
6491,9,3,3,2,,,0,,,0,,,0,1,1,2,1,2,2,1,2,2,2,2,2,2,2,2,-99,-99,-99,1,-99,-99,-99,,-99,4,,8,6,9,7,9,9,7,4,8,8,8,9,7,2,0,,9,5,2,0,,10,3,2,0,,9,3,3,2,0,,8,2,0,,6,7,8,3,8,3,5,2,4,8,8,4,2,4,2,la x,La X,1,1,1,0,0,2,-99,-99,-99,-99,-99,-99,-99,-99,-99,-99,-99,,-99,-99,-99,-99,-99,-99,-99,1,-99,-99,-99,,2,,-99,-99,-99,-99,-99,-99,-99,,2,,-99,-99,-99,-99,-99,-99,-99,,3,9,,2,,4,2,,,4,9,7,2,4,3,1,1,1,1,5,,2,2,0,0,0,1,,40,2,7,9,1,1,,2,,frsi garcia desan Francisco
6491,9,2,3,1,6,,1,No hay ninguna persona en educacion media,,3,No hay ninguna persona en educacion superior,,3,1,1,2,1,2,2,2,2,2,2,2,2,2,2,2,-99,-99,1,1,-99,-99,-99,,-99,4,,8,8,10,10,10,10,10,10,10,10,10,10,7,2,0,,10,2,2,0,,10,3,2,0,,10,10,10,2,0,,6,2,0,,10,8,8,10,8,7,8,0,8,6,0,4,5,5,5,la x,La X,0,2,,,,2,-99,-99,-99,-99,-99,-99,-99,-99,-99,-99,-99,,-99,-99,-99,-99,-99,-99,-99,-99,1,-99,-99,,1,10,-99,-99,-99,-99,-99,-99,-99,,2,,-99,-99,-99,-99,-99,-99,-99,,4,5,,15,,3,2,,,3,2,10,6,6,10,1,1,1,1,2,,2,2,0,0,0,1,,46,3,4,2,1,1,,1,,fry grcia de san francisco
6491,9,2,3,2,,,0,,,0,,,0,1,2,1,1,2,2,2,2,2,2,2,2,2,2,2,-99,-99,-99,-99,1,-99,-99,,-99,5,,8,8,4,10,9,7,10,10,10,10,10,10,7,2,0,,10,5,2,0,,10,3,2,0,,10,10,8,2,0,,8,2,0,,10,11,0,0,0,0,0,0,9,8,0,4,5,5,5,no sabe,NINGUNO,4,2,,,,1,-99,-99,-99,-99,-99,-99,-99,1,-99,-99,-99,,-99,-99,-99,-99,-99,-99,-99,1,-99,-99,-99,,2,,-99,-99,-99,-99,-99,-99,-99,,2,,-99,-99,-99,-99,-99,-99,-99,,4,5,,19,clima,1,2,,,4,2,4,3,5,9,2,1,2,1,5,,2,2,0,0,0,2,,62,4,7,3,1,1,,1,,san francisco
6491,9,2,4,1,10,,1,No hay ninguna persona en educacion media,,3,No hay ninguna persona en educacion superior,,3,1,1,2,1,2,2,2,2,2,2,2,2,2,2,2,-99,-99,-99,1,-99,-99,-99,,-99,4,,10,10,9,10,10,10,5,5,5,10,7,5,7,2,0,,5,5,2,0,,10,3,2,0,,8,10,10,2,0,,5,1,1,5,6,5,5,8,10,8,7,0,10,5,0,4,5,5,2,la segunda de san pancho,OTRO,0,1,1,0,0,1,1,-99,-99,-99,-99,-99,-99,-99,-99,-99,-99,,-99,-99,-99,-99,-99,-99,-99,-99,-99,-99,1,me lleva mi hija,2,,-99,-99,-99,-99,-99,-99,-99,,2,,-99,-99,-99,-99,-99,-99,-99,,4,5,,2,,1,2,,,2,1,1,10,7,10,2,1,2,1,1,,2,2,0,0,0,1,,47,3,9,3,1,1,,1,,col fray gecia de san francisco
6491,9,3,2,2,,,0,,,0,,,0,1,1,1,1,2,2,2,2,2,2,2,2,2,2,2,1,-99,-99,1,-99,-99,-99,,-99,4,,6,8,8,10,10,10,7,8,9,10,10,6,7,2,0,,10,5,2,0,,9,3,2,0,,9,9,7,2,0,,6,2,0,,8,6,4,4,1,1,2,0,7,3,3,4,5,5,2,benito juarez,El monumento a Benito Juárez,0,2,,,,2,-99,-99,-99,-99,-99,-99,-99,-99,-99,-99,-99,,1,-99,-99,-99,-99,1,-99,-99,1,-99,-99,,1,6,1,-99,1,-99,1,-99,-99,,2,,-99,-99,-99,-99,-99,-99,-99,,4,5,,16,,1,2,,,2,1,7,6,5,6,2,1,2,2,1,,1,0,1,1,1,1,,48,3,1,3,1,1,,1,,fray garcia de san Francisco
6951,6,4,2,1,9,,1,10,,1,10,,2,2,2,2,1,2,2,2,2,2,2,2,2,2,2,2,1,-99,-99,-99,-99,-99,-99,,-99,1,,2,2,5,4,4,4,6,5,6,7,6,8,7,2,0,,7,5,2,0,,9,3,2,0,,10,7,6,2,0,,1,2,0,,5,4,6,6,4,6,6,11,11,5,5,1,3,3,3,la x,La X,2,1,3,0,0,1,-99,-99,-99,-99,-99,-99,-99,1,-99,-99,-99,,-99,-99,-99,-99,-99,-99,-99,1,-99,-99,-99,,2,,-99,-99,-99,-99,-99,-99,-99,,2,,-99,-99,-99,-99,-99,-99,-99,,3,2,,7,,1,2,,,2,2,8,5,6,5,2,2,2,2,2,,2,2,0,0,0,2,,40,2,2,8,1,2,,3,,pradera de los oasis
6951,6,3,2,1,No hay ninguna persona en nivel basico,,3,No hay ninguna persona en educacion media,,3,10,,1,2,2,1,2,2,2,2,2,2,2,2,2,2,2,2,1,-99,-99,-99,-99,-99,-99,,-99,1,,6,8,3,7,8,7,10,7,9,7,4,9,7,2,0,,9,5,2,0,,9,3,2,0,,8,8,8,2,0,,4,2,0,,5,4,7,6,6,5,5,11,7,5,6,2,3,3,2,la x,La X,1,2,,,,1,-99,-99,-99,-99,-99,-99,-99,1,-99,-99,-99,,-99,-99,-99,-99,-99,-99,-99,1,-99,-99,-99,,2,,-99,-99,-99,-99,-99,-99,-99,,2,,-99,-99,-99,-99,-99,-99,-99,,3,5,,2,,1,2,,,3,3,6,6,6,7,2,2,2,2,2,,2,2,0,0,0,2,,57,3,2,6,1,2,,2,,pradea de ls oasis
6951,6,3,3,2,,,0,,,0,,,0,2,2,1,2,2,2,2,2,2,2,2,2,2,2,2,1,-99,-99,-99,-99,-99,-99,,-99,1,,6,6,2,2,5,7,9,7,10,10,9,9,7,2,0,,9,5,2,0,,9,2,2,0,,9,10,9,2,0,,6,2,0,,9,6,7,5,6,6,2,11,11,8,2,4,3,3,3,monumento a Juárez,El monumento a Benito Juárez,0,2,,,,1,-99,-99,-99,-99,-99,1,-99,-99,-99,-99,-99,,-99,-99,-99,-99,-99,1,-99,-99,-99,-99,-99,,2,,-99,-99,-99,-99,-99,-99,-99,,2,,-99,-99,-99,-99,-99,-99,-99,,4,3,,2,,1,2,,,3,2,9,4,7,7,2,2,2,1,1,,2,2,0,0,0,2,,56,3,2,3,1,1,,1,,pradera de los oasis
6951,6,3,2,1,10,,2,No hay ninguna persona en educacion media,,3,10,,1,2,2,1,2,2,2,2,2,2,2,2,2,2,2,2,1,-99,-99,-99,-99,-99,-99,,-99,1,,5,3,3,6,6,5,7,7,5,7,6,8,7,2,0,,9,5,3,0,,7,3,2,0,,9,5,4,2,0,,3,2,0,,6,6,6,6,6,6,4,8,7,4,11,2,3,3,3,lax,La X,2,2,,,,1,-99,-99,-99,-99,-99,-99,-99,1,-99,-99,-99,,-99,-99,-99,-99,-99,-99,-99,1,-99,-99,-99,,2,,-99,-99,-99,-99,-99,-99,-99,,2,,-99,-99,-99,-99,-99,-99,-99,,4,5,,7,,1,2,,,2,2,6,6,6,5,2,2,2,1,1,,2,2,0,0,0,1,,40,2,2,8,1,2,,2,,pradera de los oasis
6951,6,1,3,1,No hay ninguna persona en nivel basico,,3,No hay ninguna persona en educacion media,,3,9,,1,2,2,2,2,2,1,2,2,2,2,2,2,2,2,2,1,-99,-99,-99,-99,-99,-99,,-99,1,,5,1,5,6,4,5,10,6,9,7,10,10,7,2,0,,10,5,2,0,,10,2,2,0,,9,10,6,2,0,,5,2,0,,5,7,6,6,6,4,6,11,8,7,10,4,3,3,3,la x,La X,1,2,,,,1,-99,-99,-99,-99,-99,-99,-99,1,-99,-99,-99,,-99,-99,-99,-99,-99,-99,-99,1,-99,-99,-99,,2,,-99,-99,-99,-99,-99,-99,-99,,2,,-99,-99,-99,-99,-99,-99,-99,,3,6,,2,,1,2,,,3,2,5,5,7,5,2,2,2,1,6,,2,2,0,0,0,1,,58,3,9,4,1,1,,1,,pradera de los oasis
6951,6,3,2,2,,,0,,,0,,,0,2,2,2,2,2,1,2,2,2,2,2,2,2,2,2,1,-99,-99,-99,-99,-99,-99,,-99,1,,7,6,6,6,7,7,9,7,9,9,7,9,7,2,0,,9,5,2,0,,10,3,2,0,,9,8,6,2,0,,4,2,0,,7,5,6,6,5,5,4,11,11,7,3,2,3,3,3,la rodadora,La Rodadora,2,2,,,,2,-99,-99,-99,-99,-99,-99,-99,-99,-99,-99,-99,,-99,-99,-99,-99,-99,-99,-99,1,-99,-99,-99,,1,8,-99,-99,1,-99,-99,-99,-99,,2,,-99,-99,-99,-99,-99,-99,-99,,2,6,,7,,1,2,,,1,2,7,3,4,5,2,1,2,2,3,,2,2,0,0,0,1,,29,1,1,8,2,19,,8,,pradera de los oasis
6951,6,3,2,1,10,,1,10,,2,No hay ninguna persona en educacion superior,,3,2,2,1,2,2,2,2,2,2,2,2,2,2,2,2,-99,-99,-99,-99,1,-99,-99,,-99,5,,10,10,9,9,7,10,10,10,7,7,8,8,7,2,0,,8,2,2,0,,10,3,2,0,,9,5,3,2,0,,1,2,0,,8,5,6,5,5,6,7,5,11,8,4,2,3,2,3,la x,La X,1,2,,,,1,1,-99,-99,-99,-99,-99,-99,-99,-99,-99,-99,,-99,-99,-99,-99,-99,-99,-99,1,-99,-99,-99,,2,,-99,-99,-99,-99,-99,-99,-99,,2,,-99,-99,-99,-99,-99,-99,-99,,4,5,,7,,1,2,,,3,3,8,5,5,6,2,1,2,1,2,,2,2,0,0,0,1,,33,2,9,8,1,2,,5,,pradera de los oasis
6951,6,5,2,1,9,,1,No hay ninguna persona en educacion media,,3,No hay ninguna persona en educacion superior,,3,2,2,1,2,2,2,2,2,2,2,2,2,2,2,2,1,-99,-99,-99,-99,-99,-99,,-99,1,,5,6,5,4,5,6,8,7,7,7,9,6,7,2,0,,9,5,2,0,,9,3,2,0,,9,5,9,2,0,,5,2,0,,8,5,6,6,7,7,8,11,11,5,6,4,3,3,3,la x,La X,0,2,,,,2,-99,-99,-99,-99,-99,-99,-99,-99,-99,-99,-99,,-99,-99,-99,-99,-99,1,-99,-99,-99,-99,-99,,2,,-99,-99,-99,-99,-99,-99,-99,,2,,-99,-99,-99,-99,-99,-99,-99,,2,2,,6,,1,2,,,4,5,5,6,5,7,2,1,2,1,1,,2,2,0,0,0,1,,70,4,1,2,1,1,,19,,pradera de los oasis
6951,6,3,2,1,10,,1,No hay ninguna persona en educacion media,,3,No hay ninguna persona en educacion superior,,3,2,2,1,2,2,2,2,2,2,2,2,2,2,2,2,1,-99,-99,-99,-99,-99,-99,,-99,1,,6,5,4,9,6,7,7,7,6,7,8,8,7,2,0,,8,5,2,0,,9,2,2,0,,9,7,7,2,0,,5,2,0,,8,4,6,6,6,4,9,11,9,6,8,4,3,3,3,la x,La X,1,2,,,,1,-99,-99,-99,-99,-99,-99,-99,1,-99,-99,-99,,-99,-99,-99,-99,-99,-99,-99,1,-99,-99,-99,,2,,-99,-99,-99,-99,-99,-99,-99,,2,,-99,-99,-99,-99,-99,-99,-99,,4,6,,5,,1,2,,,3,2,7,5,6,6,2,1,2,2,2,,2,2,0,0,0,2,,33,2,2,6,1,2,,2,,pradera de los oasis
6951,6,3,2,1,10,,1,No hay ninguna persona en educacion media,,3,No hay ninguna persona en educacion superior,,3,2,2,1,2,2,2,2,2,2,2,2,2,2,2,2,1,-99,-99,-99,-99,-99,-99,,-99,1,,5,5,6,6,6,7,9,5,7,9,3,6,7,2,0,,3,5,2,0,,10,3,2,0,,9,8,6,2,0,,3,2,0,,8,6,7,7,6,6,6,11,8,7,3,2,3,3,3,la x,La X,0,2,,,,2,-99,-99,-99,-99,-99,-99,-99,-99,-99,-99,-99,,-99,-99,-99,-99,-99,1,-99,-99,-99,-99,-99,,2,,-99,-99,-99,-99,-99,-99,-99,,2,,-99,-99,-99,-99,-99,-99,-99,,3,7,,6,,1,2,,,1,1,8,5,5,5,2,1,2,1,6,,2,2,0,0,0,1,,24,1,1,8,1,1,,2,,pradera de los oasis
6951,6,1,2,1,9,,1,9,,1,No hay ninguna persona en educacion superior,,3,2,2,1,2,2,2,2,2,2,2,2,2,2,2,2,1,-99,-99,-99,-99,-99,-99,,-99,1,,8,9,5,5,7,7,6,5,6,7,9,8,7,2,0,,5,5,2,0,,10,2,2,0,,9,7,8,2,0,,5,2,0,,7,4,6,5,5,5,8,11,9,7,9,4,3,3,3,la x,La X,1,2,,,,1,-99,-99,-99,-99,-99,-99,-99,1,-99,-99,-99,,-99,-99,-99,-99,-99,-99,-99,1,-99,-99,-99,,2,,-99,-99,-99,-99,-99,-99,-99,,2,,-99,-99,-99,-99,-99,-99,-99,,4,9,,8,,1,2,,,1,2,8,5,7,3,2,1,2,1,1,,2,2,0,0,0,2,,60,4,2,4,1,2,,2,,pradera de los oasis
6951,6,3,2,2,,,0,,,0,,,0,2,2,1,2,2,2,2,2,2,2,2,2,2,2,2,1,-99,-99,-99,-99,-99,-99,,-99,1,,1,1,1,1,3,4,4,5,1,6,6,6,7,2,0,,5,4,2,0,,8,2,2,0,,9,6,3,2,0,,2,2,0,,8,4,6,6,6,6,2,11,7,1,1,4,3,2,3,la x,La X,1,2,,,,2,-99,-99,-99,-99,-99,-99,-99,-99,-99,-99,-99,,-99,-99,-99,-99,-99,-99,-99,1,-99,-99,-99,,2,,-99,-99,-99,-99,-99,-99,-99,,2,,-99,-99,-99,-99,-99,-99,-99,,4,5,,7,,1,2,,,1,3,1,4,1,5,2,1,2,1,2,,2,2,0,0,0,1,,62,4,1,4,1,1,,19,,pradera de los oasis
6951,6,2,3,1,7,,2,8,,2,8,,2,1,1,1,1,2,2,2,2,2,2,2,2,2,2,2,1,-99,-99,-99,-99,-99,-99,,-99,1,,7,8,9,5,7,7,6,7,7,9,8,8,7,2,0,,8,2,2,0,,8,3,2,0,,5,5,4,2,0,,4,2,0,,5,4,7,4,7,7,7,11,11,7,6,2,2,2,2,parque cental,El Parque Central,1,2,,,,1,-99,-99,-99,1,-99,-99,-99,-99,1,1,-99,,1,-99,-99,-99,-99,-99,-99,-99,1,1,-99,,1,4,1,-99,-99,-99,-99,-99,-99,,1,5,1,-99,-99,-99,-99,-99,-99,,2,9,,5,,2,2,,,2,9,5,5,2,5,2,2,2,2,2,,2,2,0,0,0,1,,43,2,2,6,1,3,,5,,pradeas de los aosis
6951,6,3,3,1,10,,1,10,,1,10,,2,1,1,1,2,2,1,1,2,2,2,1,2,2,1,2,-99,-99,-99,1,-99,-99,-99,,-99,4,,8,8,7,8,10,10,8,8,8,10,7,10,7,2,0,,10,4,2,0,,10,3,2,0,,7,10,8,2,0,,6,2,0,,7,8,10,10,10,7,10,8,8,8,7,3,3,3,3,la x,La X,2,1,2,0,0,2,-99,-99,-99,-99,-99,-99,-99,-99,-99,-99,-99,,-99,-99,-99,-99,-99,-99,-99,1,-99,-99,-99,,2,,-99,-99,-99,-99,-99,-99,-99,,2,,-99,-99,-99,-99,-99,-99,-99,,3,5,,9,,2,2,,,1,9,7,7,8,8,2,2,2,2,5,,2,2,0,0,0,1,,31,2,4,4,2,19,,1,,pradera de los oasis
6951,6,3,3,2,,,0,,,0,,,0,1,1,1,2,2,1,2,2,1,2,2,2,2,2,1,1,-99,-99,1,-99,-99,-99,,-99,4,,8,8,6,8,8,6,10,10,10,10,10,10,7,2,0,,10,5,2,0,,10,2,2,0,,5,10,5,2,0,,1,2,0,,5,10,8,8,1,1,11,11,11,6,7,4,5,5,5,parque central,El Parque Central,0,2,,,,1,-99,-99,-99,-99,-99,1,-99,-99,1,-99,-99,,-99,-99,-99,-99,-99,1,-99,-99,1,-99,-99,,1,8,-99,-99,-99,-99,-99,-99,-99,,2,,-99,-99,-99,-99,-99,-99,-99,,4,5,,2,,1,2,,,3,9,10,5,5,8,2,1,2,2,5,,2,2,0,0,0,1,,50,3,1,8,2,19,,19,,praderas de los oasis
6951,6,3,3,1,10,,1,No hay ninguna persona en educacion media,,3,No hay ninguna persona en educacion superior,,3,1,1,1,1,2,2,2,2,1,2,2,2,2,1,1,-99,-99,-99,1,-99,-99,-99,,-99,4,,10,10,10,8,10,10,10,10,10,10,10,10,7,2,0,,8,5,2,0,,10,2,2,0,,8,9,8,2,0,,7,2,0,,8,10,9,8,8,7,8,11,11,7,5,4,5,5,5,plaza de armas,OTRO,0,2,,,,1,-99,-99,-99,-99,-99,1,-99,-99,-99,-99,-99,,-99,-99,-99,-99,-99,1,-99,-99,-99,-99,-99,,2,,-99,-99,-99,-99,-99,-99,-99,,2,,-99,-99,-99,-99,-99,-99,-99,,4,5,,2,,1,2,,,2,1,8,5,5,5,2,1,2,1,1,,2,2,0,0,0,2,,39,2,2,5,1,3,,3,,pradera de los oasis
6951,6,3,2,1,8,,1,No hay ninguna persona en educacion media,,3,No hay ninguna persona en educacion superior,,3,1,1,1,1,2,2,2,2,2,2,2,2,2,2,2,1,-99,-99,1,-99,-99,-99,,-99,4,,5,10,8,9,10,10,10,10,10,10,10,10,7,2,0,,10,4,2,0,,10,3,2,0,,10,10,10,2,0,,3,2,0,,10,10,10,10,10,10,8,11,11,10,10,4,3,5,5,la x,La X,2,1,1,1,0,1,-99,-99,-99,-99,-99,-99,-99,1,-99,-99,-99,,1,-99,-99,-99,-99,-99,-99,1,-99,-99,-99,,2,,-99,-99,-99,-99,-99,-99,-99,,2,,-99,-99,-99,-99,-99,-99,-99,,2,5,,2,,1,2,,,2,1,10,10,8,10,2,2,2,1,6,,2,2,0,0,0,1,,31,2,2,4,1,2,,3,,praderas de los oasis
6951,6,3,2,1,8,,1,No hay ninguna persona en educacion media,,3,No hay ninguna persona en educacion superior,,3,1,1,1,2,1,1,2,2,2,2,2,1,2,1,2,-99,1,-99,1,-99,-99,-99,,-99,4,,8,8,8,10,8,6,8,8,8,10,10,10,7,2,0,,10,5,2,0,,10,3,2,0,,8,10,8,2,0,,10,2,0,,7,8,8,8,8,7,8,8,8,7,5,4,3,3,3,parque central,El Parque Central,1,1,2,0,0,1,-99,-99,-99,-99,-99,-99,-99,1,-99,-99,-99,,-99,-99,-99,-99,-99,-99,-99,1,-99,-99,-99,,2,,-99,-99,-99,-99,-99,-99,-99,,2,,-99,-99,-99,-99,-99,-99,-99,,4,4,,5,,3,2,,,3,9,8,7,7,9,2,2,2,2,3,,2,2,0,0,0,1,,30,2,2,8,1,2,,3,,praderas de los oasis
6951,6,1,1,1,No hay ninguna persona en nivel basico,,3,No hay ninguna persona en educacion media,,3,5,muchas trabas,1,1,2,1,2,2,2,2,2,2,2,2,2,2,2,2,1,-99,-99,-99,1,-99,-99,,-99,5,,10,10,5,10,10,5,5,5,5,10,10,10,7,2,0,,10,4,2,0,,10,3,2,0,,5,10,7,2,0,,7,2,0,,5,5,5,5,5,5,5,11,11,5,1,4,5,3,1,la cas de juan gabriel,La casa de Juan Gabriel,2,2,,,,2,-99,-99,-99,-99,-99,-99,-99,-99,-99,-99,-99,,-99,-99,-99,-99,-99,-99,-99,1,-99,-99,-99,,2,,-99,-99,-99,-99,-99,-99,-99,,2,,-99,-99,-99,-99,-99,-99,-99,,4,3,,2,,1,2,,,4,2,10,5,5,10,1,2,1,1,6,,1,0,3,2,2,1,,47,3,1,8,2,19,,10,,praderas de los oasis
6951,6,3,1,1,10,,1,No hay ninguna persona en educacion media,,3,No hay ninguna persona en educacion superior,,3,1,1,1,1,2,2,2,2,2,2,2,2,2,2,1,1,-99,-99,1,-99,-99,-99,,-99,4,,10,8,6,6,8,9,10,9,9,10,10,10,7,2,0,,9,3,2,0,,9,3,2,0,,9,9,9,2,0,,5,2,0,,8,8,8,9,7,7,7,11,11,8,7,4,2,5,2,chamizal,El Chamizal,1,1,1,0,0,1,-99,-99,-99,1,-99,-99,-99,-99,-99,-99,-99,,-99,-99,-99,-99,-99,-99,-99,1,-99,-99,-99,,2,,-99,-99,-99,-99,-99,-99,-99,,2,,-99,-99,-99,-99,-99,-99,-99,,3,5,,1,,1,2,,,3,1,6,6,6,9,2,2,2,2,6,,2,2,0,0,0,1,,30,2,2,8,1,2,,2,,pradera de los oasis
6951,6,5,1,1,10,,1,10,,1,10,,2,2,1,1,2,1,2,2,1,1,2,2,1,2,2,2,-99,-99,-99,-99,-99,1,-99,,-99,6,,,,,,,,10,10,10,10,10,10,7,2,0,,10,5,2,0,,10,2,2,0,,10,10,10,2,0,,6,2,0,,10,10,10,10,10,10,11,11,10,10,10,4,4,4,4,la x,La X,6,1,0,2,2,1,-99,-99,-99,-99,-99,-99,-99,1,-99,-99,-99,,-99,-99,-99,-99,-99,-99,-99,1,-99,-99,-99,,2,,-99,-99,-99,-99,-99,-99,-99,,2,,-99,-99,-99,-99,-99,-99,-99,,4,6,,5,,2,2,,,4,9,10,10,10,10,2,2,2,2,1,,2,2,0,0,0,2,,43,2,4,6,1,16,,17,,praderas de los oasis
6951,6,3,2,1,3,maestros,1,No hay ninguna persona en educacion media,,3,No hay ninguna persona en educacion superior,,3,1,1,1,1,2,1,2,2,2,2,2,2,2,2,2,1,-99,-99,-99,-99,-99,-99,,-99,1,,5,5,5,5,5,7,8,8,7,9,8,8,7,2,0,,8,4,1,1,5,7,3,2,0,,3,5,3,2,0,,2,2,0,,7,2,5,6,7,4,6,11,11,6,1,4,4,4,4,la x,La X,1,2,,,,1,-99,-99,-99,-99,-99,-99,-99,1,-99,-99,-99,,-99,-99,-99,-99,-99,-99,-99,1,-99,-99,-99,,2,,-99,-99,-99,-99,-99,-99,-99,,2,,-99,-99,-99,-99,-99,-99,-99,,3,7,,5,,1,2,,,2,10,5,5,2,5,2,2,2,1,2,,2,2,0,0,0,2,,36,2,2,8,1,2,,2,,pradera de los oasis
6951,6,4,2,1,7,,1,8,,1,9,,1,1,1,1,1,2,1,1,2,1,2,2,2,2,2,1,1,-99,-99,-99,-99,-99,-99,,-99,1,,6,6,5,7,7,4,8,8,8,10,8,10,7,2,0,,10,4,2,0,,7,3,2,0,,6,7,7,2,0,,1,2,0,,5,4,5,5,5,5,11,3,3,2,0,3,3,5,5,la x,La X,1,1,0,0,1,1,-99,-99,-99,1,-99,-99,-99,1,-99,-99,-99,,1,-99,-99,-99,-99,-99,-99,-99,-99,-99,-99,,2,,-99,-99,-99,-99,-99,-99,-99,,2,,-99,-99,-99,-99,-99,-99,-99,,3,5,,3,,1,2,,,2,2,5,3,1,3,2,2,2,2,2,,2,2,0,0,0,1,,21,1,5,8,2,19,,6,,praderas de los oasis
6951,6,3,3,1,9,,1,8,,2,9,,1,1,2,1,2,2,2,2,2,2,2,2,2,2,2,1,1,-99,-99,-99,-99,-99,-99,,-99,1,,1,5,3,3,5,5,9,9,5,8,8,8,7,2,0,,9,4,2,0,,9,3,2,0,,8,8,7,2,0,,3,2,0,,5,3,4,5,2,1,7,11,11,7,2,1,3,3,3,la x,La X,1,2,,,,1,1,-99,-99,-99,-99,-99,-99,-99,-99,-99,-99,,-99,-99,-99,-99,-99,1,-99,-99,-99,-99,-99,,2,,-99,-99,-99,-99,-99,-99,-99,,2,,-99,-99,-99,-99,-99,-99,-99,,3,5,,3,,1,1,el gobierno,el trato,2,9,7,5,6,8,2,1,1,2,2,,2,2,0,0,0,2,,53,3,9,4,1,1,,2,,praderas de los oasis
6951,6,4,1,1,8,,1,9,,1,No hay ninguna persona en educacion superior,,3,1,2,1,1,2,2,2,2,2,2,2,2,2,2,2,1,-99,-99,1,-99,-99,-99,,-99,4,,7,8,5,8,9,9,10,10,10,10,8,9,7,2,0,,8,5,2,0,,8,3,2,0,,8,8,5,2,0,,5,2,0,,7,8,8,8,9,4,8,11,8,7,4,4,5,5,2,la x,La X,2,1,0,0,2,1,-99,-99,-99,-99,-99,-99,-99,1,-99,-99,-99,,-99,-99,-99,-99,-99,-99,-99,1,-99,-99,-99,,2,,-99,-99,-99,-99,-99,-99,-99,,2,,-99,-99,-99,-99,-99,-99,-99,,4,5,,19,urbanizacion,1,1,imss,no hay confiabilidad en el,2,9,6,5,5,5,2,1,1,2,1,,2,2,0,0,0,2,,41,2,2,9,1,3,,4,,pradera delps oasis
6951,6,2,3,2,,,0,,,0,,,0,1,2,1,1,2,2,2,2,2,2,2,2,2,2,2,1,-99,-99,-99,1,-99,-99,,-99,5,,11,8,9,10,10,8,9,10,9,10,10,10,7,2,0,,10,5,2,0,,10,3,2,0,,6,6,6,2,0,,1,2,0,,8,11,0,0,0,0,8,11,11,6,11,4,3,4,3,monumento a juarez,El monumento a Benito Juárez,1,2,,,,2,-99,-99,-99,-99,-99,-99,-99,-99,-99,-99,-99,,-99,-99,-99,-99,-99,-99,-99,1,-99,-99,-99,,2,,-99,-99,-99,-99,-99,-99,-99,,2,,-99,-99,-99,-99,-99,-99,-99,,3,5,,2,,1,2,,,3,11,1,1,6,9,2,1,2,2,2,,2,2,0,0,0,1,,55,3,1,11,1,1,,1,,praderasde los oasis
6951,6,4,1,2,,,0,,,0,,,0,1,2,1,2,1,2,2,2,2,2,2,1,1,1,1,-99,-99,-99,-99,1,-99,-99,,-99,5,,10,10,10,10,10,5,10,10,1,10,10,10,7,2,0,,10,5,2,0,,10,3,2,0,,5,5,8,2,0,,1,2,0,,10,10,10,10,10,10,10,11,11,5,10,1,5,5,5,el monumento de juan gabriel n la calle juarez,El monumento a Benito Juárez,1,1,0,0,6,1,-99,1,-99,-99,-99,-99,-99,-99,-99,-99,-99,,-99,1,-99,-99,-99,-99,-99,-99,-99,-99,-99,,2,,-99,-99,-99,-99,-99,-99,-99,,2,,-99,-99,-99,-99,-99,-99,-99,,4,5,,2,,1,1,municipales,me han quitado dinero,2,6,8,10,5,9,2,2,1,2,2,,2,2,0,0,0,2,,33,2,9,5,1,3,,3,,praderas de los oasis
6951,6,2,3,1,10,,1,No hay ninguna persona en educacion media,,3,No hay ninguna persona en educacion superior,,3,1,1,1,1,2,2,2,2,2,2,2,2,2,2,1,-99,-99,-99,1,-99,-99,-99,,-99,4,,5,10,10,5,10,10,10,10,10,10,10,10,7,2,0,,5,5,2,0,,10,3,2,0,,10,10,1,1,1,5,2,2,0,,10,5,5,5,1,1,5,0,0,5,5,1,5,5,2,la catedral,La Catedral,1,1,1,0,0,2,-99,-99,-99,-99,-99,-99,-99,-99,-99,-99,-99,,1,-99,-99,-99,-99,-99,-99,1,-99,-99,-99,,2,,-99,-99,-99,-99,-99,-99,-99,,2,,-99,-99,-99,-99,-99,-99,-99,,4,5,,4,,1,2,,,1,5,5,5,5,10,1,1,1,1,5,,2,2,0,0,0,1,,63,4,1,2,1,1,,2,,praderas de las s oasis
6951,6,3,3,1,5,,1,8,,1,8,,1,1,1,1,2,2,2,1,2,1,1,2,2,2,2,1,1,-99,-99,-99,1,-99,-99,,-99,5,,10,10,10,8,8,7,7,8,7,8,9,9,7,2,0,,9,5,2,0,,7,3,2,0,,7,7,5,2,0,,3,1,2,5,7,7,8,8,6,5,7,7,8,6,8,2,4,4,2,la x,La X,2,2,,,,2,-99,-99,-99,-99,-99,-99,-99,-99,-99,-99,-99,,-99,-99,-99,-99,-99,-99,-99,1,-99,-99,-99,,2,,-99,-99,-99,-99,-99,-99,-99,,2,,-99,-99,-99,-99,-99,-99,-99,,4,15,,13,,1,2,,,2,3,6,5,5,5,1,1,1,1,5,,2,2,0,0,0,2,,57,3,4,4,1,1,,1,,praderas de los osos
6951,6,2,2,2,,,0,,,0,,,0,1,1,1,1,2,1,2,2,2,2,2,1,2,1,2,1,-99,-99,-99,-99,-99,-99,,-99,1,,8,8,5,8,7,7,9,8,8,9,6,8,7,2,0,,7,4,1,1,8,8,3,2,0,,8,7,8,2,0,,8,2,0,,8,8,7,8,8,7,8,11,11,8,8,4,3,3,2,parque central,El Parque Central,0,1,1,0,1,1,-99,-99,-99,1,-99,-99,-99,-99,-99,-99,-99,,-99,-99,-99,-99,-99,1,-99,-99,-99,-99,-99,,2,,-99,-99,-99,-99,-99,-99,-99,,2,,-99,-99,-99,-99,-99,-99,-99,,4,5,,19,apoyo a exuelas,1,2,,,3,3,7,5,8,7,2,1,1,1,2,,2,2,0,0,0,1,,48,3,2,6,1,1,,3,,praderas delos oasis
6951,6,3,3,2,,,0,,,0,,,0,1,1,1,2,2,1,2,2,2,2,2,2,2,2,1,1,-99,-99,1,-99,-99,-99,,-99,4,,7,8,6,10,9,8,10,5,9,8,10,10,7,2,0,,8,2,2,0,,10,3,2,0,,5,6,5,2,0,,1,2,0,,8,8,9,8,9,5,10,11,11,6,3,4,5,3,2,benito juarez em monumento,El monumento a Benito Juárez,1,1,0,0,2,2,-99,-99,-99,-99,-99,-99,-99,-99,-99,-99,-99,,-99,-99,-99,-99,-99,-99,-99,1,-99,-99,-99,,2,,-99,-99,-99,-99,-99,-99,-99,,2,,-99,-99,-99,-99,-99,-99,-99,,4,13,,15,,1,2,,,2,2,8,5,1,9,1,2,2,2,2,,2,2,0,0,0,1,,55,3,1,11,1,1,,1,,praderas de los lo
6951,6,2,2,2,,,0,,,0,,,0,1,2,1,1,2,1,2,2,2,2,2,2,2,1,1,1,-99,-99,1,-99,-99,-99,,-99,4,,9,8,9,8,10,9,10,9,10,10,9,8,7,2,0,,8,5,2,0,,10,3,2,0,,8,8,8,2,0,,7,2,0,,8,11,0,0,0,0,8,11,11,8,8,4,5,5,5,la catedral,La Catedral,1,2,,,,2,-99,-99,-99,-99,-99,-99,-99,-99,-99,-99,-99,,-99,-99,-99,-99,-99,1,-99,1,1,-99,-99,,1,8,-99,-99,-99,-99,-99,-99,-99,,1,9,-99,-99,-99,-99,-99,-99,-99,,4,5,,7,,1,2,,,3,2,8,8,8,8,1,1,1,1,2,,2,2,0,0,0,1,,60,4,1,2,1,1,,1,,praderas delps oasis
6951,6,4,2,1,10,,1,10,,1,No hay ninguna persona en educacion superior,,3,1,1,1,1,2,2,2,2,2,2,2,2,2,1,1,1,-99,-99,-99,-99,-99,-99,,-99,1,,10,10,6,6,10,10,10,10,10,10,10,6,7,2,0,,10,4,2,0,,10,3,2,0,,10,10,10,2,0,,6,2,0,,10,10,10,10,10,10,10,0,11,10,10,4,3,5,3,casa dejuan gabriel,La casa de Juan Gabriel,2,2,,,,2,-99,-99,-99,-99,-99,-99,-99,-99,-99,-99,-99,,1,-99,-99,-99,-99,-99,-99,1,-99,-99,-99,,2,,-99,-99,-99,-99,-99,-99,-99,,2,,-99,-99,-99,-99,-99,-99,-99,,4,5,,2,,3,2,,,2,2,10,7,8,8,1,1,1,1,6,,2,2,0,0,0,1,,25,1,1,4,1,2,,2,,praderas de los oasis
6951,6,2,3,1,No hay ninguna persona en nivel basico,,3,8,,2,10,,1,1,1,1,1,2,2,1,2,2,1,2,2,2,1,2,1,-99,-99,-99,-99,-99,-99,,-99,1,,5,5,1,6,8,7,9,9,8,9,8,8,7,2,0,,7,2,2,0,,9,3,2,0,,9,9,7,2,0,,6,2,0,,8,5,8,9,9,7,6,11,11,7,6,4,4,4,3,la x,La X,2,1,0,1,2,1,-99,-99,-99,1,-99,-99,-99,1,-99,-99,-99,,-99,-99,-99,-99,-99,-99,-99,1,-99,-99,-99,,2,,-99,-99,-99,-99,-99,-99,-99,,2,,-99,-99,-99,-99,-99,-99,-99,,4,5,,19,fala de parques,4,1,policia municipal,detenciones indevidas,1,1,7,5,6,8,2,1,2,1,2,,2,1,1,1,5,2,,48,3,2,11,1,1,,3,,pradera delos oasis
6951,6,2,2,1,8,,1,No hay ninguna persona en educacion media,,3,10,,2,1,1,1,1,2,1,2,2,2,2,2,2,2,2,1,1,-99,-99,-99,-99,-99,-99,,-99,1,,10,7,10,3,10,8,8,9,9,10,9,2,7,2,0,,10,3,2,0,,8,3,2,0,,8,8,5,2,0,,4,2,0,,7,6,2,1,1,7,8,1,2,3,7,4,4,4,4,centro,El centro,3,2,,,,1,-99,-99,-99,-99,-99,-99,-99,1,-99,-99,-99,,-99,-99,-99,-99,-99,-99,-99,1,-99,-99,-99,,2,,-99,-99,-99,-99,-99,-99,-99,,2,,-99,-99,-99,-99,-99,-99,-99,,4,5,,10,,1,1,policia,seguridad,3,9,6,5,2,7,2,1,2,2,2,,2,2,0,0,0,1,,51,3,2,11,1,1,,5,,pradera los oasis
6951,6,3,1,1,7,,1,No hay ninguna persona en educacion media,,3,No hay ninguna persona en educacion superior,,3,1,1,1,1,2,1,2,2,1,2,1,2,1,1,1,-99,-99,-99,1,1,-99,-99,,-99,4,,7,8,7,4,10,10,7,3,4,10,10,2,7,2,0,,6,5,2,0,,10,3,2,0,,5,3,6,2,0,,6,2,0,,2,3,2,4,3,2,6,1,6,3,2,2,2,2,4,la x,La X,1,1,1,1,0,2,-99,-99,-99,-99,-99,-99,-99,-99,-99,-99,-99,,-99,-99,-99,-99,-99,-99,-99,1,-99,-99,-99,,2,,-99,-99,-99,-99,-99,-99,-99,,2,,-99,-99,-99,-99,-99,-99,-99,,2,5,,6,,1,2,,,3,9,3,2,4,9,2,1,2,2,5,,2,2,0,0,0,1,,48,3,1,4,1,1,,1,,pradera de los oasis
6951,6,2,2,2,,,0,,,0,,,0,1,1,1,1,2,2,2,2,2,2,2,2,1,1,2,1,-99,-99,-99,-99,-99,-99,,-99,1,,3,2,3,4,7,7,8,8,8,9,10,3,7,2,0,,8,5,2,0,,9,3,2,0,,7,7,8,2,0,,9,2,0,,7,8,6,7,6,8,6,5,3,6,0,4,2,4,2,monumento a juarez,El monumento a Benito Juárez,1,2,,,,2,-99,-99,-99,-99,-99,-99,-99,-99,-99,-99,-99,,-99,-99,-99,-99,-99,-99,-99,1,-99,-99,-99,,2,,-99,-99,-99,-99,-99,-99,-99,,2,,-99,-99,-99,-99,-99,-99,-99,,4,5,,4,,2,2,,,4,8,6,8,8,4,2,1,2,1,3,,2,2,0,0,0,1,,66,4,7,2,1,1,,1,,praderas del asis
6951,6,3,2,1,9,,1,No hay ninguna persona en educacion media,,3,No hay ninguna persona en educacion superior,,3,1,1,1,1,2,1,1,1,2,2,2,1,2,1,1,1,-99,-99,-99,-99,-99,-99,,-99,1,,10,8,7,10,10,10,10,10,7,10,10,10,7,2,0,,10,5,2,0,,10,2,2,0,,7,6,8,2,0,,3,2,0,,8,10,9,6,8,6,8,10,10,10,10,4,4,4,4,la x,La X,1,2,,,,1,-99,-99,-99,-99,-99,-99,-99,1,-99,-99,-99,,-99,-99,-99,-99,-99,-99,-99,1,-99,-99,-99,,2,,-99,-99,-99,-99,-99,-99,-99,,2,,-99,-99,-99,-99,-99,-99,-99,,4,8,,5,,3,2,,,2,9,3,5,5,7,2,1,1,2,7,alumbrado,2,2,0,0,0,2,,33,2,2,12,1,2,,2,,praderas de oasis
6951,6,3,2,2,,,0,,,0,,,0,1,1,1,1,2,2,2,2,2,1,2,1,2,2,1,-99,-99,-99,-99,-99,1,-99,,-99,6,,,,,,,,9,9,8,10,10,10,7,2,0,,7,3,1,1,7,10,3,2,0,,7,7,7,2,0,,8,2,0,,8,9,8,8,7,7,9,8,6,3,8,4,4,4,4,el papa,El Punto ,2,2,,,,2,-99,-99,-99,-99,-99,-99,-99,-99,-99,-99,-99,,-99,-99,-99,-99,-99,-99,-99,1,-99,-99,-99,,2,,-99,-99,-99,-99,-99,-99,-99,,2,,-99,-99,-99,-99,-99,-99,-99,,4,6,,5,,2,2,,,1,3,8,7,7,9,2,2,2,2,5,,2,2,0,0,0,2,,21,1,4,8,2,19,,19,,praderas de los oasis
6951,6,4,1,2,,,0,,,0,,,0,1,1,1,1,2,2,2,2,2,2,2,2,2,2,1,1,-99,-99,-99,-99,-99,-99,,-99,1,,7,8,6,7,8,9,10,6,10,10,10,9,7,2,0,,8,4,2,0,,10,3,2,0,,6,3,6,2,0,,7,2,0,,6,3,3,3,3,3,8,2,4,5,8,1,4,4,1,la x,La X,0,2,,,,1,-99,-99,-99,-99,-99,1,-99,-99,-99,-99,-99,,-99,-99,-99,-99,-99,-99,-99,1,-99,-99,-99,,2,,-99,-99,-99,-99,-99,-99,-99,,2,,-99,-99,-99,-99,-99,-99,-99,,4,9,,7,,1,1,guardia nacional,golpes,1,9,5,3,4,10,1,2,1,2,7,perros,2,2,0,0,0,1,,18,1,5,6,1,1,,1,,pradera de los oasis
6951,6,4,1,2,,,0,,,0,,,0,1,1,1,2,2,2,1,2,2,2,1,2,1,1,1,1,-99,-99,-99,-99,-99,-99,,-99,1,,10,10,10,10,10,10,10,10,10,10,10,10,7,2,0,,10,5,2,0,,10,2,2,0,,10,9,8,2,0,,9,2,0,,9,10,2,3,8,2,2,1,2,9,10,4,4,4,4,el centro,El centro,1,2,,,,2,-99,-99,-99,-99,-99,-99,-99,-99,-99,-99,-99,,1,-99,-99,-99,-99,-99,-99,1,-99,-99,-99,,2,,-99,-99,-99,-99,-99,-99,-99,,2,,-99,-99,-99,-99,-99,-99,-99,,4,2,,5,,1,2,,,3,1,7,3,5,10,1,2,2,2,7,falta de electricidad,2,2,0,0,0,1,,72,4,8,6,1,1,,1,,praderaderas de los oasis
6951,6,3,1,2,,,0,,,0,,,0,1,2,1,1,2,1,1,2,2,1,2,2,2,2,2,-99,1,-99,-99,1,-99,-99,,-99,5,,5,5,5,8,10,10,10,10,10,5,2,3,3,2,0,,5,4,2,0,,10,3,2,0,,5,3,6,2,0,,9,2,0,,5,2,2,2,2,2,6,2,6,10,6,1,4,4,4,la x,La X,2,1,0,1,0,2,-99,-99,-99,-99,-99,-99,-99,-99,-99,-99,-99,,-99,-99,-99,-99,-99,-99,-99,1,-99,-99,-99,,2,,-99,-99,-99,-99,-99,-99,-99,,2,,-99,-99,-99,-99,-99,-99,-99,,2,19,eléctrico,6,,2,2,,,3,3,8,3,5,10,2,2,2,2,3,,2,2,0,0,0,1,,37,2,1,6,1,2,,3,,pradera de los oasis
6951,6,2,2,2,,,0,,,0,,,0,1,1,1,1,2,1,1,2,1,1,1,2,1,1,2,1,-99,-99,1,-99,-99,-99,,-99,4,,10,10,10,10,10,10,10,10,10,10,6,7,7,2,0,,10,2,2,0,,10,3,2,0,,10,5,7,2,0,,2,2,0,,5,1,1,1,1,1,0,1,2,6,6,4,4,4,4,la x,La X,2,2,,,,1,-99,-99,-99,-99,-99,-99,-99,1,-99,-99,-99,,-99,-99,-99,-99,-99,-99,-99,1,-99,-99,-99,,2,,-99,-99,-99,-99,-99,-99,-99,,2,,-99,-99,-99,-99,-99,-99,-99,,4,9,,5,,1,2,,,3,1,6,5,2,10,2,2,2,2,5,,2,2,0,0,0,2,,33,2,4,11,1,1,,1,,pradera de los oasis
6951,6,1,2,2,,,0,,,0,,,0,1,1,1,1,2,1,1,2,1,2,2,2,2,2,1,-99,-99,-99,-99,-99,1,-99,,-99,6,,,,,,,,10,10,10,10,10,10,7,2,0,,9,5,2,0,,10,3,2,0,,3,2,6,2,0,,6,2,0,,3,1,1,1,1,2,4,1,4,3,3,4,4,4,4,la x,La X,1,1,5,0,0,1,-99,-99,-99,-99,-99,-99,-99,1,-99,-99,-99,,-99,-99,-99,-99,-99,-99,-99,1,-99,-99,-99,,2,,-99,-99,-99,-99,-99,-99,-99,,2,,-99,-99,-99,-99,-99,-99,-99,,4,3,,5,,5,2,,,1,9,7,3,3,7,1,1,1,1,2,,2,2,0,0,0,2,,59,3,2,11,1,2,,2,,praderas de los oasis
6951,6,2,1,2,,,0,,,0,,,0,1,2,2,2,2,2,2,1,2,2,2,1,2,2,2,-99,-99,-99,-99,-99,1,-99,,-99,6,,,,,,,,5,9,9,10,10,10,7,2,0,,9,2,2,0,,8,3,2,0,,4,9,8,2,0,,7,2,0,,8,4,6,3,8,4,8,7,7,8,7,4,4,4,4,monumentos ajuarez,El monumento a Benito Juárez,1,2,,,,1,-99,-99,-99,-99,-99,-99,-99,1,-99,-99,-99,,-99,-99,-99,-99,-99,-99,-99,1,-99,-99,-99,,2,,-99,-99,-99,-99,-99,-99,-99,,2,,-99,-99,-99,-99,-99,-99,-99,,4,9,,2,,1,2,,,1,9,8,7,9,10,1,1,1,1,6,,2,2,0,0,0,2,,57,3,7,4,1,1,,1,,praderase los oasis
6951,6,3,1,2,,,0,,,0,,,0,1,2,1,1,2,1,2,2,2,1,2,1,2,2,1,1,-99,-99,1,-99,-99,-99,,-99,4,,6,5,4,5,7,9,10,6,10,10,10,9,7,2,0,,10,2,2,0,,9,3,2,0,,8,8,4,2,0,,3,2,0,,5,5,5,1,1,1,1,5,5,5,5,4,4,4,4,la x,La X,3,1,0,0,1,1,-99,-99,-99,-99,-99,-99,-99,1,-99,-99,-99,,-99,-99,-99,-99,-99,-99,-99,1,-99,-99,-99,,2,,-99,-99,-99,-99,-99,-99,-99,,2,,-99,-99,-99,-99,-99,-99,-99,,4,5,,4,,1,2,,,3,9,5,3,5,10,2,1,1,2,4,,2,2,0,0,0,2,,49,3,2,4,1,1,,2,,praderas delos oasis
6951,6,2,2,2,,,0,,,0,,,0,1,2,1,1,2,2,1,2,2,1,2,1,2,1,2,-99,-99,-99,1,-99,-99,-99,,-99,4,,10,10,10,10,10,10,10,10,10,10,10,9,7,2,0,,10,5,2,0,,10,2,2,0,,10,10,9,2,0,,5,2,0,,7,6,2,2,2,2,5,1,1,5,0,4,4,4,1,plaza centro,El centro,2,2,,,,2,-99,-99,-99,-99,-99,-99,-99,-99,-99,-99,-99,,-99,-99,-99,-99,-99,-99,-99,1,-99,-99,-99,,2,,-99,-99,-99,-99,-99,-99,-99,,2,,-99,-99,-99,-99,-99,-99,-99,,4,7,,1,,1,1,trancito,sobornos,3,8,8,3,4,10,2,2,2,2,5,,2,2,0,0,0,1,,60,4,1,2,2,19,,19,,prederas de oasis
6951,6,3,1,2,,,0,,,0,,,0,2,2,1,1,2,2,2,2,2,2,2,2,2,1,2,1,-99,-99,-99,-99,-99,-99,,-99,1,,10,10,10,10,10,10,10,10,10,10,10,1,7,2,0,,1,1,1,1,9,9,3,2,0,,10,10,6,2,0,,2,2,0,,10,8,8,8,8,8,8,8,8,6,7,4,4,4,4,museo,OTRO,1,1,0,0,1,2,-99,-99,-99,-99,-99,-99,-99,-99,-99,-99,-99,,-99,-99,-99,-99,-99,-99,-99,1,-99,-99,-99,,2,,-99,-99,-99,-99,-99,-99,-99,,2,,-99,-99,-99,-99,-99,-99,-99,,4,8,,2,,4,2,,,3,4,7,4,6,8,1,2,1,1,5,,2,2,0,0,0,1,,65,4,8,2,1,1,,1,,fraccionamiento divicion de eo norte
6951,6,4,1,2,,,0,,,0,,,0,1,1,1,1,2,1,2,2,2,2,1,1,1,1,1,-99,-99,-99,1,-99,-99,-99,,-99,4,,10,6,10,10,10,6,10,8,8,10,8,8,7,1,1,7,9,4,1,1,9,10,3,2,0,,6,8,8,2,0,,6,2,0,,6,10,5,8,5,1,5,6,0,9,5,2,2,2,5,la x,La X,1,2,,,,1,-99,-99,-99,-99,-99,-99,-99,1,1,-99,-99,,-99,-99,-99,-99,-99,-99,-99,1,1,-99,-99,,1,5,-99,1,-99,-99,-99,-99,-99,,2,,-99,-99,-99,-99,-99,-99,-99,,2,5,,8,,1,2,,,2,9,5,2,2,9,2,2,2,2,2,,2,2,0,0,0,1,,51,3,2,12,1,6,,6,,oasid rev
6951,6,2,3,1,10,,1,No hay ninguna persona en educacion media,,3,No hay ninguna persona en educacion superior,,3,1,1,1,1,2,1,1,1,1,1,2,1,1,1,1,1,-99,1,1,1,-99,-99,,-99,1,,5,4,1,1,6,10,9,9,9,10,10,10,7,1,1,10,10,5,1,1,9,10,2,2,0,,1,10,9,2,0,,9,2,0,,8,10,9,8,9,1,5,8,6,7,3,4,5,5,4,la presidencia,La Presidencia,2,1,2,0,2,1,-99,-99,-99,-99,-99,-99,-99,1,1,-99,-99,,-99,-99,-99,-99,-99,-99,-99,1,1,-99,-99,,1,8,-99,-99,-99,-99,-99,-99,-99,,2,,-99,-99,-99,-99,-99,-99,-99,,4,5,,15,,2,2,,,2,8,1,1,1,1,1,1,1,1,7,agua baja presión,1,0,1,1,2,1,,45,3,2,11,1,3,quincena,3,quincena,oasis rev
6951,6,3,1,1,8,,1,No hay ninguna persona en educacion media,,3,No hay ninguna persona en educacion superior,,3,1,1,1,1,1,1,1,2,2,2,2,2,2,2,1,-99,-99,1,1,1,-99,-99,,-99,5,,9,10,8,10,10,8,10,10,10,9,8,8,7,1,1,10,9,4,1,1,9,9,3,2,0,,6,8,8,2,0,,6,2,0,,8,10,10,10,9,9,9,5,8,8,8,4,5,2,2,Chamizal,El Chamizal,1,1,1,0,0,2,-99,-99,-99,-99,-99,-99,-99,-99,-99,-99,-99,,-99,-99,-99,-99,-99,-99,-99,1,-99,-99,-99,,2,,-99,-99,-99,-99,-99,-99,-99,,2,,-99,-99,-99,-99,-99,-99,-99,,4,5,,10,,1,2,,,3,4,7,8,6,8,1,1,1,1,7,baches,2,2,0,0,0,1,,32,2,1,6,1,2,,3,,oasis rev
6951,6,1,2,2,,,0,,,0,,,0,1,2,1,2,1,2,2,2,2,2,2,2,2,1,1,1,-99,-99,1,-99,-99,-99,,-99,1,,5,5,5,3,3,5,6,5,6,8,8,8,7,2,0,,6,3,2,0,,8,3,2,0,,7,6,8,2,0,,5,2,0,,8,8,7,8,8,6,7,8,8,6,3,4,5,5,2,el monumento,El monumento a Benito Juárez,2,2,,,,1,-99,-99,-99,-99,-99,-99,-99,-99,1,1,-99,,1,-99,-99,-99,-99,-99,-99,-99,1,1,-99,,1,8,-99,-99,-99,-99,-99,-99,-99,,1,9,-99,-99,-99,-99,-99,-99,-99,,4,5,,7,,1,2,,,2,10,7,5,5,8,2,2,2,2,7,baches,2,2,0,0,0,2,,29,1,2,6,1,1,,1,,oasisrev
6951,6,3,2,2,,,0,,,0,,,0,1,1,1,1,1,1,2,2,1,2,2,1,2,2,1,1,-99,-99,-99,1,-99,-99,,-99,5,,10,10,10,10,10,5,5,8,3,10,10,10,7,2,0,,4,5,1,1,7,10,3,2,0,,5,8,7,2,0,,1,2,0,,5,8,9,8,9,8,7,0,7,10,10,2,2,5,3,la catedral,La Catedral,1,1,1,0,0,1,-99,-99,-99,-99,-99,-99,-99,1,-99,-99,-99,,-99,-99,-99,-99,-99,-99,-99,1,-99,-99,-99,,2,,-99,-99,-99,-99,-99,-99,-99,,2,,-99,-99,-99,-99,-99,-99,-99,,2,5,,19,baches,1,1,transito,piden mordida,3,2,8,5,4,4,2,1,2,1,6,,1,0,3,2,2,1,,41,2,2,6,1,2,,4,,oasid rev
6951,6,2,2,2,,,0,,,0,,,0,1,1,1,1,1,1,2,2,1,2,2,2,2,2,1,1,-99,-99,1,-99,-99,1,CENTRO COMUNITARIO,-99,7,CENTRO COMUNITARIO,5,7,5,9,8,8,10,10,10,10,10,10,7,2,0,,10,4,2,0,,10,3,2,0,,4,9,8,2,0,,2,2,0,,9,9,9,9,8,7,10,3,8,9,9,4,5,5,4,Chamizal,El Chamizal,2,1,0,0,2,1,-99,-99,-99,-99,-99,-99,-99,1,-99,-99,-99,,-99,-99,-99,-99,-99,-99,-99,1,-99,-99,-99,,2,,-99,-99,-99,-99,-99,-99,-99,,2,,-99,-99,-99,-99,-99,-99,-99,,3,15,,6,,1,2,,,3,1,6,6,8,10,1,1,1,1,7,baja presion agua,1,0,1,1,1,2,,54,3,2,12,1,8,,15,me s,oasis rev
6951,6,1,4,1,No hay ninguna persona en nivel basico,,3,8,,2,8,,2,1,1,1,2,2,2,2,2,2,2,2,2,2,2,2,-99,1,-99,-99,-99,-99,-99,,-99,2,,10,1,1,2,3,1,10,10,10,10,10,10,7,2,0,,10,5,2,0,,10,3,2,0,,10,9,10,2,0,,10,2,0,,5,10,1,4,2,1,1,8,9,10,10,4,5,5,5,la plaza toros,La plaza de Toros,2,2,,,,1,-99,-99,-99,-99,-99,-99,-99,1,-99,-99,-99,,-99,-99,-99,-99,-99,-99,-99,1,-99,-99,-99,,2,,-99,-99,-99,-99,-99,-99,-99,,2,,-99,-99,-99,-99,-99,-99,-99,,4,5,,19,ciudad destruida,1,1,servicios meicos,mal servicio,2,6,2,2,3,4,1,2,2,1,7,baches,2,2,0,0,0,1,,54,3,2,6,1,2,,3,,oasis rev
6951,6,3,2,2,,,0,,,0,,,0,1,1,1,2,2,1,2,2,2,1,2,1,2,1,1,-99,-99,-99,-99,-99,1,1,GASTOS MÉDICOS MAYORES,-99,6,,,,,,,,10,7,8,10,8,8,7,2,0,,9,3,2,0,,10,3,2,0,,8,8,7,2,0,,8,2,0,,5,7,5,8,5,5,5,5,5,8,5,4,5,5,3,el central,El Parque Central,1,1,1,0,0,1,1,-99,-99,-99,-99,-99,-99,1,-99,-99,-99,,-99,-99,-99,-99,-99,-99,-99,1,-99,-99,-99,,2,,-99,-99,-99,-99,-99,-99,-99,,2,,-99,-99,-99,-99,-99,-99,-99,,4,5,,19,limpieza,1,2,,,3,1,7,5,5,7,1,1,1,1,6,,2,2,0,0,0,2,,58,3,2,4,1,4,,5,,oasis rev
6951,6,2,2,2,,,0,,,0,,,0,1,2,2,2,2,2,2,2,1,2,2,2,2,2,1,-99,-99,-99,1,-99,-99,-99,,-99,4,,10,10,10,10,10,10,10,10,10,9,10,10,6,2,0,,10,5,2,0,,10,3,2,0,,10,10,10,2,0,,10,2,0,,10,10,10,10,3,3,10,10,10,10,10,2,2,3,3,la ex aduana,La X,1,2,,,,1,-99,-99,-99,1,-99,-99,-99,-99,-99,-99,-99,,-99,-99,-99,-99,-99,-99,-99,1,-99,-99,-99,,2,,-99,-99,-99,-99,-99,-99,-99,,2,,-99,-99,-99,-99,-99,-99,-99,,4,1,,2,,1,2,,,3,6,10,10,10,10,1,1,1,1,5,,2,2,0,0,0,1,,39,2,2,2,1,2,,3,,oass rev
6951,6,3,2,1,No hay ninguna persona en nivel basico,,3,10,,1,No hay ninguna persona en educacion superior,,3,1,1,1,1,2,1,2,2,1,2,2,1,2,2,1,1,-99,-99,-99,1,-99,-99,,-99,1,,7,10,10,10,10,10,10,10,10,10,10,10,7,2,0,,10,0,2,0,,10,3,2,0,,10,10,10,2,0,,10,2,0,,5,10,10,10,8,2,10,10,10,10,10,2,4,3,3,la casa de juan gabrik,La casa de Juan Gabriel,1,2,,,,2,-99,-99,-99,-99,-99,-99,-99,-99,-99,-99,-99,,-99,-99,-99,-99,-99,-99,-99,1,1,-99,-99,,1,10,-99,-99,-99,-99,-99,-99,-99,,1,10,-99,-99,-99,-99,-99,-99,-99,,3,6,,12,,1,2,,,4,10,10,3,4,8,2,1,1,2,6,,2,2,0,0,0,1,,71,4,1,1,1,1,,3,,oasis rev
6951,6,1,4,2,,,0,,,0,,,0,1,1,1,1,2,2,2,2,1,2,2,2,2,2,1,-99,-99,-99,1,-99,-99,-99,,-99,4,,6,8,7,7,5,10,10,10,10,10,10,10,7,1,1,10,4,4,1,1,7,10,3,2,0,,10,9,9,2,0,,10,2,0,,10,10,9,9,9,5,5,3,10,10,7,2,2,3,4,la x,La X,2,2,,,,2,-99,-99,-99,-99,-99,-99,-99,-99,-99,-99,-99,,-99,-99,-99,-99,-99,-99,-99,1,-99,-99,-99,,2,,-99,-99,-99,-99,-99,-99,-99,,1,10,-99,-99,-99,-99,-99,-99,-99,,4,5,,10,,5,2,,,2,10,10,3,6,5,1,1,1,1,5,,1,0,1,1,1,1,,72,4,1,3,1,3,bimestral,3,bim,oasis rev
6951,6,3,2,2,,,0,,,0,,,0,1,1,1,1,1,2,2,2,1,2,2,2,2,2,1,1,-99,-99,1,-99,-99,-99,,-99,1,,8,7,9,9,10,8,10,10,8,8,10,10,7,1,1,7,8,4,2,0,,10,3,2,0,,9,9,7,2,0,,4,2,0,,4,10,9,8,9,8,9,0,4,6,6,3,2,3,3,la casa de juan gabriel,La casa de Juan Gabriel,2,1,0,0,2,2,-99,-99,-99,-99,-99,-99,-99,-99,-99,-99,-99,,1,-99,-99,-99,-99,-99,-99,1,-99,-99,-99,,1,4,-99,1,-99,1,-99,-99,1,habarquen colonias,1,9,-99,-99,-99,-99,-99,-99,-99,,4,5,,4,,1,1,policias,registrar sim derecho,3,1,7,2,4,4,1,1,1,1,5,,2,2,0,0,0,2,,66,4,8,2,1,5,mensual,5,mensual,oasis rev
1842,6,3,3,2,,,0,,,0,,,0,2,2,1,2,2,2,2,2,2,2,2,2,2,2,2,1,-99,-99,-99,-99,-99,-99,,-99,1,,2,4,2,5,6,7,9,9,9,9,9,9,7,2,0,,9,5,2,0,,9,3,2,0,,9,6,5,2,0,,8,2,0,,7,6,6,6,6,7,6,11,8,7,3,4,3,3,3,casa de juan gabriel,La casa de Juan Gabriel,1,2,,,,2,-99,-99,-99,-99,-99,-99,-99,-99,-99,-99,-99,,-99,-99,-99,-99,-99,-99,-99,1,-99,-99,-99,,2,,-99,-99,-99,-99,-99,-99,-99,,2,,-99,-99,-99,-99,-99,-99,-99,,4,2,,7,,1,2,,,3,2,5,6,7,5,1,1,2,1,3,,2,2,0,0,0,1,,78,4,1,2,1,1,,1,,lomas de San José
1842,6,2,3,2,,,0,,,0,,,0,2,2,1,2,2,2,2,2,2,2,2,2,2,2,2,1,-99,-99,-99,-99,-99,-99,,-99,1,,5,3,1,8,3,6,10,10,10,9,5,5,7,2,0,,10,5,2,0,,9,3,2,0,,9,10,6,2,0,,2,2,0,,7,6,6,6,6,6,3,11,8,5,6,4,3,3,3,la x,La X,2,2,,,,2,-99,-99,-99,-99,-99,-99,-99,-99,-99,-99,-99,,-99,-99,-99,-99,-99,-99,-99,1,-99,-99,-99,,2,,-99,-99,-99,-99,-99,-99,-99,,2,,-99,-99,-99,-99,-99,-99,-99,,4,11,,2,,1,2,,,3,3,5,5,2,4,2,1,2,1,2,,2,2,0,0,0,1,,66,4,8,6,1,1,,4,,lomas de San José
1842,6,4,2,1,10,,1,9,,1,No hay ninguna persona en educacion superior,,3,2,2,1,2,2,2,2,2,2,2,2,2,2,2,2,-99,-99,-99,-99,-99,-99,1,CENTRO COMUNITARIO,-99,7,CENTRO COMUNITARIO,9,9,9,8,7,9,9,7,9,9,1,6,7,2,0,,9,5,2,0,,9,3,2,0,,9,9,8,2,0,,8,2,0,,7,4,5,6,4,5,8,9,7,8,3,4,3,3,3,la x,La X,2,2,,,,1,-99,-99,-99,-99,-99,-99,-99,1,-99,-99,-99,,-99,-99,-99,-99,-99,-99,-99,1,-99,-99,-99,,2,,-99,-99,-99,-99,-99,-99,-99,,2,,-99,-99,-99,-99,-99,-99,-99,,4,5,,2,,1,2,,,3,2,5,5,4,7,2,1,2,1,1,,2,2,0,0,0,1,,32,2,9,6,1,2,,2,,lomas de San José
1842,6,4,1,2,,,0,,,0,,,0,2,2,1,2,2,2,2,2,2,2,2,2,2,2,2,1,-99,-99,-99,-99,-99,-99,,-99,1,,7,6,9,5,9,7,10,6,10,10,6,10,7,2,0,,10,5,2,0,,10,3,2,0,,9,10,6,2,0,,2,2,0,,8,5,6,6,5,7,3,11,11,2,4,4,3,3,3,la x,La X,2,2,,,,2,-99,-99,-99,-99,-99,-99,-99,-99,-99,-99,-99,,-99,-99,-99,-99,-99,-99,-99,1,-99,-99,-99,,2,,-99,-99,-99,-99,-99,-99,-99,,2,,-99,-99,-99,-99,-99,-99,-99,,4,2,,8,,1,2,,,3,3,7,6,2,5,2,1,2,1,2,,2,2,0,0,0,1,,67,4,1,4,1,1,,19,,lomas de San José
1842,6,2,3,2,,,0,,,0,,,0,2,2,2,1,2,2,2,2,2,2,2,2,2,2,2,1,-99,-99,-99,-99,-99,-99,,-99,1,,5,5,7,3,4,6,9,6,6,7,6,7,7,2,0,,5,5,2,0,,9,3,2,0,,9,8,9,2,0,,5,2,0,,9,4,6,6,4,4,4,11,8,7,9,2,3,3,3,catedral,La Catedral,2,2,,,,1,-99,-99,-99,-99,-99,-99,-99,1,-99,-99,-99,,-99,-99,-99,-99,-99,-99,-99,1,-99,-99,-99,,2,,-99,-99,-99,-99,-99,-99,-99,,2,,-99,-99,-99,-99,-99,-99,-99,,3,2,,6,,1,2,,,3,1,5,6,6,6,2,1,2,1,6,,2,2,0,0,0,2,,68,4,9,13,1,1,,1,,lomas de San José
1842,6,3,2,1,9,,1,No hay ninguna persona en educacion media,,3,No hay ninguna persona en educacion superior,,3,2,2,1,2,2,2,2,2,2,2,2,2,2,2,2,1,-99,-99,-99,-99,-99,-99,,-99,1,,4,5,1,4,2,5,8,9,10,9,8,8,7,2,0,,10,5,2,0,,10,3,2,0,,9,10,9,2,0,,7,2,0,,9,4,6,6,5,5,2,11,6,6,4,4,3,3,3,la x,La X,0,2,,,,2,-99,-99,-99,-99,-99,-99,-99,-99,-99,-99,-99,,-99,-99,-99,-99,-99,1,-99,-99,-99,-99,-99,,2,,-99,-99,-99,-99,-99,-99,-99,,2,,-99,-99,-99,-99,-99,-99,-99,,2,5,,6,,1,2,,,3,2,4,5,6,5,2,1,2,2,6,,2,2,0,0,0,1,,37,2,1,4,1,2,,2,,lomas de San José
1842,6,3,2,2,,,0,,,0,,,0,2,2,1,2,2,2,2,2,2,2,2,2,2,2,2,1,-99,-99,-99,-99,-99,-99,,-99,1,,5,4,6,6,5,6,9,6,9,7,9,9,7,2,0,,10,5,2,0,,10,3,2,0,,9,9,9,2,0,,9,2,0,,8,5,7,7,7,6,11,11,8,5,8,4,3,3,3,la x,La X,1,2,,,,2,-99,-99,-99,-99,-99,-99,-99,-99,-99,-99,-99,,-99,-99,-99,-99,-99,-99,-99,1,-99,-99,-99,,2,,-99,-99,-99,-99,-99,-99,-99,,2,,-99,-99,-99,-99,-99,-99,-99,,4,2,,6,,1,2,,,3,2,8,6,2,5,2,1,2,2,6,,2,2,0,0,0,1,,80,4,1,3,1,1,,1,,lomas de San José
1842,6,2,3,2,,,0,,,0,,,0,2,2,2,1,2,2,2,2,2,2,2,2,2,2,2,1,-99,-99,-99,-99,-99,-99,,-99,1,,8,8,10,5,9,7,9,9,10,10,9,7,7,2,0,,10,5,2,0,,9,3,2,0,,9,5,9,2,0,,8,2,0,,8,4,6,6,4,6,7,11,11,7,2,4,3,3,2,la x,La X,1,2,,,,1,-99,-99,-99,-99,-99,-99,-99,1,-99,-99,-99,,-99,-99,-99,-99,-99,-99,-99,1,-99,-99,-99,,2,,-99,-99,-99,-99,-99,-99,-99,,2,,-99,-99,-99,-99,-99,-99,-99,,4,6,,2,,1,2,,,1,5,7,6,5,5,2,1,2,1,6,,2,2,0,0,0,1,,46,3,9,4,1,1,,1,,lomas de San José
1842,6,2,3,1,8,,1,No hay ninguna persona en educacion media,,3,No hay ninguna persona en educacion superior,,3,1,2,1,1,2,2,2,2,2,2,2,2,2,1,1,-99,-99,1,-99,-99,-99,-99,,-99,3,,9,9,10,10,9,9,8,8,8,10,9,9,7,2,0,,9,3,2,0,,10,3,2,0,,9,10,9,2,0,,5,1,2,5,9,9,9,9,9,9,8,11,11,6,9,4,5,5,5,monumento Benito Juárez,El monumento a Benito Juárez,1,2,,,,1,1,-99,-99,-99,-99,-99,-99,-99,-99,-99,-99,,1,-99,-99,-99,-99,-99,-99,-99,-99,-99,-99,,2,,-99,-99,-99,-99,-99,-99,-99,,2,,-99,-99,-99,-99,-99,-99,-99,,4,6,,9,,4,2,,,3,2,7,8,7,9,2,2,2,1,2,,2,2,0,0,0,1,,66,4,1,3,1,1,,2,,lomas de san jose
1842,6,3,3,1,8,,1,8,,1,10,,1,1,1,1,1,2,2,2,2,2,2,2,2,2,2,1,1,-99,-99,1,-99,-99,-99,,-99,4,,8,8,6,8,8,8,8,8,8,8,7,7,7,1,1,8,8,4,2,0,,10,3,2,0,,8,9,9,2,0,,4,2,0,,9,7,8,8,7,7,9,8,11,7,7,4,3,5,2,parque central,El Parque Central,3,2,,,,2,-99,-99,-99,-99,-99,-99,-99,-99,-99,-99,-99,,1,-99,-99,-99,-99,-99,-99,1,-99,-99,-99,,2,,-99,-99,-99,-99,-99,-99,-99,,2,,-99,-99,-99,-99,-99,-99,-99,,3,1,,5,,2,2,,,4,9,7,7,7,7,2,2,2,2,2,,2,2,0,0,0,1,,48,3,1,4,1,1,,2,,lomas de san jose
1842,6,1,3,2,,,0,,,0,,,0,1,2,1,2,2,2,2,2,2,2,2,2,2,2,2,1,-99,-99,-99,-99,-99,-99,,-99,1,,5,6,6,6,9,8,10,9,9,9,7,9,7,2,0,,9,4,2,0,,10,3,2,0,,9,10,8,2,0,,6,2,0,,7,3,2,4,5,3,3,11,11,5,1,4,3,2,2,chamizal,El Chamizal,1,2,,,,2,-99,-99,-99,-99,-99,-99,-99,-99,-99,-99,-99,,-99,-99,-99,-99,-99,-99,-99,1,-99,-99,-99,,2,,-99,-99,-99,-99,-99,-99,-99,,2,,-99,-99,-99,-99,-99,-99,-99,,3,10,,5,,1,2,,,1,9,3,3,5,6,2,1,2,1,1,,2,2,0,0,0,1,,78,4,8,7,1,19,,1,,lomas de san jose
1842,6,4,2,2,,,0,,,0,,,0,1,2,1,2,2,2,2,2,1,2,2,2,2,2,1,1,-99,-99,-99,-99,-99,-99,,-99,1,,5,5,8,4,8,1,10,8,5,10,7,7,7,2,0,,7,3,2,0,,9,3,2,0,,6,9,7,2,0,,5,2,0,,9,6,8,8,6,3,11,2,8,6,2,4,3,4,5,monumento a Benito Juárez,El monumento a Benito Juárez,1,2,,,,2,-99,-99,-99,-99,-99,-99,-99,-99,-99,-99,-99,,-99,-99,-99,-99,-99,1,-99,-99,-99,-99,-99,,2,,-99,-99,-99,-99,-99,-99,-99,,2,,-99,-99,-99,-99,-99,-99,-99,,3,2,,5,,1,2,,,2,9,6,7,6,7,2,1,2,1,2,,2,2,0,0,0,1,,64,4,1,4,2,19,,1,,lomas de san jose
1842,6,2,2,2,,,0,,,0,,,0,1,2,2,2,2,2,2,2,1,2,2,2,2,2,2,1,-99,-99,-99,-99,-99,-99,,-99,1,,10,10,10,3,10,10,10,10,10,9,10,10,7,2,0,,10,3,2,0,,10,3,2,0,,9,10,9,2,0,,8,2,0,,8,10,10,10,10,10,11,11,10,8,4,4,5,5,5,la x,La X,1,2,,,,2,-99,-99,-99,-99,-99,-99,-99,-99,-99,-99,-99,,-99,-99,-99,-99,-99,-99,-99,1,-99,-99,-99,,2,,-99,-99,-99,-99,-99,-99,-99,,2,,-99,-99,-99,-99,-99,-99,-99,,4,5,,2,,1,2,,,1,9,8,4,5,10,1,1,1,1,1,,2,2,0,0,0,1,,81,4,1,2,1,19,,1,,lomas de san josen
1842,6,2,2,2,,,0,,,0,,,0,1,2,1,2,2,2,2,2,2,2,2,2,2,2,1,1,-99,-99,-99,-99,-99,-99,,-99,1,,10,10,10,10,10,10,10,8,8,8,8,8,7,2,0,,9,4,2,0,,10,3,2,0,,10,10,7,2,0,,1,2,0,,9,6,5,8,5,5,11,11,11,8,8,3,3,3,4,la x,La X,0,2,,,,2,-99,-99,-99,-99,-99,-99,-99,-99,-99,-99,-99,,-99,-99,-99,-99,-99,-99,-99,1,-99,-99,-99,,2,,-99,-99,-99,-99,-99,-99,-99,,2,,-99,-99,-99,-99,-99,-99,-99,,3,5,,1,,1,2,,,3,9,7,8,6,8,2,1,2,2,2,,2,2,0,0,0,1,,71,4,1,2,1,19,,1,,lomas de san josen
1842,6,2,3,2,,,0,,,0,,,0,1,1,1,1,2,2,2,2,2,2,2,2,2,2,1,1,-99,-99,-99,-99,-99,-99,,-99,1,,8,7,6,7,8,7,8,9,8,9,8,8,7,2,0,,8,3,1,1,7,7,3,2,0,,7,7,7,2,0,,7,1,1,7,8,7,7,7,8,8,7,11,6,7,7,4,5,5,3,monumento a Juárez,El monumento a Benito Juárez,1,2,,,,2,-99,-99,-99,-99,-99,-99,-99,-99,-99,-99,-99,,1,-99,-99,-99,-99,-99,-99,-99,-99,-99,-99,,2,,-99,-99,-99,-99,-99,-99,-99,,2,,-99,-99,-99,-99,-99,-99,-99,,3,9,,5,,1,2,,,3,9,7,7,7,8,2,1,1,2,3,,2,2,0,0,0,1,,66,4,1,5,1,1,,1,,lomas de san jose
1842,6,1,2,2,,,0,,,0,,,0,1,2,2,2,2,2,2,2,2,2,2,2,2,2,2,-99,-99,-99,1,-99,-99,-99,,-99,4,,9,10,10,10,10,9,9,9,10,10,9,10,7,2,0,,8,3,2,0,,9,3,2,0,,7,4,5,2,0,,7,2,0,,8,9,9,7,8,6,9,11,9,8,6,4,5,5,5,monumento a juarez,El monumento a Benito Juárez,1,2,,,,2,-99,-99,-99,-99,-99,-99,-99,-99,-99,-99,-99,,-99,-99,-99,-99,-99,-99,-99,1,-99,-99,-99,,2,,-99,-99,-99,-99,-99,-99,-99,,2,,-99,-99,-99,-99,-99,-99,-99,,3,5,,3,,1,2,,,2,9,9,9,8,10,2,2,2,2,6,,2,2,0,0,0,2,,59,3,4,8,2,19,,19,,lomas de san jose
1842,6,4,4,2,,,0,,,0,,,0,1,1,1,1,2,2,2,2,2,2,2,2,2,2,1,-99,-99,1,-99,-99,-99,-99,,-99,3,,2,10,10,1,10,10,10,7,10,10,1,10,4,1,1,1,1,4,1,2,1,10,3,2,0,,10,10,8,2,0,,10,2,0,,10,9,1,1,1,1,0,0,0,2,1,4,4,5,4,la catedral,La Catedral,2,1,0,0,1,2,-99,-99,-99,-99,-99,-99,-99,-99,-99,-99,-99,,-99,-99,-99,-99,-99,-99,-99,1,-99,-99,-99,,2,,-99,-99,-99,-99,-99,-99,-99,,2,,-99,-99,-99,-99,-99,-99,-99,,3,5,,11,,1,2,,,2,1,10,3,9,10,1,1,2,1,7,agua,2,2,0,0,0,1,,75,4,1,3,1,1,,1,,lomas de sn jose
1842,6,4,2,2,,,0,,,0,,,0,1,2,1,2,2,1,2,2,2,2,2,2,2,2,1,1,-99,-99,1,-99,-99,-99,,-99,1,,8,7,3,3,8,7,10,10,10,10,10,10,7,2,0,,10,4,2,0,,10,3,2,0,,10,9,10,2,0,,10,2,0,,8,10,4,3,3,4,1,7,6,10,0,4,5,5,5,el centro,El centro,0,2,,,,2,-99,-99,-99,-99,-99,-99,-99,-99,-99,-99,-99,,1,-99,-99,-99,-99,1,-99,-99,-99,-99,-99,,2,,-99,-99,-99,-99,-99,-99,-99,,1,10,-99,-99,-99,-99,-99,-99,-99,,3,5,,15,,1,1,doctores,groseros despotas,2,10,5,2,9,10,1,1,1,1,7,perros calleerod,2,2,0,0,0,1,,64,4,1,4,1,1,,1,,lomas de ssn jose
1842,6,3,1,2,,,0,,,0,,,0,1,2,2,2,2,2,2,2,2,2,2,2,2,2,1,1,-99,-99,-99,1,-99,-99,,-99,1,,8,8,5,8,10,3,10,10,10,10,6,7,7,2,0,,8,4,2,0,,10,3,2,0,,7,3,8,2,0,,10,2,0,,7,9,7,3,3,2,10,0,9,7,3,3,5,5,5,la x,La X,0,2,,,,2,-99,-99,-99,-99,-99,-99,-99,-99,-99,-99,-99,,1,-99,-99,-99,-99,-99,-99,-99,1,-99,-99,,1,4,-99,1,1,1,-99,-99,-99,,2,,-99,-99,-99,-99,-99,-99,-99,,4,1,,5,,1,2,,,3,1,7,3,3,10,2,1,2,1,6,,2,2,0,0,0,2,,78,4,1,3,1,3,bimestral,3,bimesttal,lomas de san jose
1842,6,3,2,2,,,0,,,0,,,0,1,1,1,1,2,2,2,2,2,2,2,2,2,1,1,1,-99,-99,1,1,-99,-99,,1,8,,7,8,8,7,8,10,10,10,10,10,10,10,7,1,1,7,10,4,2,0,,10,3,2,0,,10,5,7,1,2,1,2,1,2,1,8,10,10,10,3,2,8,9,7,7,7,2,5,5,3,el centroo,El centro,1,2,,,,1,1,-99,-99,-99,-99,-99,-99,1,-99,-99,-99,,-99,-99,-99,-99,-99,-99,-99,1,-99,-99,-99,,2,,-99,-99,-99,-99,-99,-99,-99,,2,,-99,-99,-99,-99,-99,-99,-99,,4,5,,7,,1,2,,,2,9,6,8,3,3,1,1,1,1,7,alumbrado,2,2,0,0,0,1,,42,2,9,7,1,2,,2,,lomas de san jose
1842,6,3,2,2,,,0,,,0,,,0,1,1,1,1,1,1,2,2,2,2,2,2,2,2,2,1,-99,-99,1,1,-99,-99,,-99,1,,8,9,10,7,6,8,9,9,8,10,10,7,7,2,0,,9,5,2,0,,10,3,2,0,,9,10,9,2,0,,10,2,0,,7,9,8,6,5,4,8,3,2,7,3,4,4,3,4,plaza toros,La plaza de Toros,2,1,2,0,3,1,1,-99,-99,-99,-99,1,-99,-99,-99,-99,-99,,1,-99,-99,-99,-99,1,-99,-99,-99,-99,-99,,2,,-99,-99,-99,-99,-99,-99,-99,,2,,-99,-99,-99,-99,-99,-99,-99,,3,4,,8,,1,2,,,3,2,7,9,9,10,2,2,1,2,7,pertitos,2,2,0,0,0,2,,73,4,8,1,1,3,med,3,mes,lomas san jose
1842,6,3,2,1,1,todo instalaciones educacion ma clases,1,10,,1,No hay ninguna persona en educacion superior,,3,1,1,1,2,2,1,2,2,1,2,2,2,2,2,1,-99,-99,-99,-99,-99,-99,1,CENTRO COMUNITARIO,-99,7,CENTRO COMUNITARIO,8,4,6,7,10,1,10,9,9,10,4,6,7,2,0,,5,3,1,1,8,10,3,2,0,,6,7,4,2,0,,7,2,0,,7,11,0,0,0,0,10,2,6,3,3,1,2,4,4,la x,La X,1,1,0,1,0,2,-99,-99,-99,-99,-99,-99,-99,-99,-99,-99,-99,,1,-99,-99,-99,-99,-99,-99,-99,1,-99,-99,,1,4,-99,-99,1,1,-99,-99,-99,,1,9,-99,-99,-99,-99,-99,-99,-99,,4,15,,5,,1,2,,,3,9,7,5,1,9,2,1,1,1,7,perros callejeros,2,2,0,0,0,1,,49,3,1,6,1,3,mes,3,,lomas de san jose
1842,6,2,2,1,No hay ninguna persona en nivel basico,,3,5,instalación,1,No hay ninguna persona en educacion superior,,3,1,1,1,1,2,2,2,2,2,1,2,2,2,2,1,-99,-99,-99,1,-99,-99,-99,,-99,4,,8,8,9,10,10,10,10,10,10,10,2,5,5,2,0,,9,3,1,1,9,10,3,2,0,,10,10,10,2,0,,3,2,0,,8,10,10,10,8,3,10,5,5,7,2,4,5,5,5,la catedral,La Catedral,1,1,0,0,1,1,-99,-99,-99,-99,-99,-99,-99,1,1,1,-99,,-99,-99,-99,-99,-99,-99,-99,1,1,1,-99,,1,6,-99,-99,-99,-99,-99,-99,1,mas camiones,1,7,-99,-99,-99,-99,-99,-99,1,mas paradas,2,5,,15,,1,2,,,2,9,10,2,7,9,2,2,2,2,7,perro callejero,2,2,0,0,0,2,,53,3,9,4,1,1,,2,,lomas desan jose
1842,6,4,2,1,No hay ninguna persona en nivel basico,,3,No hay ninguna persona en educacion media,,3,8,,1,1,1,1,1,2,2,2,2,1,2,2,2,2,2,2,1,-99,-99,-99,-99,-99,-99,,-99,1,,7,6,7,3,9,10,10,10,10,10,9,9,7,2,0,,3,4,3,0,,10,3,2,0,,8,10,10,2,0,,8,2,0,,7,11,0,0,0,0,8,9,8,10,3,4,5,5,5,monumento,El monumento a Benito Juárez,0,1,0,0,1,2,-99,-99,-99,-99,-99,-99,-99,-99,-99,-99,-99,,1,-99,-99,-99,-99,-99,-99,-99,1,-99,-99,,1,10,-99,-99,-99,-99,-99,-99,-99,,1,10,-99,-99,-99,-99,-99,-99,-99,,4,18,,15,,1,2,,,3,1,10,2,10,3,2,2,2,2,7,estacionamiento,2,2,0,0,0,1,,72,4,8,3,1,1,,1,,lomas de san jose
1842,6,2,2,2,,,0,,,0,,,0,1,1,1,2,2,2,2,2,2,2,2,2,2,1,2,1,-99,-99,-99,-99,-99,-99,,-99,1,,5,5,6,8,10,8,10,10,10,10,6,8,7,2,0,,10,4,2,0,,10,3,2,0,,10,10,8,2,0,,1,2,0,,8,11,0,0,0,0,8,0,11,6,0,4,5,5,5,el monumento a benito juarez,El monumento a Benito Juárez,0,2,,,,2,-99,-99,-99,-99,-99,-99,-99,-99,-99,-99,-99,,-99,-99,-99,-99,-99,-99,-99,1,-99,-99,-99,,2,,-99,-99,-99,-99,-99,-99,-99,,2,,-99,-99,-99,-99,-99,-99,-99,,4,15,,5,,1,2,,,3,1,2,5,7,8,2,2,1,2,2,,2,2,0,0,0,1,,83,4,1,2,1,1,,1,,lomasde sanjose
1842,6,2,3,2,,,0,,,0,,,0,1,2,2,2,2,2,2,2,2,2,2,2,2,2,2,-99,-99,-99,-99,-99,-99,-99,,1,8,,9,9,8,7,9,10,10,10,9,10,10,10,7,2,0,,10,5,2,0,,9,3,2,0,,9,9,10,2,0,,9,2,0,,9,9,9,9,10,9,10,9,10,9,9,4,5,5,5,el monumento a juarez,El monumento a Benito Juárez,0,2,,,,2,-99,-99,-99,-99,-99,-99,-99,-99,-99,-99,-99,,-99,-99,-99,-99,-99,-99,-99,-99,-99,1,-99,,2,,-99,-99,-99,-99,-99,-99,-99,,1,9,-99,-99,-99,-99,-99,-99,-99,,4,5,,7,,1,2,,,3,1,9,10,9,9,1,1,1,1,1,,2,2,0,0,0,2,,58,3,9,5,1,2,,2,,lomasfe san jose
1842,6,4,2,2,,,0,,,0,,,0,1,2,2,2,2,2,2,2,2,2,2,2,2,2,2,1,-99,-99,-99,-99,-99,-99,,-99,1,,10,10,8,8,8,9,8,8,8,8,10,10,7,2,0,,9,5,2,0,,10,3,2,0,,8,8,7,2,0,,8,2,0,,7,8,9,9,9,9,5,0,11,8,0,4,5,5,5,no recuerda,NINGUNO,0,2,,,,2,-99,-99,-99,-99,-99,-99,-99,-99,-99,-99,-99,,-99,-99,-99,-99,-99,1,-99,-99,-99,-99,-99,,2,,-99,-99,-99,-99,-99,-99,-99,,2,,-99,-99,-99,-99,-99,-99,-99,,4,5,,6,,1,2,,,3,1,9,9,8,10,2,2,2,1,2,,2,2,0,0,0,1,,69,4,1,3,1,1,,1,,lomas de san jose
1842,6,4,2,2,,,0,,,0,,,0,1,2,1,2,2,2,2,2,1,2,2,2,2,2,1,1,-99,-99,1,-99,-99,-99,,-99,4,,9,11,9,8,8,8,10,10,10,10,10,10,7,2,0,,10,4,2,0,,10,3,2,0,,9,9,9,2,0,,8,2,0,,10,5,6,9,6,9,6,11,11,5,0,4,3,4,2,museoe juangabriel,La casa de Juan Gabriel,1,2,,,,2,-99,-99,-99,-99,-99,-99,-99,-99,-99,-99,-99,,-99,-99,-99,-99,-99,-99,-99,1,-99,-99,-99,,2,,-99,-99,-99,-99,-99,-99,-99,,2,,-99,-99,-99,-99,-99,-99,-99,,4,5,,15,,1,1,transito,infracciones injustas,3,9,6,5,5,10,1,1,1,1,2,,2,2,0,0,0,1,,78,4,1,3,1,1,,1,,san jose de lomas
1842,6,3,2,2,,,0,,,0,,,0,1,2,1,2,1,2,2,2,2,2,1,2,2,2,2,-99,-99,-99,-99,1,-99,-99,,-99,5,,9,9,8,8,8,8,8,6,6,7,8,8,7,2,0,,8,5,2,0,,8,3,2,0,,7,7,6,2,0,,5,2,0,,6,11,0,0,0,0,0,0,11,5,0,3,3,3,3,parque central,El Parque Central,3,2,,,,1,-99,-99,-99,-99,-99,1,-99,-99,-99,-99,-99,,-99,-99,-99,-99,-99,-99,-99,1,-99,-99,-99,,2,,-99,-99,-99,-99,-99,-99,-99,,2,,-99,-99,-99,-99,-99,-99,-99,,2,15,,5,,1,2,,,2,1,8,5,8,8,2,2,2,2,2,,2,2,0,0,0,1,,40,2,2,8,1,2,,2,,lomas de san jose
1842,6,4,3,1,No hay ninguna persona en nivel basico,,3,10,,1,No hay ninguna persona en educacion superior,,3,1,2,1,1,2,2,2,2,2,2,2,2,2,2,2,1,-99,-99,-99,-99,-99,-99,,-99,1,,10,10,10,10,10,10,8,8,8,9,5,8,7,1,1,5,10,4,2,0,,10,3,2,0,,10,10,9,2,0,,10,2,0,,8,8,10,10,10,10,10,0,10,10,11,4,5,5,5,parque central,El Parque Central,1,2,,,,2,-99,-99,-99,-99,-99,-99,-99,-99,-99,-99,-99,,-99,-99,-99,-99,-99,-99,-99,1,-99,-99,-99,,2,,-99,-99,-99,-99,-99,-99,-99,,2,,-99,-99,-99,-99,-99,-99,-99,,4,5,,7,,1,2,,,3,1,10,10,10,8,2,1,2,2,7,ninguo,2,2,0,0,0,1,,77,4,1,2,1,2,,2,,lomas de san jose
1842,6,4,2,2,,,0,,,0,,,0,1,2,1,1,2,2,2,2,2,2,2,2,2,2,2,-99,-99,-99,-99,-99,1,-99,,-99,6,,,,,,,,10,10,10,10,8,10,7,2,0,,10,4,2,0,,8,3,2,0,,7,10,10,2,0,,7,2,0,,7,7,3,4,4,4,8,0,1,8,10,2,3,3,3,psrque central,El Parque Central,1,2,,,,2,-99,-99,-99,-99,-99,-99,-99,-99,-99,-99,-99,,-99,-99,-99,-99,-99,-99,-99,1,-99,-99,-99,,1,10,-99,-99,-99,-99,-99,-99,-99,,1,10,-99,-99,-99,-99,-99,-99,-99,,4,5,,7,,1,2,,,3,1,10,10,9,8,2,1,2,1,2,,2,2,0,0,0,1,,56,3,1,4,1,2,,2,,lomas desan jose
1842,6,4,2,2,,,0,,,0,,,0,1,1,1,1,2,2,1,1,2,2,2,2,2,2,1,-99,-99,-99,-99,-99,1,-99,,-99,6,,,,,,,,6,9,9,9,8,8,7,2,0,,8,3,2,0,,8,3,2,0,,8,5,4,2,0,,8,2,0,,4,6,8,8,8,8,7,5,4,4,5,1,4,4,4,la casadejuan gabriel,La casa de Juan Gabriel,2,2,,,,1,1,-99,-99,-99,-99,-99,-99,-99,-99,-99,-99,,-99,-99,-99,-99,-99,-99,-99,1,-99,-99,-99,,2,,-99,-99,-99,-99,-99,-99,-99,,2,,-99,-99,-99,-99,-99,-99,-99,,3,3,,7,,1,2,,,2,6,8,3,7,4,2,1,2,2,3,,2,2,0,0,0,1,,48,3,1,2,1,1,,2,,lomas de San José
1842,6,4,1,1,10,,1,9,,1,No hay ninguna persona en educacion superior,,3,1,1,1,1,1,1,2,2,1,1,2,2,2,2,1,1,-99,-99,-99,-99,-99,-99,,-99,1,,10,10,5,10,10,10,10,10,10,10,10,10,7,2,0,,10,5,2,0,,10,3,2,0,,10,10,10,2,0,,10,2,0,,10,5,3,5,6,7,1,1,1,3,5,4,4,4,4,monumento a juarez,El monumento a Benito Juárez,0,1,2,0,0,1,-99,-99,-99,1,-99,-99,-99,-99,-99,-99,-99,,-99,-99,-99,-99,-99,1,-99,-99,-99,-99,-99,,2,,-99,-99,-99,-99,-99,-99,-99,,2,,-99,-99,-99,-99,-99,-99,-99,,4,7,,9,,2,2,,,1,1,8,7,10,7,2,1,2,1,6,,2,2,0,0,0,1,,32,2,2,4,1,1,,1,,lomas desqn jose
1842,6,2,3,2,,,0,,,0,,,0,1,1,2,1,1,2,2,2,2,2,2,2,2,1,1,-99,-99,-99,1,-99,-99,-99,,-99,4,,8,9,9,6,10,9,7,4,4,9,9,6,7,2,0,,10,3,2,0,,7,3,2,0,,7,9,9,2,0,,8,2,0,,8,5,6,8,7,6,8,9,8,8,8,4,4,4,4,poye central,El Parque Central,0,2,,,,1,-99,-99,-99,-99,-99,1,-99,-99,-99,-99,-99,,-99,-99,-99,-99,-99,1,-99,-99,-99,-99,-99,,2,,-99,-99,-99,-99,-99,-99,-99,,2,,-99,-99,-99,-99,-99,-99,-99,,3,6,,3,,1,2,,,3,3,7,6,7,8,1,1,1,1,5,,2,2,0,0,0,1,,55,3,2,2,1,1,,1,,lomasdesan jose
1842,6,3,1,2,,,0,,,0,,,0,1,1,1,1,2,2,2,2,2,2,2,2,2,2,2,-99,-99,1,-99,-99,-99,-99,,-99,3,,10,10,10,5,10,2,10,10,10,10,10,10,7,2,0,,10,2,2,0,,10,3,2,0,,5,10,8,2,0,,10,2,0,,9,10,8,2,8,1,10,0,2,2,10,4,4,4,2,la x,La X,0,2,,,,2,-99,-99,-99,-99,-99,-99,-99,-99,-99,-99,-99,,-99,-99,-99,-99,-99,1,-99,-99,-99,-99,-99,,2,,-99,-99,-99,-99,-99,-99,-99,,2,,-99,-99,-99,-99,-99,-99,-99,,4,5,,19,limpieza,1,2,,,1,9,4,5,8,9,2,1,2,1,5,,2,2,0,0,0,1,,44,2,1,6,1,1,,1,,lomas desan jose
1842,6,3,1,2,,,0,,,0,,,0,1,1,2,2,2,2,1,2,2,2,2,2,2,2,2,1,-99,-99,-99,-99,-99,-99,,-99,1,,10,8,4,6,7,6,10,10,10,10,10,8,7,2,0,,9,2,2,0,,10,3,2,0,,6,9,6,2,0,,8,2,0,,9,7,7,6,5,4,3,3,4,5,5,4,4,4,3,la x,La X,0,2,,,,2,-99,-99,-99,-99,-99,-99,-99,-99,-99,-99,-99,,-99,-99,-99,-99,-99,1,-99,1,-99,-99,-99,,2,,-99,-99,-99,-99,-99,-99,-99,,2,,-99,-99,-99,-99,-99,-99,-99,,3,6,,6,,1,2,,,3,3,8,6,6,8,2,1,2,2,2,,2,2,0,0,0,2,,50,3,8,5,1,1,,1,,lomas de san jose
1842,6,3,3,2,,,0,,,0,,,0,1,1,1,1,2,1,2,1,1,1,2,2,2,2,1,1,-99,-99,-99,1,-99,-99,,-99,5,,8,8,10,6,10,10,10,10,10,10,10,7,7,2,0,,10,4,2,0,,10,3,2,0,,9,9,8,2,0,,9,2,0,,6,1,1,1,1,1,10,10,9,9,9,4,4,4,4,monumento a juarez,El monumento a Benito Juárez,1,1,1,0,0,2,-99,-99,-99,-99,-99,-99,-99,-99,-99,-99,-99,,-99,-99,-99,-99,-99,-99,-99,1,-99,-99,-99,,2,,-99,-99,-99,-99,-99,-99,-99,,2,,-99,-99,-99,-99,-99,-99,-99,,3,2,,6,,1,2,,,2,5,6,8,8,9,2,1,2,1,2,,2,2,0,0,0,1,,71,4,1,4,1,1,,1,,lomas desan jose
1842,6,3,2,2,,,0,,,0,,,0,1,1,1,1,2,1,1,2,1,2,2,2,2,2,1,1,-99,-99,-99,-99,-99,-99,,-99,1,,7,7,8,7,9,10,10,10,10,10,6,6,7,2,0,,9,2,2,0,,9,3,2,0,,2,1,7,2,0,,8,2,0,,8,6,7,7,7,10,4,4,3,4,4,4,4,4,4,monumento a Juárez,El monumento a Benito Juárez,2,2,,,,2,-99,-99,-99,-99,-99,-99,-99,-99,-99,-99,-99,,-99,-99,-99,-99,-99,-99,-99,1,-99,-99,-99,,2,,-99,-99,-99,-99,-99,-99,-99,,2,,-99,-99,-99,-99,-99,-99,-99,,4,2,,9,,2,2,,,3,1,7,6,6,9,2,1,1,2,5,,2,2,0,0,0,1,,56,3,2,11,1,1,,1,,lomas desan jose
1842,6,3,2,2,,,0,,,0,,,0,1,1,2,2,2,2,2,2,2,2,2,2,2,2,1,1,-99,-99,-99,-99,-99,-99,,-99,1,,3,6,9,2,8,4,8,9,9,10,8,5,7,2,0,,6,5,2,0,,9,3,2,0,,5,5,5,2,0,,7,2,0,,6,8,2,8,8,4,8,7,2,7,8,4,3,3,3,benito Juárez,El monumento a Benito Juárez,0,2,,,,2,-99,-99,-99,-99,-99,-99,-99,-99,-99,-99,-99,,-99,-99,-99,-99,-99,1,-99,-99,-99,-99,-99,,2,,-99,-99,-99,-99,-99,-99,-99,,2,,-99,-99,-99,-99,-99,-99,-99,,3,6,,3,,1,2,,,3,1,6,7,9,8,2,2,2,2,2,,2,2,0,0,0,1,,82,4,1,3,1,1,,1,,lomas desan jose
1842,6,4,5,1,10,,1,No hay ninguna persona en educacion media,,3,No hay ninguna persona en educacion superior,,3,1,1,1,1,2,2,2,2,2,2,2,2,2,2,1,-99,1,-99,1,-99,-99,-99,,-99,4,,10,10,10,8,9,10,10,9,10,9,10,10,7,2,0,,10,5,2,0,,10,2,2,0,,10,10,10,2,0,,10,2,0,,4,10,8,2,8,3,9,4,3,8,10,4,3,3,2,parque extremo,El parque extremo,1,1,0,0,1,1,-99,-99,-99,-99,-99,-99,-99,1,-99,-99,-99,,1,-99,-99,-99,-99,-99,-99,1,-99,-99,-99,,2,,-99,-99,-99,-99,-99,-99,-99,,2,,-99,-99,-99,-99,-99,-99,-99,,4,5,,6,,4,2,,,3,9,8,5,8,10,2,2,2,1,5,,2,2,0,0,0,1,,35,2,2,4,1,1,,3,,lomas desan jose
674A,10,3,2,1,8,,1,No hay ninguna persona en educacion media,,3,No hay ninguna persona en educacion superior,,3,1,2,2,1,2,1,2,1,1,2,2,2,2,2,1,1,-99,-99,1,-99,-99,-99,,-99,1,,7,7,3,5,7,3,9,8,6,8,8,8,7,1,1,10,6,5,2,0,,9,3,2,0,,7,5,7,2,0,,5,2,0,,7,6,8,8,9,3,8,2,4,4,6,2,3,3,4,lax,La X,0,2,,,,1,-99,-99,-99,1,-99,-99,-99,-99,1,-99,-99,,-99,-99,-99,-99,-99,1,-99,-99,1,-99,-99,,1,5,-99,-99,-99,-99,-99,-99,1,mas rutas,2,,-99,-99,-99,-99,-99,-99,-99,,3,5,,19,cultura vial,3,2,,,4,6,6,3,2,7,2,1,1,1,7,falta de estacionamiento,2,2,0,0,0,2,,23,1,2,6,1,1,,2,,carlos castillo
674A,10,2,2,1,5,puros puentes,1,No hay ninguna persona en educacion media,,3,9,,1,1,1,1,1,2,2,1,2,2,2,2,2,1,1,1,1,-99,-99,1,-99,-99,-99,,-99,1,,7,5,7,9,9,8,10,10,10,10,8,9,7,2,0,,7,4,2,0,,10,3,2,0,,9,9,8,2,0,,7,2,0,,9,2,5,8,7,8,5,5,5,9,3,4,5,5,5,el monumento,El monumento a Benito Juárez,1,2,,,,1,-99,-99,-99,-99,-99,-99,-99,1,1,1,-99,,-99,-99,-99,-99,-99,-99,-99,1,1,1,-99,,1,3,-99,1,1,1,-99,-99,-99,,1,6,1,-99,-99,-99,-99,-99,-99,,4,5,,18,,1,2,,,3,2,4,5,3,10,2,1,1,2,7,pavimentación,2,2,0,0,0,1,,30,2,9,4,1,2,,2,,carlos castillo
674A,10,1,4,2,,,0,,,0,,,0,1,2,2,2,2,2,2,2,1,2,2,2,2,2,1,1,-99,-99,-99,-99,-99,-99,,-99,1,,7,10,6,3,7,10,10,9,7,9,10,10,7,2,0,,3,3,2,0,,10,3,2,0,,9,5,10,2,0,,2,2,0,,2,9,10,10,10,3,8,3,10,3,1,4,5,5,4,El centro,El centro,0,2,,,,2,-99,-99,-99,-99,-99,-99,-99,-99,-99,-99,-99,,-99,-99,-99,-99,-99,1,-99,1,-99,-99,-99,,2,,-99,-99,-99,-99,-99,-99,-99,,1,9,-99,-99,-99,-99,-99,-99,-99,,4,5,,17,,1,2,,,2,9,6,3,3,10,1,1,1,2,5,,2,2,0,0,0,1,,68,4,8,3,1,2,,5,bim,carlos castillo
674A,10,3,2,1,7,,1,No hay ninguna persona en educacion media,,3,9,,1,1,2,2,1,2,2,2,2,2,2,2,2,2,2,2,-99,-99,1,1,-99,-99,-99,,-99,3,,10,10,10,5,10,10,10,10,10,8,10,6,7,2,0,,10,5,2,0,,10,3,2,0,,7,5,4,2,0,,1,2,0,,9,11,0,0,0,0,10,4,10,5,5,4,5,5,5,la plaza de toros,La plaza de Toros,1,2,,,,1,-99,-99,-99,-99,-99,-99,-99,1,-99,-99,-99,,1,-99,-99,-99,-99,-99,-99,1,-99,-99,-99,,2,,-99,-99,-99,-99,-99,-99,-99,,2,,-99,-99,-99,-99,-99,-99,-99,,4,15,,16,,1,2,,,3,1,7,3,3,3,2,1,1,2,7,pavimentos,2,2,0,0,0,1,,49,3,9,2,1,1,,1,,carlos castillo
674A,10,2,2,2,,,0,,,0,,,0,1,1,1,1,2,2,2,2,2,2,2,1,2,2,1,-99,-99,-99,1,-99,-99,-99,,-99,4,,7,6,5,7,7,3,7,5,7,6,8,8,7,1,1,6,7,3,1,1,5,8,3,2,0,,5,5,5,1,1,5,1,2,0,,3,11,0,0,0,0,5,0,5,0,2,4,5,2,2,la aduana,El museo de la Ex-Aduana,2,2,,,,1,-99,-99,-99,-99,-99,-99,-99,1,-99,-99,-99,,-99,-99,-99,-99,-99,-99,-99,1,-99,-99,-99,,2,,-99,-99,-99,-99,-99,-99,-99,,2,,-99,-99,-99,-99,-99,-99,-99,,4,5,,15,,1,1,seguridad publica,pedir dinero,2,3,5,5,5,5,2,2,2,2,7,falta deseviciod,2,2,0,0,0,2,,57,3,9,7,1,1,,1,,carlos castillo
674A,10,5,2,1,10,,1,No hay ninguna persona en educacion media,,3,No hay ninguna persona en educacion superior,,3,1,2,1,1,2,2,1,2,1,2,2,1,1,1,1,1,-99,-99,-99,-99,-99,-99,,-99,1,,8,6,2,7,7,8,9,10,10,8,9,9,7,2,0,,9,4,2,0,,10,3,2,0,,7,7,9,2,0,,1,2,0,,6,9,7,8,6,1,9,6,4,5,1,4,5,5,5,lax,La X,1,2,,,,1,-99,-99,-99,-99,-99,-99,-99,1,1,-99,-99,,1,-99,-99,-99,-99,-99,-99,1,1,-99,-99,,1,5,-99,-99,-99,-99,1,-99,-99,,2,,-99,-99,-99,-99,-99,-99,-99,,4,5,,7,,1,2,,,3,6,5,5,3,6,2,1,2,2,7,pavimentación,2,2,0,0,0,1,,19,1,2,9,1,1,,2,,carlos castillo
674A,10,4,2,2,,,0,,,0,,,0,1,1,1,1,1,2,2,1,1,1,2,2,2,2,1,1,-99,-99,1,1,-99,-99,,-99,5,,10,10,10,10,6,10,10,8,9,10,10,10,7,2,0,,10,5,2,0,,10,3,2,0,,7,10,9,2,0,,3,2,0,,8,11,0,0,0,0,10,2,10,0,5,2,5,3,5,el central,El Parque Central,0,2,,,,2,-99,-99,-99,-99,-99,-99,-99,-99,-99,-99,-99,,1,-99,-99,-99,-99,1,-99,-99,1,-99,-99,,1,10,-99,-99,-99,-99,-99,-99,-99,,2,,-99,-99,-99,-99,-99,-99,-99,,4,2,,5,,1,2,,,4,10,7,3,9,10,1,2,2,2,5,,2,2,0,0,0,2,,58,3,9,2,1,1,,2,,caroos castillo
674A,10,3,2,1,No hay ninguna persona en nivel basico,,3,7,,1,No hay ninguna persona en educacion superior,,3,2,2,2,1,2,2,2,2,2,2,2,2,2,2,2,1,-99,-99,-99,-99,-99,-99,,-99,1,,9,9,8,10,10,6,8,7,9,10,9,10,7,2,0,,9,5,2,0,,9,3,2,0,,10,9,9,2,0,,5,2,0,,6,4,6,4,5,6,6,8,6,7,7,4,3,3,3,la x,La X,1,2,,,,1,-99,-99,-99,1,-99,-99,-99,-99,-99,-99,-99,,-99,-99,-99,-99,-99,-99,-99,1,-99,-99,-99,,2,,-99,-99,-99,-99,-99,-99,-99,,2,,-99,-99,-99,-99,-99,-99,-99,,4,2,,6,,1,2,,,3,5,8,3,1,4,2,1,2,2,1,,2,2,0,0,0,1,,50,3,2,4,1,1,,2,,Carlos Castillo peraza
674A,10,3,3,2,,,0,,,0,,,0,2,2,1,2,2,2,2,2,2,2,2,2,2,2,2,1,-99,-99,-99,-99,-99,-99,,-99,1,,8,8,8,8,6,9,8,5,9,9,9,9,7,2,0,,9,5,2,0,,9,3,2,0,,10,10,9,2,0,,7,2,0,,9,3,5,4,4,5,8,11,8,8,9,4,3,3,3,la x,La X,0,2,,,,1,-99,-99,-99,1,-99,-99,-99,-99,-99,-99,-99,,-99,-99,-99,-99,-99,1,-99,-99,-99,-99,-99,,2,,-99,-99,-99,-99,-99,-99,-99,,2,,-99,-99,-99,-99,-99,-99,-99,,4,2,,7,,1,2,,,3,2,9,6,7,9,2,1,2,2,6,,2,2,0,0,0,1,,49,3,2,6,1,1,,1,,Carlos castillo peraza
674A,10,5,1,1,9,,1,10,,1,7,,1,2,2,1,2,2,2,2,2,2,2,2,2,2,2,2,1,-99,-99,-99,-99,-99,-99,,-99,1,,2,1,1,1,5,6,10,6,10,9,10,10,7,2,0,,10,5,2,0,,10,3,2,0,,9,10,8,2,0,,1,2,0,,1,4,6,6,6,6,5,5,5,3,1,4,3,3,3,lq x,La X,1,1,2,0,0,2,-99,-99,-99,-99,-99,-99,-99,-99,-99,-99,-99,,-99,-99,-99,-99,-99,-99,-99,1,-99,-99,-99,,2,,-99,-99,-99,-99,-99,-99,-99,,2,,-99,-99,-99,-99,-99,-99,-99,,3,8,,7,,1,2,,,2,2,5,1,1,3,2,1,2,1,1,,2,2,0,0,0,2,,23,1,5,9,1,1,,2,,carlo castillo peraza
674A,10,1,1,2,,,0,,,0,,,0,2,2,1,2,2,2,2,2,2,2,2,2,2,2,2,-99,-99,-99,-99,1,-99,-99,,-99,5,,10,9,10,9,9,9,8,9,6,10,8,6,7,2,0,,9,5,2,0,,9,3,2,0,,9,8,6,2,0,,6,2,0,,5,2,7,6,6,6,1,11,11,7,4,4,2,2,2,catedral,La Catedral,1,2,,,,2,-99,-99,-99,-99,-99,-99,-99,-99,-99,-99,-99,,-99,-99,-99,-99,-99,-99,-99,1,-99,-99,-99,,2,,-99,-99,-99,-99,-99,-99,-99,,2,,-99,-99,-99,-99,-99,-99,-99,,3,2,,6,,4,2,,,3,9,2,2,6,3,2,1,2,1,6,,2,2,0,0,0,1,,76,4,8,13,1,1,,19,,carlos castillo peraza
674A,10,2,2,1,9,,1,No hay ninguna persona en educacion media,,3,No hay ninguna persona en educacion superior,,3,2,2,2,1,2,2,2,2,2,2,2,2,2,2,2,1,-99,-99,-99,-99,-99,-99,,-99,1,,2,5,5,4,7,6,10,7,10,9,10,9,7,2,0,,10,2,2,0,,10,3,2,0,,10,8,10,2,0,,5,2,0,,8,3,6,7,7,7,9,11,8,10,10,4,3,3,3,la x,La X,2,2,,,,1,-99,-99,-99,1,-99,-99,-99,-99,-99,-99,-99,,-99,-99,-99,-99,-99,-99,-99,1,-99,-99,-99,,2,,-99,-99,-99,-99,-99,-99,-99,,2,,-99,-99,-99,-99,-99,-99,-99,,4,5,,9,,1,2,,,1,2,4,6,7,7,2,1,2,1,6,,2,2,0,0,0,2,,23,1,2,5,1,1,,1,,carlos castillo peraza
674A,10,3,2,2,,,0,,,0,,,0,2,2,1,2,2,2,2,2,2,2,2,2,2,2,2,-99,-99,1,-99,-99,-99,-99,,-99,3,,7,7,5,4,7,7,5,4,3,6,8,6,7,2,0,,7,4,2,0,,9,3,2,0,,8,8,8,2,0,,4,2,0,,6,3,6,6,6,6,2,11,6,7,2,2,3,3,3,catedral,La Catedral,0,2,,,,1,1,-99,-99,-99,-99,-99,-99,-99,-99,-99,-99,,-99,-99,-99,-99,-99,1,-99,-99,-99,-99,-99,,2,,-99,-99,-99,-99,-99,-99,-99,,2,,-99,-99,-99,-99,-99,-99,-99,,1,5,,6,,1,2,,,3,2,4,6,7,6,2,1,2,1,2,,2,2,0,0,0,2,,65,4,9,2,1,1,,1,,carlos castillo perqza
674A,10,1,1,1,7,,1,No hay ninguna persona en educacion media,,3,No hay ninguna persona en educacion superior,,3,2,2,1,2,2,2,2,2,2,2,2,2,2,2,2,-99,-99,-99,-99,1,-99,-99,,-99,5,,9,10,7,9,7,9,8,6,9,7,7,9,7,2,0,,9,5,2,0,,9,3,2,0,,9,9,8,2,0,,5,2,0,,9,5,7,6,6,6,5,11,8,8,10,1,3,3,3,la x,La X,2,2,,,,2,-99,-99,-99,-99,-99,-99,-99,-99,-99,-99,-99,,-99,-99,-99,-99,-99,-99,-99,1,-99,-99,-99,,2,,-99,-99,-99,-99,-99,-99,-99,,2,,-99,-99,-99,-99,-99,-99,-99,,4,5,,7,,1,2,,,1,3,8,6,8,6,2,1,2,2,6,,2,2,0,0,0,1,,21,1,1,4,1,4,,4,,carlos castillo peraza
674A,10,5,3,2,,,0,,,0,,,0,1,2,2,2,2,2,2,2,2,2,2,2,2,2,1,1,-99,-99,-99,-99,-99,-99,,-99,1,,5,3,1,7,1,8,7,5,4,4,10,8,7,2,0,,10,4,2,0,,10,3,2,0,,10,10,9,2,0,,3,2,0,,10,3,3,7,4,3,4,11,8,6,2,4,2,3,3,la caa de juan gabriel,La casa de Juan Gabriel,0,2,,,,2,-99,-99,-99,-99,-99,-99,-99,-99,-99,-99,-99,,1,-99,-99,-99,-99,-99,-99,-99,1,-99,-99,,1,3,1,-99,-99,-99,1,-99,-99,,2,,-99,-99,-99,-99,-99,-99,-99,,1,2,,5,,1,2,,,1,9,4,3,3,3,2,1,2,1,1,,2,2,0,0,0,2,,58,3,4,1,1,1,,1,,castillo peraza
674A,10,2,3,2,,,0,,,0,,,0,1,1,1,1,2,2,2,2,2,2,2,2,2,2,2,1,-99,-99,-99,-99,-99,-99,,-99,1,,8,8,8,10,9,7,10,10,10,10,10,10,7,2,0,,10,4,2,0,,10,3,2,0,,10,10,9,2,0,,5,2,0,,8,5,10,9,9,9,9,11,7,1,5,4,3,3,3,la x,La X,1,2,,,,1,-99,-99,-99,1,-99,-99,-99,-99,-99,-99,-99,,-99,-99,-99,-99,-99,1,-99,-99,-99,-99,-99,,2,,-99,-99,-99,-99,-99,-99,-99,,2,,-99,-99,-99,-99,-99,-99,-99,,4,5,,9,,1,2,,,3,9,7,5,8,10,2,1,2,2,2,,2,2,0,0,0,1,,53,3,2,4,1,1,,2,,castillo peraza
674A,10,5,3,1,9,,1,9,,1,9,,2,1,1,1,1,2,2,2,2,2,2,2,2,2,2,2,1,-99,-99,-99,-99,-99,-99,,-99,1,,1,3,1,1,6,6,10,10,10,6,10,10,7,1,1,8,9,4,1,2,3,10,3,2,0,,2,2,3,2,0,,1,1,1,3,5,11,0,0,0,0,8,11,9,8,9,3,3,3,3,parque central,El Parque Central,1,2,,,,1,-99,-99,-99,-99,-99,-99,-99,1,-99,-99,-99,,-99,-99,-99,-99,-99,-99,-99,1,-99,-99,-99,,2,,-99,-99,-99,-99,-99,-99,-99,,2,,-99,-99,-99,-99,-99,-99,-99,,3,5,,2,,1,2,,,3,9,8,5,1,8,1,1,1,1,2,,2,2,0,0,0,1,,43,2,1,4,1,1,,1,,castillo peraza
674A,10,3,3,2,,,0,,,0,,,0,1,1,1,1,2,2,2,2,2,2,2,2,2,2,1,-99,-99,1,-99,-99,-99,-99,,-99,3,,6,5,5,6,6,4,10,10,10,10,10,10,7,2,0,,10,4,2,0,,10,3,2,0,,8,8,7,2,0,,5,2,0,,5,5,6,6,6,8,6,11,7,7,5,4,2,4,4,la x,La X,1,2,,,,2,-99,-99,-99,-99,-99,-99,-99,-99,-99,-99,-99,,-99,-99,-99,-99,-99,1,-99,-99,-99,-99,-99,,2,,-99,-99,-99,-99,-99,-99,-99,,2,,-99,-99,-99,-99,-99,-99,-99,,4,5,,9,,1,2,,,2,9,6,6,7,10,2,2,2,2,1,,2,2,0,0,0,1,,48,3,1,2,2,19,,1,,castillo peraza
674A,10,3,2,1,8,,1,8,,1,No hay ninguna persona en educacion superior,,3,1,2,1,1,1,1,2,1,1,2,2,2,1,1,1,1,-99,-99,-99,-99,-99,-99,,-99,1,,6,7,8,7,7,7,10,8,7,7,6,8,7,2,0,,10,3,2,0,,10,3,2,0,,8,7,8,2,0,,7,2,0,,8,7,7,7,7,8,8,11,7,7,8,3,3,3,3,monumento benito juarez,El monumento a Benito Juárez,1,1,2,1,0,1,-99,-99,-99,-99,-99,-99,-99,1,-99,-99,-99,,-99,-99,-99,-99,-99,-99,-99,1,-99,-99,-99,,2,,-99,-99,-99,-99,-99,-99,-99,,2,,-99,-99,-99,-99,-99,-99,-99,,4,5,,2,,1,2,,,3,2,7,6,6,6,2,2,2,2,2,,2,2,0,0,0,2,,42,2,2,4,1,1,,1,,castillo peraza
674A,10,2,3,2,,,0,,,0,,,0,1,2,1,1,2,2,2,1,2,2,2,2,2,1,1,-99,-99,-99,-99,1,-99,-99,,-99,5,,5,5,5,8,7,5,8,8,8,5,5,5,7,2,0,,8,4,2,0,,10,3,2,0,,10,10,10,2,0,,5,2,0,,8,1,7,9,11,11,9,11,5,5,5,3,2,5,3,monumento benito Juárez,El monumento a Benito Juárez,2,2,,,,1,-99,-99,-99,-99,-99,-99,-99,1,-99,-99,-99,,-99,-99,-99,-99,-99,-99,-99,1,-99,-99,-99,,2,,-99,-99,-99,-99,-99,-99,-99,,2,,-99,-99,-99,-99,-99,-99,-99,,4,5,,2,,1,2,,,3,1,8,8,8,8,2,2,2,2,2,,2,2,0,0,0,2,,50,3,2,4,1,1,,2,,castillo peraza
674A,10,3,2,2,,,0,,,0,,,0,1,1,1,1,2,2,2,2,1,2,2,2,2,2,2,1,-99,-99,-99,-99,-99,-99,,-99,1,,8,9,9,5,7,10,10,10,10,10,10,10,7,2,0,,10,5,2,0,,10,3,2,0,,7,7,7,2,0,,1,2,0,,8,7,8,8,9,8,9,11,8,5,1,4,5,5,5,la x,La X,0,2,,,,2,-99,-99,-99,-99,-99,-99,-99,-99,-99,-99,-99,,-99,-99,-99,-99,-99,-99,-99,-99,1,-99,-99,,1,8,-99,-99,-99,-99,-99,-99,-99,,2,,-99,-99,-99,-99,-99,-99,-99,,4,1,,5,,2,2,,,1,9,8,5,1,8,2,1,2,2,6,,2,2,0,0,0,1,,61,4,8,4,1,1,,1,,castillo peraza
674A,10,2,2,2,,,0,,,0,,,0,1,1,2,2,2,2,2,2,2,2,2,2,2,2,2,1,-99,-99,-99,-99,-99,-99,,-99,1,,7,4,3,5,7,4,9,8,5,9,10,4,7,2,0,,9,2,2,0,,6,3,2,0,,5,7,7,2,0,,8,2,0,,6,5,7,9,8,8,4,5,4,3,2,4,4,4,2,santuario de guadalupe,OTRO,0,2,,,,2,-99,-99,-99,-99,-99,-99,-99,-99,-99,-99,-99,,-99,-99,-99,-99,-99,1,-99,-99,-99,-99,-99,,2,,-99,-99,-99,-99,-99,-99,-99,,2,,-99,-99,-99,-99,-99,-99,-99,,4,5,,6,,2,1,junta de agua,cobran mucho,4,9,7,4,6,5,1,1,1,1,5,,2,2,0,0,0,1,,71,4,8,1,1,1,,1,,Carlos Castillo perasa
674A,10,3,3,2,,,0,,,0,,,0,1,2,2,1,2,2,2,2,2,2,2,2,2,1,2,-99,-99,-99,1,-99,-99,-99,,-99,4,,5,6,6,7,7,9,7,8,6,8,10,10,7,2,0,,10,5,2,0,,10,3,2,0,,4,3,6,2,0,,7,2,0,,6,2,3,3,2,2,5,1,3,1,3,4,4,2,1,monumento a juarez,El monumento a Benito Juárez,1,2,,,,1,1,-99,-99,-99,-99,-99,-99,-99,-99,-99,-99,,-99,-99,-99,-99,-99,-99,-99,1,-99,-99,-99,,2,,-99,-99,-99,-99,-99,-99,-99,,2,,-99,-99,-99,-99,-99,-99,-99,,4,5,,2,,2,2,,,4,11,5,4,8,4,2,1,2,2,5,,2,2,0,0,0,1,,39,2,9,2,1,1,,2,,carlos castillo  perasa
674A,10,4,1,1,8,,1,No hay ninguna persona en educacion media,,3,No hay ninguna persona en educacion superior,,3,1,1,1,1,2,2,2,2,1,2,2,2,2,2,2,1,-99,-99,-99,-99,-99,-99,,-99,1,,6,8,7,8,9,9,10,10,9,10,8,8,7,2,0,,9,5,2,0,,10,3,2,0,,8,7,7,2,0,,10,2,0,,9,1,1,1,1,1,8,1,1,7,1,4,4,4,2,la x,La X,1,2,,,,2,-99,-99,-99,-99,-99,-99,-99,-99,-99,-99,-99,,-99,-99,-99,-99,-99,-99,-99,1,-99,-99,-99,,2,,-99,-99,-99,-99,-99,-99,-99,,2,,-99,-99,-99,-99,-99,-99,-99,,4,6,,7,,2,2,,,1,2,8,4,6,8,2,1,2,2,5,,2,2,0,0,0,1,,22,1,2,11,1,1,,1,,carlos castillo perasa
674A,10,3,3,2,,,0,,,0,,,0,1,2,1,1,2,2,2,2,1,2,2,2,2,2,1,-99,-99,-99,1,-99,-99,-99,,-99,4,,4,7,2,2,1,3,10,10,3,10,5,5,7,2,0,,5,5,2,0,,10,3,2,0,,3,1,2,2,0,,2,2,0,,3,1,1,1,1,1,1,1,3,2,0,1,3,2,2,la puerta,Umbral del milenio,1,2,,,,1,-99,-99,-99,1,-99,-99,-99,-99,-99,-99,-99,,-99,-99,-99,-99,-99,-99,-99,1,-99,-99,-99,,2,,-99,-99,-99,-99,-99,-99,-99,,2,,-99,-99,-99,-99,-99,-99,-99,,2,6,,2,,2,2,,,1,11,7,3,3,3,2,1,2,1,7,jenre muerta,2,2,0,0,0,2,,44,2,2,4,1,1,,1,,castillo perasa
674A,10,3,2,1,8,,1,No hay ninguna persona en educacion media,,3,No hay ninguna persona en educacion superior,,3,1,2,1,1,2,2,2,2,2,2,1,2,1,2,2,1,-99,-99,-99,-99,-99,-99,,-99,1,,2,3,2,1,10,5,8,7,8,10,10,5,7,2,0,,9,1,2,0,,7,3,2,0,,4,6,7,2,0,,6,2,0,,6,3,2,3,2,3,4,2,3,6,5,4,4,4,2,la x,La X,1,2,,,,1,-99,-99,-99,-99,-99,-99,-99,1,-99,-99,-99,,-99,-99,-99,-99,-99,-99,-99,1,-99,-99,-99,,2,,-99,-99,-99,-99,-99,-99,-99,,2,,-99,-99,-99,-99,-99,-99,-99,,4,6,,2,,3,2,,,3,9,5,2,5,6,2,1,1,1,5,,2,2,0,0,0,1,,28,1,7,11,1,1,,2,,castillo perasa
674A,10,2,2,2,,,0,,,0,,,0,1,2,2,1,2,2,2,2,1,2,2,2,2,2,2,-99,-99,-99,1,-99,-99,-99,,-99,4,,6,9,5,8,8,10,9,9,5,7,3,6,7,2,0,,3,5,2,0,,8,2,2,0,,8,5,5,2,0,,8,2,0,,9,7,2,2,8,2,10,6,9,5,9,4,3,3,4,la catedral,La Catedral,0,2,,,,1,-99,-99,-99,-99,-99,1,-99,-99,-99,-99,-99,,-99,-99,-99,-99,-99,1,-99,-99,-99,-99,-99,,2,,-99,-99,-99,-99,-99,-99,-99,,2,,-99,-99,-99,-99,-99,-99,-99,,4,6,,7,,3,2,,,2,9,3,6,6,9,1,1,2,1,5,,2,2,0,0,0,1,,26,1,9,3,1,1,,1,,castillo perasa
674A,10,2,4,2,,,0,,,0,,,0,1,2,2,1,2,2,2,2,2,2,2,2,1,2,2,-99,-99,1,-99,-99,-99,-99,,-99,3,,10,10,9,10,10,11,10,9,9,10,9,9,7,2,0,,10,5,2,0,,10,2,2,0,,10,5,6,2,0,,8,2,0,,8,2,2,2,1,2,1,1,3,10,3,4,4,4,4,la x,La X,0,2,,,,2,-99,-99,-99,-99,-99,-99,-99,-99,-99,-99,-99,,-99,-99,-99,-99,-99,1,-99,-99,-99,-99,-99,,2,,-99,-99,-99,-99,-99,-99,-99,,2,,-99,-99,-99,-99,-99,-99,-99,,4,5,,2,,3,2,,,4,2,7,4,8,7,2,1,2,2,5,,2,2,0,0,0,1,,44,2,1,1,1,1,,1,,castillo perasa
674A,10,3,3,2,,,0,,,0,,,0,1,2,2,2,2,2,2,2,2,2,2,2,2,2,2,-99,-99,-99,1,1,-99,-99,,-99,5,,10,10,10,9,10,10,10,10,10,10,8,8,7,2,0,,10,3,2,0,,10,3,2,0,,7,9,5,2,0,,5,2,0,,6,5,1,5,5,5,5,0,9,3,8,4,3,2,2,mercado juarez,Mercado Juárez,1,2,,,,2,-99,-99,-99,-99,-99,-99,-99,-99,-99,-99,-99,,-99,-99,-99,-99,-99,-99,-99,1,-99,-99,-99,,2,,-99,-99,-99,-99,-99,-99,-99,,2,,-99,-99,-99,-99,-99,-99,-99,,4,5,,9,,1,2,,,3,6,6,6,5,9,2,1,2,2,2,,2,2,0,0,0,1,,77,4,1,1,1,1,,2,,carlos castillo peraza
674A,10,3,1,2,,,0,,,0,,,0,1,1,1,1,2,2,2,2,2,2,2,2,2,2,2,-99,-99,1,-99,-99,-99,-99,,-99,3,,8,7,5,6,8,5,9,7,9,8,7,6,7,2,0,,9,3,2,0,,8,3,2,0,,5,5,6,2,0,,5,2,0,,8,6,6,6,6,5,5,11,6,5,3,4,4,2,1,la x,La X,1,2,,,,1,-99,-99,-99,-99,-99,-99,-99,1,-99,-99,-99,,-99,-99,-99,-99,-99,-99,-99,1,-99,-99,-99,,2,,-99,-99,-99,-99,-99,-99,-99,,2,,-99,-99,-99,-99,-99,-99,-99,,4,5,,13,,1,2,,,3,2,7,7,5,6,1,2,1,1,6,,2,2,0,0,0,2,,22,1,9,3,1,1,,1,,san francisco
674A,10,4,1,2,,,0,,,0,,,0,1,1,2,2,2,2,2,2,2,2,2,2,2,2,2,1,-99,-99,1,-99,-99,-99,,-99,4,,8,8,8,8,11,9,10,10,10,9,10,10,7,2,0,,10,4,2,0,,10,3,2,0,,9,9,9,2,0,,5,2,0,,9,9,9,9,9,9,8,8,9,8,6,3,5,5,5,monumento a benito juarez,El monumento a Benito Juárez,2,1,2,0,0,1,-99,-99,-99,-99,-99,-99,-99,1,-99,-99,-99,,-99,-99,-99,-99,-99,-99,-99,1,-99,-99,-99,,2,,-99,-99,-99,-99,-99,-99,-99,,2,,-99,-99,-99,-99,-99,-99,-99,,4,3,,9,,1,2,,,3,1,8,7,7,9,2,1,2,1,1,,1,0,1,1,1,2,,44,2,2,4,1,1,,1,,carlos castillo peraza
674A,10,2,3,1,10,,1,10,,1,No hay ninguna persona en educacion superior,,3,1,2,1,1,2,2,2,2,2,2,2,2,2,2,1,-99,-99,-99,-99,1,-99,-99,,-99,5,,10,5,10,10,10,10,10,10,5,10,10,8,7,2,0,,10,5,2,0,,10,3,2,0,,5,5,5,2,0,,10,2,0,,10,5,7,5,5,10,10,11,10,5,8,4,5,4,4,el monumento a juan gabrlel,El monumento a Benito Juárez,1,2,,,,1,-99,-99,-99,-99,-99,-99,-99,1,-99,-99,-99,,-99,-99,-99,-99,-99,-99,-99,1,-99,-99,-99,,2,,-99,-99,-99,-99,-99,-99,-99,,2,,-99,-99,-99,-99,-99,-99,-99,,4,5,,2,,1,2,,,5,10,10,9,8,8,1,1,2,1,2,,2,2,0,0,0,2,,35,2,9,4,1,1,,1,,castillo peraza
674A,10,2,2,2,,,0,,,0,,,0,1,1,1,2,2,2,2,2,2,2,2,2,2,2,2,1,-99,-99,-99,-99,-99,-99,,-99,1,,7,8,8,9,8,7,9,8,8,8,10,8,6,2,0,,8,4,2,0,,9,3,2,0,,9,9,8,2,0,,6,2,0,,7,11,0,0,0,0,11,7,8,8,9,4,3,3,3,la x,La X,1,2,,,,1,-99,-99,-99,-99,-99,-99,-99,1,-99,-99,-99,,-99,-99,-99,-99,-99,-99,-99,1,-99,-99,-99,,2,,-99,-99,-99,-99,-99,-99,-99,,2,,-99,-99,-99,-99,-99,-99,-99,,4,2,,2,,2,2,,,2,9,6,8,6,8,1,2,1,1,1,,2,2,0,0,0,2,,64,4,9,1,1,1,,2,,carlos castillo peralta
674A,10,3,2,2,,,0,,,0,,,0,1,2,1,1,2,1,2,2,2,2,2,2,2,2,1,1,-99,-99,1,-99,-99,-99,,-99,4,,10,10,10,10,10,10,8,9,8,9,9,8,7,2,0,,9,3,2,0,,7,2,2,0,,9,9,8,2,0,,7,2,0,,8,11,0,0,0,0,8,0,8,7,7,4,4,4,4,la x,La X,3,2,,,,1,-99,-99,-99,1,-99,-99,-99,-99,1,1,-99,,-99,-99,-99,-99,-99,-99,-99,-99,1,1,-99,,1,5,1,1,1,1,1,1,-99,,1,7,-99,-99,-99,-99,-99,-99,-99,,4,10,,5,,1,1,todas las depedencias,son prepotentes,3,4,8,7,6,7,2,1,2,2,2,,2,2,0,0,0,1,,22,1,2,6,1,1,,1,,carlos astillo peraza
674A,10,3,1,1,10,,1,No hay ninguna persona en educacion media,,3,No hay ninguna persona en educacion superior,,3,1,1,1,1,2,1,2,1,1,2,1,1,2,1,1,-99,-99,-99,-99,1,-99,-99,,-99,5,,10,8,10,8,10,10,10,10,10,10,10,10,7,2,0,,10,5,2,0,,10,3,2,0,,6,2,3,2,0,,1,2,0,,2,11,0,0,0,0,0,0,11,0,0,4,5,5,1,no se,NINGUNO,1,1,1,0,0,1,-99,-99,-99,-99,-99,1,-99,-99,-99,-99,-99,,-99,-99,-99,-99,-99,-99,-99,1,-99,-99,-99,,2,,-99,-99,-99,-99,-99,-99,-99,,2,,-99,-99,-99,-99,-99,-99,-99,,3,2,,5,,1,2,,,3,1,10,1,2,10,2,1,2,2,1,,2,2,0,0,0,1,,54,3,2,4,1,1,,1,,carlos castillo peraza
7926,10,2,3,2,,,0,,,0,,,0,2,2,1,2,2,2,2,2,2,2,2,2,2,2,2,-99,-99,-99,1,-99,-99,-99,,-99,4,,9,9,6,9,9,10,9,4,10,9,8,8,7,2,0,,6,5,2,0,,9,3,2,0,,9,9,7,2,0,,8,2,0,,8,4,6,7,7,7,9,11,11,6,9,4,3,3,3,la x,La X,0,2,,,,2,-99,-99,-99,-99,-99,-99,-99,-99,-99,-99,-99,,-99,-99,-99,-99,-99,-99,-99,-99,-99,-99,1,SE RESERVA,2,,-99,-99,-99,-99,-99,-99,-99,,2,,-99,-99,-99,-99,-99,-99,-99,,4,2,,6,,1,2,,,3,1,5,2,5,6,2,1,2,1,2,,2,2,0,0,0,1,,57,3,1,4,1,1,,1,,parajes de San Juan
7926,10,3,2,1,No hay ninguna persona en nivel basico,,3,No hay ninguna persona en educacion media,,3,7,,2,2,2,2,2,2,1,2,2,2,2,2,2,2,2,2,1,-99,-99,-99,-99,-99,-99,,-99,1,,8,8,3,9,9,7,9,5,9,10,9,9,6,2,0,,9,5,2,0,,10,3,2,0,,9,4,7,2,0,,1,2,0,,6,5,6,8,5,5,9,11,5,5,7,2,3,3,3,"l
caedral",La Catedral,1,2,,,,2,-99,-99,-99,-99,-99,-99,-99,-99,-99,-99,-99,,-99,-99,-99,-99,-99,-99,-99,1,-99,-99,-99,,2,,-99,-99,-99,-99,-99,-99,-99,,2,,-99,-99,-99,-99,-99,-99,-99,,4,2,,9,,1,2,,,2,3,3,4,3,2,2,1,2,2,2,,2,2,0,0,0,2,,70,4,8,4,1,2,,19,,parajes de San Juan
7926,10,3,3,2,,,0,,,0,,,0,2,2,1,2,2,2,2,2,2,2,2,2,2,2,2,1,-99,-99,-99,-99,-99,-99,,-99,1,,8,8,1,1,5,6,10,5,9,9,9,3,7,2,0,,9,5,2,0,,10,3,2,0,,7,4,8,2,0,,3,2,0,,8,3,6,6,5,5,2,11,8,8,3,4,3,3,3,la x,La X,0,2,,,,1,1,-99,-99,-99,-99,-99,-99,-99,-99,-99,-99,,-99,-99,-99,-99,-99,1,-99,-99,-99,-99,-99,,2,,-99,-99,-99,-99,-99,-99,-99,,2,,-99,-99,-99,-99,-99,-99,-99,,4,6,,2,,1,2,,,3,2,5,5,2,3,2,1,2,1,3,,2,2,0,0,0,1,,51,3,1,6,1,1,,1,,paraje de san juan
7926,10,3,2,1,8,,1,No hay ninguna persona en educacion media,,3,No hay ninguna persona en educacion superior,,3,2,2,2,1,2,2,2,2,2,2,2,2,2,2,2,1,-99,-99,-99,-99,-99,-99,,-99,1,,2,2,6,6,6,7,9,8,10,7,10,8,7,2,0,,9,5,2,0,,10,3,2,0,,9,10,9,2,0,,4,2,0,,9,3,6,6,6,6,7,8,8,8,8,4,3,3,3,la x,La X,2,2,,,,1,-99,-99,-99,-99,-99,-99,-99,1,-99,-99,-99,,-99,-99,-99,-99,-99,-99,-99,1,-99,-99,-99,,2,,-99,-99,-99,-99,-99,-99,-99,,2,,-99,-99,-99,-99,-99,-99,-99,,4,8,,2,,1,2,,,5,2,7,3,1,3,2,2,2,1,3,,2,2,0,0,0,2,,31,2,2,6,1,2,,3,,pare de San Juan
7926,10,4,1,1,9,,1,No hay ninguna persona en educacion media,,3,No hay ninguna persona en educacion superior,,3,2,2,2,2,2,1,2,2,2,2,2,2,2,2,2,1,-99,-99,-99,-99,-99,-99,,-99,1,,8,7,5,7,7,6,10,9,7,10,4,4,7,2,0,,8,5,2,0,,8,3,2,0,,8,7,8,2,0,,6,2,0,,7,5,6,6,5,6,7,11,7,7,7,2,3,2,3,la x,La X,1,1,1,0,0,1,-99,-99,-99,1,-99,-99,-99,-99,-99,-99,-99,,-99,-99,-99,-99,-99,1,-99,-99,-99,-99,-99,,2,,-99,-99,-99,-99,-99,-99,-99,,2,,-99,-99,-99,-99,-99,-99,-99,,3,5,,2,,1,2,,,3,1,4,4,1,1,2,1,2,1,1,,2,2,0,0,0,1,,29,1,2,6,1,1,,3,,parajes de San Juan
7926,10,4,2,1,10,,1,No hay ninguna persona en educacion media,,3,No hay ninguna persona en educacion superior,,3,2,2,2,2,2,1,2,2,2,2,2,2,2,2,2,1,-99,-99,-99,-99,-99,-99,,-99,1,,9,8,9,4,9,7,10,7,10,10,10,10,7,2,0,,10,5,2,0,,10,3,2,0,,8,10,8,2,0,,8,2,0,,10,6,6,6,6,6,5,11,10,5,10,4,3,3,3,la x,La X,3,2,,,,1,-99,-99,-99,-99,-99,-99,-99,1,-99,-99,-99,,-99,-99,-99,-99,-99,-99,-99,1,-99,-99,-99,,2,,-99,-99,-99,-99,-99,-99,-99,,2,,-99,-99,-99,-99,-99,-99,-99,,2,5,,2,,1,2,,,4,2,5,2,2,3,2,1,2,2,6,,2,2,0,0,0,2,,20,1,2,4,1,2,,2,,parajes de San Juan
7926,10,4,1,2,,,0,,,0,,,0,2,2,1,2,2,2,2,2,2,2,2,2,2,2,2,1,-99,-99,-99,-99,-99,-99,,-99,1,,9,9,7,9,7,10,10,5,4,9,10,10,7,2,0,,10,5,2,0,,10,3,2,0,,9,10,7,2,0,,3,2,0,,6,4,5,6,6,6,6,11,8,8,9,4,3,3,3,la x,La X,2,2,,,,2,-99,-99,-99,-99,-99,-99,-99,-99,-99,-99,-99,,-99,-99,-99,-99,-99,-99,-99,1,-99,-99,-99,,2,,-99,-99,-99,-99,-99,-99,-99,,2,,-99,-99,-99,-99,-99,-99,-99,,4,2,,7,,1,2,,,3,2,2,2,4,6,2,1,2,1,1,,2,2,0,0,0,2,,64,4,8,4,1,1,,19,,parajes de San Juan
7926,10,3,2,1,8,,1,No hay ninguna persona en educacion media,,3,No hay ninguna persona en educacion superior,,3,2,2,2,2,2,1,2,2,2,2,2,2,2,2,2,1,-99,-99,-99,-99,-99,-99,,-99,1,,7,6,9,10,7,7,10,7,10,7,8,6,7,2,0,,9,5,2,0,,9,3,2,0,,9,6,7,2,0,,9,2,0,,9,3,6,6,6,6,5,11,11,3,2,4,3,3,3,la x,La X,0,2,,,,1,-99,-99,-99,-99,-99,-99,-99,-99,-99,-99,1,SE RESERVA,-99,-99,-99,-99,-99,-99,-99,-99,-99,-99,1,SE RESERVA,2,,-99,-99,-99,-99,-99,-99,-99,,2,,-99,-99,-99,-99,-99,-99,-99,,3,2,,6,,1,2,,,3,2,5,5,7,9,2,2,2,2,6,,2,2,0,0,0,1,,32,2,2,6,1,1,,1,,parajes de San Juan
7926,10,4,3,1,10,,1,No hay ninguna persona en educacion media,,3,No hay ninguna persona en educacion superior,,3,1,1,1,2,2,2,2,2,1,2,2,2,1,2,2,1,-99,-99,-99,1,-99,-99,,-99,5,,1,8,1,1,10,8,10,10,9,10,10,10,7,2,0,,10,4,2,0,,10,3,2,0,,8,10,8,2,0,,6,2,0,,8,10,8,10,10,10,9,11,10,10,10,2,3,2,3,la x,La X,2,1,2,0,0,1,-99,-99,-99,-99,-99,-99,-99,1,-99,-99,-99,,-99,-99,-99,-99,-99,-99,-99,1,-99,-99,-99,,2,,-99,-99,-99,-99,-99,-99,-99,,2,,-99,-99,-99,-99,-99,-99,-99,,3,8,,7,,1,2,,,2,9,6,1,10,1,2,1,1,1,5,,2,2,0,0,0,1,,22,1,2,8,1,2,,4,,urbi villas del cedro tres
7926,10,1,3,1,No hay ninguna persona en nivel basico,,3,10,,1,10,,1,1,1,1,1,2,2,2,2,2,2,2,2,2,2,2,1,-99,-99,-99,1,-99,-99,,-99,5,,10,10,10,10,10,10,10,7,10,10,10,10,7,2,0,,1,4,1,2,1,10,3,2,0,,10,10,10,2,0,,7,2,0,,6,10,9,9,9,7,8,11,0,9,10,4,5,5,4,la x,La X,1,2,,,,1,-99,-99,-99,1,-99,-99,-99,-99,1,-99,-99,,-99,-99,-99,-99,-99,-99,-99,1,1,-99,-99,,1,8,-99,-99,-99,-99,-99,-99,-99,,2,,-99,-99,-99,-99,-99,-99,-99,,4,5,,9,,1,2,,,2,9,9,8,1,6,1,1,2,1,6,,2,2,0,0,0,2,,41,2,2,2,1,1,,2,,urbi villas del cedro tres
7926,10,4,2,1,9,,1,No hay ninguna persona en educacion media,,3,8,,1,1,1,1,1,2,2,2,1,1,2,2,2,2,1,1,1,-99,-99,-99,-99,-99,-99,,-99,1,,7,5,3,2,3,5,10,9,5,10,9,8,7,2,0,,7,1,2,0,,9,3,2,0,,6,8,7,2,0,,3,2,0,,7,5,7,8,8,11,6,11,6,6,8,4,5,5,2,la x,La X,2,2,,,,1,-99,-99,-99,1,-99,-99,-99,-99,-99,-99,-99,,-99,-99,-99,-99,-99,-99,-99,1,-99,-99,-99,,2,,-99,-99,-99,-99,-99,-99,-99,,2,,-99,-99,-99,-99,-99,-99,-99,,4,5,,2,,1,2,,,2,2,5,5,5,5,2,1,1,1,1,,2,2,0,0,0,2,,38,2,2,7,1,2,,3,,urbi villas del cedro tres
7926,10,3,2,2,,,0,,,0,,,0,1,1,1,2,2,2,2,2,2,2,2,2,2,2,1,1,-99,-99,-99,-99,-99,-99,,-99,1,,8,5,5,7,7,6,5,6,6,8,8,8,7,2,0,,10,1,2,0,,10,3,2,0,,10,8,8,2,0,,8,2,0,,8,7,6,8,7,6,8,11,9,6,7,3,2,2,1,la x,La X,1,2,,,,2,-99,-99,-99,-99,-99,-99,-99,-99,-99,-99,-99,,-99,-99,-99,-99,-99,-99,-99,1,-99,-99,-99,,1,9,-99,-99,-99,-99,-99,-99,-99,,2,,-99,-99,-99,-99,-99,-99,-99,,2,6,,9,,4,2,,,2,1,7,6,5,8,1,1,1,1,1,,2,2,0,0,0,2,,42,2,1,6,1,1,,2,,urbi villa del cedro trs
7926,10,3,2,1,10,,1,No hay ninguna persona en educacion media,,3,No hay ninguna persona en educacion superior,,3,1,1,1,2,1,1,2,1,2,2,2,2,2,2,2,1,-99,-99,-99,1,-99,-99,,-99,5,,9,10,7,10,10,10,10,10,10,10,10,7,7,2,0,,10,3,2,0,,10,3,2,0,,7,10,8,2,0,,8,2,0,,9,7,9,8,7,7,9,11,11,7,8,4,3,5,2,la x,La X,1,1,2,1,0,1,-99,-99,-99,1,-99,-99,-99,1,-99,-99,-99,,-99,-99,-99,-99,-99,-99,-99,1,-99,-99,-99,,2,,-99,-99,-99,-99,-99,-99,-99,,2,,-99,-99,-99,-99,-99,-99,-99,,4,5,,9,,1,2,,,3,9,8,7,6,8,2,1,2,2,2,,2,2,0,0,0,1,,33,2,2,6,1,3,,5,,urbi villas del cedro trs
7926,10,2,2,1,8,,1,8,,1,8,,1,1,1,2,1,1,1,2,2,2,2,2,2,2,1,1,1,-99,-99,-99,-99,-99,-99,,-99,1,,8,8,5,5,7,7,8,8,9,9,8,7,7,2,0,,8,3,2,0,,9,3,2,0,,7,8,7,2,0,,7,2,0,,8,9,7,7,8,7,9,11,7,7,8,2,3,3,3,la x,La X,0,2,,,,1,-99,-99,-99,-99,-99,1,-99,-99,1,-99,-99,,-99,-99,-99,-99,-99,1,-99,-99,1,-99,-99,,1,8,-99,-99,-99,-99,-99,-99,-99,,2,,-99,-99,-99,-99,-99,-99,-99,,4,9,,5,,3,2,,,1,9,8,8,8,8,1,2,1,2,2,,2,2,0,0,0,2,,26,1,2,4,1,1,,4,,urbi villas del cedro tres
7926,10,3,2,1,8,,1,No hay ninguna persona en educacion media,,3,No hay ninguna persona en educacion superior,,3,1,1,1,1,2,2,2,2,2,2,2,2,2,2,2,1,-99,-99,-99,-99,-99,-99,,-99,1,,7,8,8,8,8,7,9,9,8,8,7,5,7,2,0,,8,3,2,0,,9,3,2,0,,7,9,8,2,0,,5,2,0,,7,7,7,8,6,7,8,11,11,8,7,4,4,4,4,la x,La X,1,1,3,0,0,1,-99,-99,-99,1,-99,-99,-99,-99,-99,-99,-99,,-99,-99,-99,-99,-99,-99,-99,1,-99,-99,-99,,2,,-99,-99,-99,-99,-99,-99,-99,,2,,-99,-99,-99,-99,-99,-99,-99,,2,5,,9,,1,2,,,2,9,8,8,7,7,2,2,2,2,2,,2,2,0,0,0,2,,36,2,2,4,1,2,,3,,urbi villas del cedro tres
7926,10,1,3,2,,,0,,,0,,,0,1,1,1,1,2,2,2,2,2,2,2,2,2,2,1,1,-99,-99,-99,-99,-99,-99,,-99,1,,5,8,3,4,8,6,8,8,6,9,10,7,7,2,0,,7,3,2,0,,10,3,2,0,,6,8,7,2,0,,5,2,0,,5,7,5,5,7,8,5,0,8,5,8,3,5,5,2,puerta de cd Juárez,Umbral del milenio,2,1,0,0,1,1,-99,-99,-99,1,-99,-99,-99,-99,-99,-99,-99,,-99,-99,-99,-99,-99,-99,-99,1,-99,-99,-99,,2,,-99,-99,-99,-99,-99,-99,-99,,2,,-99,-99,-99,-99,-99,-99,-99,,4,5,,9,,1,1,la municipal,parar,4,9,8,6,5,8,1,1,1,1,2,,2,2,0,0,0,2,,54,3,2,7,1,1,,1,,urbi villas del cedro tres
7926,10,4,3,2,,,0,,,0,,,0,2,1,1,1,2,2,2,2,1,2,2,2,2,2,1,1,-99,-99,-99,-99,-99,-99,,-99,1,,6,7,3,10,6,6,8,4,4,10,2,2,1,2,0,,3,1,2,0,,10,3,2,0,,2,2,3,2,0,,3,2,0,,2,1,1,1,1,1,0,1,2,1,2,2,3,3,1,la x,La X,0,2,,,,1,-99,-99,-99,1,-99,-99,-99,-99,-99,-99,-99,,-99,-99,-99,-99,-99,1,-99,-99,-99,-99,-99,,2,,-99,-99,-99,-99,-99,-99,-99,,2,,-99,-99,-99,-99,-99,-99,-99,,4,2,,5,,1,1,policia munisipal,robo,3,10,5,2,3,5,1,1,1,1,5,,2,2,0,0,0,2,,42,2,2,11,2,19,,19,,parajes dedan juan
7926,10,1,2,2,,,0,,,0,,,0,1,1,1,2,1,2,2,2,2,2,2,2,2,2,2,-99,-99,-99,1,1,-99,-99,,-99,4,,8,9,8,8,5,7,8,7,10,10,9,10,7,2,0,,9,5,3,0,,6,3,2,0,,8,5,7,2,0,,2,2,0,,4,8,1,8,1,1,5,1,5,10,9,4,3,3,3,la x,La X,1,2,,,,2,-99,-99,-99,-99,-99,-99,-99,-99,-99,-99,-99,,-99,-99,-99,-99,-99,-99,-99,1,-99,-99,-99,,2,,-99,-99,-99,-99,-99,-99,-99,,2,,-99,-99,-99,-99,-99,-99,-99,,3,16,,3,,2,2,,,3,3,5,2,3,8,2,1,2,2,1,,2,2,0,0,0,1,,18,1,1,2,2,19,,19,,parajesdesanjuan
7926,10,4,1,1,6,,1,No hay ninguna persona en educacion media,,3,No hay ninguna persona en educacion superior,,3,1,1,1,1,1,1,1,2,1,1,1,1,2,1,1,1,-99,-99,1,-99,-99,-99,,-99,4,,5,8,5,10,10,3,8,8,7,8,9,6,7,2,0,,8,5,2,0,,10,3,2,0,,7,7,8,2,0,,6,2,0,,8,8,8,8,8,8,9,9,8,8,8,4,4,4,4,la x,La X,1,1,2,0,1,1,-99,-99,-99,-99,-99,-99,-99,1,-99,-99,-99,,-99,-99,-99,-99,-99,-99,-99,1,-99,-99,-99,,2,,-99,-99,-99,-99,-99,-99,-99,,2,,-99,-99,-99,-99,-99,-99,-99,,2,7,,6,,1,1,fiscalía,injusticia,6,10,8,8,7,7,2,1,1,1,5,,2,2,0,0,0,2,,39,2,2,11,1,19,,19,,parajesdesan juan
7926,10,3,2,2,,,0,,,0,,,0,1,1,1,1,2,2,2,2,2,2,2,2,2,2,1,1,-99,-99,-99,-99,-99,-99,,-99,1,,5,7,6,8,8,6,10,9,10,10,10,3,7,2,0,,7,5,2,0,,10,3,2,0,,7,6,7,2,0,,6,2,0,,8,7,7,8,5,3,6,0,0,5,0,4,3,4,2,los caballos,Monumento Los indomables,0,2,,,,1,-99,-99,-99,1,-99,-99,-99,-99,-99,-99,-99,,1,-99,-99,-99,-99,-99,-99,-99,-99,-99,-99,,2,,-99,-99,-99,-99,-99,-99,-99,,2,,-99,-99,-99,-99,-99,-99,-99,,4,6,,3,,1,2,,,3,5,7,6,7,5,1,1,1,1,5,,2,2,0,0,0,2,,47,3,2,4,2,19,,19,,parajes desan juan
7926,10,4,2,2,,,0,,,0,,,0,1,1,2,2,2,1,2,2,2,2,1,2,2,1,1,1,-99,-99,-99,-99,-99,-99,,-99,1,,10,8,4,2,10,10,5,8,8,8,7,5,5,2,0,,3,5,2,0,,8,3,2,0,,6,2,4,2,0,,1,2,0,,9,2,1,1,9,2,4,0,5,3,2,2,4,1,2,parque central,El Parque Central,1,1,2,0,0,1,-99,-99,-99,1,-99,-99,-99,-99,-99,-99,-99,,-99,-99,-99,-99,-99,-99,-99,1,-99,-99,-99,,2,,-99,-99,-99,-99,-99,-99,-99,,2,,-99,-99,-99,-99,-99,-99,-99,,2,4,,6,,1,1,trancito,soborno,3,2,6,6,6,8,2,1,1,1,2,,2,2,0,0,0,1,,31,2,2,4,1,1,,2,,paraje ee san juan
7926,10,2,2,1,8,,1,7,,2,10,,2,1,2,2,2,2,2,2,2,2,2,2,2,2,2,2,-99,-99,-99,1,-99,-99,-99,,-99,4,,6,6,5,9,10,10,9,9,9,8,8,4,7,2,0,,5,3,2,0,,10,2,2,0,,4,6,4,2,0,,4,2,0,,5,2,2,2,2,3,1,3,1,1,2,4,4,4,1,monumento a Juárez,El monumento a Benito Juárez,1,2,,,,1,-99,-99,-99,-99,-99,1,-99,-99,-99,-99,-99,,-99,-99,-99,-99,-99,1,-99,-99,-99,-99,-99,,2,,-99,-99,-99,-99,-99,-99,-99,,2,,-99,-99,-99,-99,-99,-99,-99,,4,9,,8,,1,2,,,3,2,4,3,5,5,1,1,2,1,5,,2,2,0,0,0,1,,37,2,7,4,1,1,,1,,oarajesee san juan
7926,10,4,3,2,,,0,,,0,,,0,1,1,2,1,2,2,2,2,2,2,2,2,2,2,2,-99,-99,-99,1,-99,-99,-99,,-99,4,,7,6,5,4,6,6,10,9,8,10,10,10,7,2,0,,7,1,2,0,,7,3,3,0,,4,5,6,2,0,,8,2,0,,4,4,3,3,2,2,6,2,2,2,2,4,4,4,4,la casa de Juan Gabriel,La casa de Juan Gabriel,0,2,,,,1,-99,-99,-99,1,-99,-99,-99,-99,-99,-99,-99,,-99,-99,-99,-99,-99,1,-99,-99,-99,-99,-99,,2,,-99,-99,-99,-99,-99,-99,-99,,2,,-99,-99,-99,-99,-99,-99,-99,,3,2,,5,,2,2,,,3,4,6,6,5,7,2,1,2,2,3,,2,2,0,0,0,1,,36,2,2,4,2,19,,19,,paraje desñ san juan
7926,10,3,2,2,,,0,,,0,,,0,1,1,1,1,1,1,2,2,1,1,2,2,2,1,1,1,-99,-99,1,-99,-99,-99,,-99,4,,8,10,7,10,9,10,10,9,8,1,5,1,7,2,0,,8,3,2,0,,10,2,2,0,,5,3,6,2,0,,1,2,0,,4,1,1,1,1,1,0,0,5,5,0,4,4,3,1,la x,La X,1,1,1,1,0,1,-99,-99,-99,1,-99,-99,-99,-99,-99,-99,-99,,-99,-99,-99,-99,-99,-99,-99,1,-99,-99,-99,,2,,-99,-99,-99,-99,-99,-99,-99,,2,,-99,-99,-99,-99,-99,-99,-99,,3,5,,3,,3,2,,,3,11,5,5,2,7,2,2,2,1,5,,2,2,0,0,0,1,,30,2,2,4,1,1,,2,,parajes desan juan
7926,10,4,2,2,,,0,,,0,,,0,1,1,1,1,2,1,2,2,2,2,2,2,2,2,2,1,-99,-99,-99,1,-99,-99,,-99,1,,8,7,9,7,10,10,6,8,7,9,8,10,7,2,0,,9,1,2,0,,9,2,2,0,,5,7,6,2,0,,3,2,0,,8,8,8,8,8,1,9,0,9,9,8,4,4,4,4,benito juarez,El monumento a Benito Juárez,1,2,,,,2,-99,-99,-99,-99,-99,-99,-99,-99,-99,-99,-99,,-99,-99,-99,-99,-99,-99,-99,1,-99,-99,-99,,2,,-99,-99,-99,-99,-99,-99,-99,,2,,-99,-99,-99,-99,-99,-99,-99,,4,7,,2,,1,1,vial,corrupción,3,6,6,4,5,3,2,1,1,2,1,,2,2,0,0,0,1,,45,3,1,4,1,2,,2,,parejes de san juan
7926,10,3,1,2,,,0,,,0,,,0,1,1,2,1,2,2,2,2,2,2,2,2,2,2,1,1,-99,-99,1,-99,-99,-99,,-99,4,,10,10,8,9,10,10,10,10,6,10,10,8,7,2,0,,8,4,2,0,,8,3,2,0,,10,10,10,2,0,,8,2,0,,8,9,8,8,8,6,8,3,8,8,8,2,2,3,3,la catedral,La Catedral,0,2,,,,1,-99,-99,-99,1,-99,-99,-99,-99,1,-99,-99,,-99,-99,-99,-99,-99,1,-99,-99,1,-99,-99,,1,5,-99,1,-99,-99,-99,-99,-99,,2,,-99,-99,-99,-99,-99,-99,-99,,4,5,,2,,1,2,,,3,9,8,8,8,9,1,1,2,2,7,paviento,2,2,0,0,0,1,,28,1,2,6,1,1,,1,,parajesde ssn juan
7926,10,4,2,1,8,,1,No hay ninguna persona en educacion media,,3,No hay ninguna persona en educacion superior,,3,1,1,1,1,2,1,2,2,2,2,2,2,2,1,2,1,-99,1,-99,-99,-99,-99,,-99,1,,7,8,5,9,8,8,8,7,7,8,8,7,7,2,0,,9,5,2,0,,8,3,2,0,,8,8,9,2,0,,6,2,0,,8,10,7,7,6,6,7,0,7,7,6,4,5,5,2,la catedral,La Catedral,1,1,1,0,0,2,-99,-99,-99,-99,-99,-99,-99,-99,-99,-99,-99,,-99,-99,-99,-99,-99,-99,-99,1,-99,-99,-99,,1,7,-99,-99,-99,-99,-99,-99,-99,,2,,-99,-99,-99,-99,-99,-99,-99,,2,5,,15,,1,2,,,3,9,7,7,7,8,2,1,2,2,7,calles,2,2,0,0,0,1,,23,1,1,4,1,1,,2,,parajes de dsn jose
7926,10,1,4,1,No hay ninguna persona en nivel basico,,3,9,,1,No hay ninguna persona en educacion superior,,3,1,2,1,1,2,2,2,2,2,2,2,2,2,1,1,1,-99,-99,1,-99,-99,-99,,-99,1,,6,7,3,3,2,9,8,8,5,9,10,9,6,2,0,,10,5,2,0,,10,3,2,0,,8,10,9,2,0,,1,2,0,,8,8,5,5,5,8,6,2,8,10,9,3,5,4,4,la x,La X,1,2,,,,1,-99,-99,-99,1,-99,-99,-99,-99,-99,-99,-99,,-99,-99,-99,-99,-99,-99,-99,1,-99,-99,-99,,2,,-99,-99,-99,-99,-99,-99,-99,,2,,-99,-99,-99,-99,-99,-99,-99,,3,15,,18,,1,2,,,3,1,6,3,5,10,2,1,1,1,7,pavimentacion y transporte,1,0,1,2,2,2,,58,3,2,6,1,1,,1,,parajes de ssn juan
7926,10,4,2,2,,,0,,,0,,,0,1,2,1,1,1,1,1,2,1,2,2,2,2,1,1,1,-99,-99,-99,-99,-99,-99,,-99,1,,10,10,10,10,10,10,10,10,8,10,10,10,7,2,0,,10,4,2,0,,10,2,2,0,,7,7,8,2,0,,10,2,0,,10,10,1,10,2,2,6,0,0,10,10,3,5,4,4,la x,La X,1,2,,,,1,-99,-99,-99,1,-99,-99,-99,-99,-99,-99,-99,,-99,-99,-99,-99,-99,-99,-99,1,-99,-99,-99,,2,,-99,-99,-99,-99,-99,-99,-99,,2,,-99,-99,-99,-99,-99,-99,-99,,4,10,,7,,1,2,,,3,2,8,8,9,8,2,1,1,1,7,alumbrado,2,2,0,0,0,2,,34,2,2,4,1,1,,2,,parajes de san juan
7926,10,4,2,2,,,0,,,0,,,0,1,1,1,1,2,1,2,1,2,1,2,1,1,1,1,1,-99,-99,-99,-99,-99,-99,,-99,1,,5,8,6,6,6,1,9,10,10,10,10,10,7,2,0,,9,4,1,1,9,10,3,2,0,,8,8,9,2,0,,8,2,0,,10,10,9,9,9,7,10,10,8,10,9,4,3,3,3,la casadejuan,La casa de Juan Gabriel,1,1,2,0,1,1,-99,-99,-99,1,-99,-99,-99,-99,1,1,-99,,-99,-99,-99,-99,-99,-99,-99,1,1,1,-99,,1,8,-99,-99,-99,-99,-99,-99,-99,,1,9,-99,-99,-99,-99,-99,-99,-99,,4,18,,15,,4,2,,,2,9,7,8,8,9,1,1,1,1,7,alumbrado,2,2,0,0,0,1,,37,2,2,6,1,1,,2,,parajesdesan juan
7926,10,2,1,2,,,0,,,0,,,0,1,2,1,1,2,2,2,2,2,2,2,2,2,2,1,1,-99,-99,1,-99,-99,-99,,-99,1,,4,4,4,3,3,10,10,10,5,10,10,10,7,2,0,,3,3,1,2,2,10,3,2,0,,3,3,3,2,0,,3,2,0,,10,11,0,0,0,0,1,1,1,9,1,4,5,5,5,la x,La X,1,2,,,,1,-99,-99,-99,1,-99,-99,-99,-99,-99,-99,-99,,-99,-99,-99,-99,-99,-99,-99,1,-99,-99,-99,,2,,-99,-99,-99,-99,-99,-99,-99,,2,,-99,-99,-99,-99,-99,-99,-99,,4,6,,9,,3,2,,,3,10,10,6,3,10,2,1,1,1,7,pavimentación,2,2,0,0,0,1,,50,3,2,3,1,2,,2,,parajes de ssn juan
7926,10,4,2,1,No hay ninguna persona en nivel basico,,3,8,,1,No hay ninguna persona en educacion superior,,3,1,1,2,2,2,1,2,2,2,2,2,2,2,1,2,1,-99,-99,1,-99,-99,-99,,-99,1,,9,9,6,8,8,3,10,8,9,10,6,8,7,2,0,,8,4,2,0,,8,3,2,0,,7,10,8,2,0,,8,2,0,,9,10,8,9,7,7,10,7,9,6,7,4,2,2,1,la casa de juan Gabriel,La casa de Juan Gabriel,1,1,0,0,3,2,-99,-99,-99,-99,-99,-99,-99,-99,-99,-99,-99,,-99,-99,-99,-99,-99,-99,-99,1,1,-99,-99,,1,8,-99,-99,-99,-99,-99,-99,-99,,2,,-99,-99,-99,-99,-99,-99,-99,,3,5,,19,iluminacion,1,2,,,3,1,8,10,7,8,2,1,2,1,7,baches,2,2,0,0,0,2,,18,1,5,6,1,1,,2,,parajes de dan juan
7926,10,2,2,1,No hay ninguna persona en nivel basico,,3,10,,2,No hay ninguna persona en educacion superior,,3,1,1,1,1,2,1,2,2,2,2,2,1,2,1,1,1,-99,-99,1,-99,-99,-99,,-99,4,,10,10,8,10,10,10,10,6,6,10,10,10,7,2,0,,10,3,2,0,,10,3,2,0,,10,4,6,1,1,10,10,2,0,,8,11,0,0,0,0,5,8,1,8,1,4,2,4,4,lax,La X,1,1,0,0,3,1,-99,-99,-99,1,-99,-99,-99,-99,1,-99,-99,,-99,-99,-99,-99,-99,-99,-99,1,1,-99,-99,,1,6,-99,-99,-99,-99,-99,-99,1,mas transportes,2,,-99,-99,-99,-99,-99,-99,-99,,4,15,,5,,2,2,,,3,2,8,1,10,5,2,1,2,1,7,maliantes,2,2,0,0,0,2,,48,3,2,7,1,5,,5,,parajesce san juam
7926,10,3,1,1,8,,1,No hay ninguna persona en educacion media,,3,No hay ninguna persona en educacion superior,,3,1,1,1,2,2,2,2,2,2,2,2,2,2,2,2,1,-99,-99,-99,1,-99,-99,,-99,5,,10,10,8,10,10,10,10,10,8,10,10,10,7,2,0,,10,5,2,0,,10,3,2,0,,6,10,8,2,0,,1,1,1,5,10,11,0,0,0,0,8,11,11,5,8,1,2,5,3,monumento a benito juarez,El monumento a Benito Juárez,1,1,1,0,1,1,-99,-99,-99,1,-99,-99,-99,-99,-99,-99,-99,,-99,-99,-99,-99,-99,-99,-99,1,-99,-99,-99,,2,,-99,-99,-99,-99,-99,-99,-99,,2,,-99,-99,-99,-99,-99,-99,-99,,3,11,,5,,1,2,,,2,9,7,5,3,8,2,1,1,1,2,,2,2,0,0,0,1,,29,1,2,4,1,2,,3,,pasjes desan juan
7926,10,3,2,1,9,,1,9,,1,No hay ninguna persona en educacion superior,,3,1,1,1,1,2,2,2,2,2,2,2,2,2,2,1,-99,-99,-99,-99,1,-99,-99,,-99,5,,8,10,8,10,8,8,9,9,10,8,10,10,7,2,0,,10,5,2,0,,10,3,2,0,,9,9,7,2,0,,2,2,0,,7,2,7,9,5,6,0,0,9,2,0,4,5,5,2,la x,La X,3,2,,,,1,1,-99,-99,-99,-99,-99,-99,-99,-99,-99,-99,,-99,-99,-99,-99,-99,-99,-99,1,-99,-99,-99,,2,,-99,-99,-99,-99,-99,-99,-99,,2,,-99,-99,-99,-99,-99,-99,-99,,4,15,,5,,1,2,,,3,6,9,5,2,7,2,1,2,2,2,,2,2,0,0,0,2,,43,2,9,2,1,1,,1,,parajes de san juan
7926,10,3,2,1,7,,1,No hay ninguna persona en educacion media,,3,No hay ninguna persona en educacion superior,,3,1,2,1,1,2,2,2,2,2,2,2,2,2,2,2,1,-99,-99,-99,1,-99,-99,,-99,5,,8,9,10,10,10,8,10,10,8,9,9,6,7,2,0,,9,5,2,0,,10,3,2,0,,5,5,5,2,0,,1,2,0,,6,11,0,0,0,0,11,11,5,0,0,2,3,3,3,la x,La X,0,2,,,,1,-99,-99,-99,1,-99,-99,-99,-99,1,1,-99,,1,-99,-99,-99,-99,-99,-99,-99,1,1,-99,,1,2,-99,1,-99,-99,-99,-99,1,que haa mas transporte,1,2,1,-99,-99,-99,-99,-99,-99,,3,5,,7,,1,1,policiq municipal,abusos ee autoridad,3,9,4,5,1,7,1,1,1,1,5,,2,2,0,0,0,2,,33,2,2,6,1,1,,1,,parajes desan jose
7926,10,3,2,2,,,0,,,0,,,0,1,1,1,2,2,2,1,2,2,2,2,2,2,2,1,1,-99,-99,-99,-99,-99,-99,,-99,1,,10,10,10,10,10,5,10,10,10,10,10,10,7,2,0,,5,5,2,0,,10,3,2,0,,10,10,10,2,0,,1,2,0,,10,11,0,0,0,0,0,0,11,5,10,4,4,4,4,plaz las torres,OTRO,1,1,0,0,2,1,-99,-99,-99,1,-99,-99,-99,-99,-99,-99,-99,,-99,-99,-99,-99,-99,-99,-99,1,-99,-99,-99,,2,,-99,-99,-99,-99,-99,-99,-99,,2,,-99,-99,-99,-99,-99,-99,-99,,4,5,,10,,1,2,,,1,1,5,7,5,10,2,1,2,1,2,,2,2,0,0,0,1,,33,2,2,4,1,1,,2,,paaes desan juan
7926,10,1,3,1,6,,1,No hay ninguna persona en educacion media,,3,No hay ninguna persona en educacion superior,,3,1,1,1,1,2,2,2,2,2,2,2,2,2,1,1,1,-99,-99,-99,1,-99,-99,,-99,5,,8,8,7,9,8,8,10,10,10,9,10,5,7,1,2,1,10,5,2,0,,10,3,2,0,,7,7,7,2,0,,4,2,0,,8,6,8,10,10,8,10,11,7,6,5,3,5,3,1,la catedral,La Catedral,2,1,1,0,0,2,-99,-99,-99,-99,-99,-99,-99,-99,-99,-99,-99,,-99,-99,-99,-99,-99,-99,1,1,-99,-99,-99,,2,,-99,-99,-99,-99,-99,-99,-99,,2,,-99,-99,-99,-99,-99,-99,-99,,4,5,,15,,1,1,ine,no me hicieon validp un documento de identidad,1,8,7,4,3,7,2,1,2,2,5,,2,2,0,0,0,2,,31,2,4,6,1,1,,1,,paajes desan juan
7926,10,3,2,1,10,,1,No hay ninguna persona en educacion media,,3,No hay ninguna persona en educacion superior,,3,1,1,1,1,2,2,2,2,1,2,2,2,2,1,1,1,-99,-99,-99,1,-99,-99,,-99,5,,10,10,10,10,10,10,10,10,10,10,10,5,7,2,0,,8,2,2,0,,10,3,2,0,,10,10,10,2,0,,1,2,0,,5,8,10,10,10,8,8,11,8,5,0,4,5,5,5,la x,La X,1,2,,,,2,-99,-99,-99,-99,-99,-99,-99,-99,-99,-99,-99,,-99,-99,-99,-99,-99,-99,-99,1,-99,-99,-99,,2,,-99,-99,-99,-99,-99,-99,-99,,2,,-99,-99,-99,-99,-99,-99,-99,,4,15,,16,,1,2,,,3,9,8,10,1,8,2,1,2,2,6,,2,2,0,0,0,1,,43,2,1,2,1,1,,1,,parajes de san juan
7926,10,3,2,1,5,,1,No hay ninguna persona en educacion media,,3,No hay ninguna persona en educacion superior,,3,1,1,1,1,2,1,2,2,2,2,2,2,2,2,2,1,-99,-99,-99,-99,-99,-99,,-99,1,,6,10,5,5,5,2,10,10,10,10,8,3,7,2,0,,10,3,2,0,,10,3,2,0,,10,10,10,2,0,,4,2,0,,10,5,10,10,10,10,10,0,10,5,0,3,4,4,4,la x,La X,0,2,,,,1,-99,-99,-99,1,-99,-99,-99,-99,1,-99,-99,,-99,-99,-99,-99,-99,-99,-99,-99,1,-99,-99,,1,7,-99,-99,-99,-99,-99,-99,-99,,2,,-99,-99,-99,-99,-99,-99,-99,,4,9,,5,,1,2,,,3,2,8,10,7,7,2,1,2,2,1,,2,2,0,0,0,1,,38,2,2,4,1,1,,1,,paajes de san juan
7983,10,2,2,1,No hay ninguna persona en nivel basico,,3,No hay ninguna persona en educacion media,,3,9,,1,1,1,1,1,2,2,2,2,1,2,2,1,1,1,1,1,-99,-99,1,-99,-99,-99,,-99,1,,7,8,3,5,10,10,10,10,9,10,10,10,7,2,0,,8,5,2,0,,10,3,2,0,,10,10,10,2,0,,10,2,0,,8,10,9,6,9,9,8,6,10,8,0,3,2,2,2,la x,La X,0,2,,,,1,-99,-99,-99,1,-99,-99,-99,-99,1,-99,-99,,-99,-99,-99,-99,-99,1,-99,-99,1,-99,-99,,1,7,-99,-99,-99,-99,-99,-99,-99,,2,,-99,-99,-99,-99,-99,-99,-99,,2,9,,15,,3,2,,,3,6,6,3,8,9,2,1,1,1,2,,2,2,0,0,0,1,,58,3,2,2,1,1,,2,,urbi villa
7983,10,4,2,2,,,0,,,0,,,0,1,1,1,1,2,2,2,2,1,2,2,2,2,1,1,-99,-99,-99,-99,-99,-99,-99,,1,8,,10,10,9,10,10,3,10,8,8,10,10,8,7,2,0,,10,5,2,0,,10,3,2,0,,8,10,10,2,0,,10,2,0,,10,10,10,10,10,10,10,2,10,8,8,2,4,4,4,la x,La X,1,2,,,,1,-99,-99,-99,-99,-99,-99,1,-99,1,1,-99,,-99,-99,-99,-99,-99,-99,1,1,1,1,-99,,1,8,-99,-99,-99,-99,-99,-99,-99,,1,8,-99,-99,-99,-99,-99,-99,-99,,4,15,,5,,3,2,,,3,9,8,8,8,3,2,1,2,2,7,drenaje,2,2,0,0,0,1,,23,1,9,4,1,2,,2,,urbi villa
7983,10,4,1,2,,,0,,,0,,,0,1,1,1,1,2,2,2,2,2,2,2,2,2,1,1,1,-99,-99,1,-99,-99,-99,,-99,1,,2,2,2,10,10,10,10,10,10,10,10,10,7,2,0,,10,5,2,0,,10,3,2,0,,10,10,8,2,0,,7,2,0,,10,10,10,10,10,10,10,1,6,10,1,4,5,5,4,lax,La X,2,2,,,,1,-99,-99,-99,1,-99,-99,-99,-99,-99,-99,-99,,-99,-99,-99,-99,-99,-99,-99,1,-99,-99,-99,,2,,-99,-99,-99,-99,-99,-99,-99,,2,,-99,-99,-99,-99,-99,-99,-99,,4,11,,4,,2,2,,,5,6,10,4,8,8,2,1,2,1,7,perros,2,2,0,0,0,2,,42,2,2,4,1,1,,2,,urbi villa
7983,10,3,2,1,10,,1,No hay ninguna persona en educacion media,,3,No hay ninguna persona en educacion superior,,3,1,1,1,1,2,1,2,1,2,2,1,1,2,2,1,1,-99,-99,-99,1,-99,-99,,-99,1,,9,10,3,7,10,6,10,10,10,9,10,10,7,2,0,,9,5,1,1,9,10,3,2,0,,9,9,10,2,0,,10,2,0,,10,10,8,10,9,10,10,2,10,10,2,2,5,5,5,la x,La X,1,2,,,,2,-99,-99,-99,-99,-99,-99,-99,-99,-99,-99,-99,,-99,-99,-99,-99,-99,-99,-99,1,1,-99,-99,,1,7,-99,-99,-99,-99,-99,-99,-99,,2,,-99,-99,-99,-99,-99,-99,-99,,4,13,,5,,1,2,,,5,9,7,6,5,1,2,1,1,1,7,alumbrado,2,2,0,0,0,1,,18,1,1,4,1,1,,4,,urbi villa
7983,10,5,1,2,,,0,,,0,,,0,1,1,1,1,1,1,2,1,2,1,2,2,2,1,2,1,-99,-99,1,-99,-99,-99,,-99,1,,1,5,1,2,1,5,10,7,5,8,10,1,7,1,2,1,10,4,2,0,,8,3,2,0,,8,8,8,2,0,,5,2,0,,10,10,9,10,10,10,10,7,8,9,7,4,5,5,5,la x,La X,1,2,,,,1,-99,-99,-99,-99,-99,-99,-99,1,1,1,-99,,-99,-99,-99,-99,-99,-99,-99,1,1,1,-99,,1,7,-99,-99,-99,-99,-99,-99,-99,,1,10,-99,-99,-99,-99,-99,-99,-99,,4,5,,2,,1,2,,,3,9,7,8,7,7,1,1,2,1,7,drrsje,2,2,0,0,0,2,,27,1,3,6,1,2,,2,,villa utbi
7983,10,3,2,1,10,,1,No hay ninguna persona en educacion media,,3,No hay ninguna persona en educacion superior,,3,1,1,1,1,2,2,2,2,2,2,2,2,2,2,1,1,-99,-99,1,1,-99,-99,,-99,1,,6,7,3,5,10,6,10,10,10,10,10,10,7,2,0,,10,4,2,0,,10,3,2,0,,10,10,9,2,0,,10,2,0,,6,10,10,10,6,10,8,3,10,10,7,3,5,2,2,la catedral,La Catedral,0,1,1,0,0,2,-99,-99,-99,-99,-99,-99,-99,-99,-99,-99,-99,,-99,-99,-99,-99,-99,-99,-99,-99,1,-99,-99,,1,10,-99,-99,-99,-99,-99,-99,-99,,1,10,-99,-99,-99,-99,-99,-99,-99,,4,7,,8,,4,2,,,5,9,6,8,9,10,2,1,2,1,7,perros,2,2,0,0,0,1,,40,2,1,4,1,1,,2,,villa urbi
7983,10,3,2,2,,,0,,,0,,,0,1,2,1,1,2,2,2,2,1,2,2,2,2,2,1,1,-99,-99,-99,-99,-99,-99,,-99,1,,8,10,3,10,8,10,10,10,10,10,10,10,7,2,0,,10,4,2,0,,10,3,2,0,,10,10,8,2,0,,10,2,0,,7,10,10,10,10,10,10,0,10,10,10,4,3,3,3,hotel maria bonita,Hotel Maria Bonita,0,2,,,,2,-99,-99,-99,-99,-99,-99,-99,-99,-99,-99,-99,,-99,-99,-99,-99,-99,-99,-99,-99,1,-99,-99,,1,4,1,1,1,1,-99,-99,-99,,2,,-99,-99,-99,-99,-99,-99,-99,,4,5,,7,,3,2,,,3,2,10,10,4,8,2,1,2,2,7,perros,2,2,0,0,0,1,,62,4,1,2,1,1,,1,,villa urbi
7983,10,4,4,1,8,,1,No hay ninguna persona en educacion media,,3,No hay ninguna persona en educacion superior,,3,1,2,1,2,2,2,2,2,2,2,2,2,2,2,1,1,-99,-99,-99,-99,-99,-99,,-99,1,,8,8,1,5,7,1,5,5,5,10,10,8,7,2,0,,8,5,2,0,,8,3,2,0,,6,6,6,2,0,,8,2,0,,3,9,9,9,9,9,9,1,10,10,7,1,5,2,2,el centro,El centro,0,2,,,,1,-99,-99,-99,1,-99,-99,-99,-99,1,-99,-99,,-99,-99,-99,-99,-99,-99,-99,-99,1,-99,-99,,1,5,-99,1,1,-99,-99,-99,-99,,2,,-99,-99,-99,-99,-99,-99,-99,,2,1,,5,,3,2,,,2,9,1,5,5,2,2,1,2,2,7,alumbrado,2,2,0,0,0,1,,41,2,2,4,1,1,,1,,urbivilla
7983,10,1,3,2,,,0,,,0,,,0,1,1,1,2,2,2,2,2,2,2,2,2,2,2,1,1,-99,-99,1,-99,-99,-99,,-99,1,,4,9,2,2,2,6,8,5,5,10,10,9,7,2,0,,10,5,2,0,,8,2,2,0,,4,4,10,2,0,,10,2,0,,10,7,10,10,10,8,10,2,10,8,0,3,5,5,3,la x,La X,1,2,,,,1,-99,-99,-99,1,-99,-99,-99,-99,1,-99,-99,,-99,-99,-99,-99,-99,-99,-99,1,1,-99,-99,,1,4,-99,-99,-99,1,1,-99,-99,,2,,-99,-99,-99,-99,-99,-99,-99,,4,5,,3,,1,2,,,3,9,8,5,5,5,1,1,1,1,7,alumbrado,2,2,0,0,0,1,,53,3,2,6,1,1,,2,,urbi villa
7983,10,2,3,2,,,0,,,0,,,0,2,2,2,1,2,2,2,2,2,2,2,2,2,2,2,1,-99,-99,-99,-99,-99,-99,,-99,1,,8,9,4,8,10,5,9,7,9,10,7,9,7,2,0,,9,5,2,0,,10,3,2,0,,10,10,7,2,0,,4,2,0,,8,6,4,6,5,5,8,11,11,8,10,4,3,2,3,catedral,La Catedral,3,2,,,,1,-99,-99,-99,-99,-99,-99,-99,1,-99,-99,-99,,-99,-99,-99,-99,-99,-99,-99,1,-99,-99,-99,,2,,-99,-99,-99,-99,-99,-99,-99,,2,,-99,-99,-99,-99,-99,-99,-99,,4,6,,7,,3,2,,,4,1,3,4,1,2,2,1,2,1,1,,2,2,0,0,0,2,,63,4,8,4,1,2,,2,,real del desierto
7983,10,2,1,2,,,0,,,0,,,0,2,2,2,2,2,1,2,2,2,2,2,2,2,2,2,1,-99,-99,-99,-99,-99,-99,,-99,1,,8,7,9,8,6,9,9,6,9,10,9,6,7,2,0,,9,5,2,0,,9,3,2,0,,9,8,7,2,0,,8,2,0,,8,3,7,6,6,6,5,11,5,10,9,2,4,3,3,la x,La X,1,2,,,,1,-99,-99,-99,-99,-99,1,-99,-99,-99,-99,-99,,-99,-99,-99,-99,-99,-99,-99,1,-99,-99,-99,,2,,-99,-99,-99,-99,-99,-99,-99,,2,,-99,-99,-99,-99,-99,-99,-99,,3,2,,6,,1,2,,,4,2,4,5,6,7,2,1,2,1,1,,2,2,0,0,0,1,,20,1,2,4,1,2,,19,,desierto de
7983,10,3,1,2,,,0,,,0,,,0,2,2,1,2,2,2,2,2,2,2,2,2,2,2,2,1,-99,-99,-99,-99,-99,-99,,-99,1,,3,4,1,1,1,1,5,7,9,10,5,9,7,2,0,,9,5,2,0,,9,2,2,0,,10,5,4,2,0,,1,2,0,,1,3,6,6,6,6,5,11,8,4,6,4,3,3,3,la x,La X,2,2,,,,1,-99,-99,-99,-99,-99,-99,-99,1,-99,-99,-99,,-99,-99,-99,-99,-99,-99,-99,1,-99,-99,-99,,2,,-99,-99,-99,-99,-99,-99,-99,,2,,-99,-99,-99,-99,-99,-99,-99,,3,7,,5,,1,2,,,3,2,4,6,7,7,2,1,2,2,1,,2,2,0,0,0,2,,46,3,2,8,1,2,,2,,real del desierto
7983,10,4,2,2,,,0,,,0,,,0,2,2,1,2,2,2,2,2,2,2,2,2,2,2,2,1,-99,-99,-99,-99,-99,-99,,-99,1,,8,5,8,6,6,7,9,6,9,9,6,7,7,2,0,,9,5,2,0,,10,3,2,0,,7,9,8,2,0,,5,2,0,,8,3,6,7,8,7,8,11,11,9,6,4,3,3,3,catedral,La Catedral,0,2,,,,2,-99,-99,-99,-99,-99,-99,-99,-99,-99,-99,-99,,-99,-99,-99,-99,-99,-99,-99,-99,-99,-99,1,SE RESERVA,2,,-99,-99,-99,-99,-99,-99,-99,,2,,-99,-99,-99,-99,-99,-99,-99,,3,2,,6,,1,2,,,3,2,1,2,1,5,2,1,2,1,1,,2,2,0,0,0,2,,68,4,8,2,1,2,,2,,real del desierto
7983,10,2,3,2,,,0,,,0,,,0,2,2,2,1,2,2,2,2,2,2,2,2,2,2,2,-99,-99,-99,1,-99,-99,-99,,-99,4,,8,8,7,9,7,7,6,9,5,7,8,9,7,2,0,,9,5,2,0,,9,3,2,0,,9,10,8,2,0,,7,2,0,,9,7,6,3,3,3,7,11,11,6,9,4,3,3,3,catedral,La Catedral,0,2,,,,1,-99,-99,-99,-99,-99,1,-99,-99,-99,-99,-99,,1,-99,-99,-99,-99,-99,-99,-99,-99,-99,-99,,2,,-99,-99,-99,-99,-99,-99,-99,,2,,-99,-99,-99,-99,-99,-99,-99,,3,2,,9,,3,2,,,3,2,1,4,5,7,2,1,2,1,1,,2,2,0,0,0,2,,62,4,4,6,1,1,,1,,real del desierto
7983,10,4,2,1,9,,1,No hay ninguna persona en educacion media,,3,No hay ninguna persona en educacion superior,,3,2,2,2,1,2,2,2,2,2,2,2,2,2,2,2,1,-99,-99,-99,-99,-99,-99,,-99,1,,7,6,4,5,7,3,9,10,6,4,10,9,7,2,0,,10,5,2,0,,10,3,2,0,,8,10,8,2,0,,10,2,0,,8,3,6,6,6,6,10,11,10,10,10,4,3,3,3,la x,La X,1,2,,,,1,1,-99,-99,-99,-99,-99,-99,-99,-99,-99,-99,,-99,-99,-99,-99,-99,-99,-99,1,-99,-99,-99,,2,,-99,-99,-99,-99,-99,-99,-99,,2,,-99,-99,-99,-99,-99,-99,-99,,4,2,,6,,1,2,,,3,2,1,4,5,4,2,1,2,2,1,,2,2,0,0,0,1,,39,2,9,4,1,1,,3,,real del desierto
7983,10,2,3,1,No hay ninguna persona en nivel basico,,3,9,,1,No hay ninguna persona en educacion superior,,3,2,1,2,2,2,2,2,2,2,2,2,2,2,2,2,-99,-99,-99,1,-99,-99,-99,,-99,4,,8,9,10,8,7,10,8,5,7,9,8,9,7,2,0,,10,5,2,0,,10,3,2,0,,10,9,7,2,0,,4,2,0,,8,5,6,6,6,6,7,11,8,7,6,2,3,3,3,catedral,La Catedral,1,2,,,,1,-99,-99,-99,-99,-99,-99,-99,1,-99,-99,-99,,-99,-99,-99,-99,-99,-99,-99,1,-99,-99,-99,,2,,-99,-99,-99,-99,-99,-99,-99,,2,,-99,-99,-99,-99,-99,-99,-99,,4,5,,9,,1,2,,,4,2,5,5,2,7,2,1,2,1,6,,2,2,0,0,0,2,,48,3,9,4,1,1,,1,,real de desierto
7983,10,3,2,1,9,,1,No hay ninguna persona en educacion media,,3,No hay ninguna persona en educacion superior,,3,2,2,2,2,2,1,2,2,2,2,2,2,2,2,2,-99,-99,-99,-99,-99,-99,1,SENDEROS DEL SOL,-99,7,SENDEROS DEL SOL,8,8,8,8,6,9,9,6,9,10,9,9,7,2,0,,9,5,2,0,,9,3,2,0,,9,8,8,2,0,,7,2,0,,8,3,6,6,6,6,7,11,11,8,8,4,3,2,3,la x,La X,0,2,,,,2,-99,-99,-99,-99,-99,-99,-99,-99,-99,-99,-99,,-99,-99,-99,-99,-99,-99,-99,-99,-99,-99,1,SE RESERVA,2,,-99,-99,-99,-99,-99,-99,-99,,2,,-99,-99,-99,-99,-99,-99,-99,,3,2,,6,,1,2,,,3,2,8,4,2,2,2,1,2,1,2,,2,2,0,0,0,1,,27,1,1,5,1,1,,1,,real del desierto
7983,10,3,1,2,,,0,,,0,,,0,2,2,1,2,2,2,2,2,2,2,2,2,2,2,2,-99,-99,-99,1,-99,-99,-99,,-99,4,,7,9,10,10,8,7,10,5,6,10,5,9,7,2,0,,10,5,2,0,,10,3,2,0,,9,10,8,2,0,,5,2,0,,7,2,6,4,6,6,8,11,7,7,9,4,3,3,3,la x,La X,1,2,,,,1,-99,-99,-99,-99,-99,-99,-99,1,-99,-99,-99,,-99,-99,-99,-99,-99,-99,-99,1,-99,-99,-99,,2,,-99,-99,-99,-99,-99,-99,-99,,2,,-99,-99,-99,-99,-99,-99,-99,,4,5,,6,,1,2,,,3,2,4,5,5,6,1,1,2,2,6,,2,2,0,0,0,2,,36,2,2,4,1,1,,1,,real del desierto
7983,10,5,2,1,10,,1,No hay ninguna persona en educacion media,,3,No hay ninguna persona en educacion superior,,3,1,1,1,1,2,1,2,2,2,1,2,2,2,2,2,1,-99,-99,-99,-99,-99,-99,,-99,1,,10,10,10,10,10,10,10,10,10,10,10,10,7,2,0,,10,4,2,0,,10,3,2,0,,10,10,10,2,0,,10,2,0,,10,10,10,10,10,8,10,11,10,9,5,4,5,5,5,la x,La X,1,1,2,0,2,1,-99,-99,-99,1,-99,-99,-99,-99,-99,-99,-99,,-99,-99,-99,-99,-99,-99,-99,1,-99,-99,-99,,2,,-99,-99,-99,-99,-99,-99,-99,,2,,-99,-99,-99,-99,-99,-99,-99,,4,5,,2,,1,2,,,3,9,8,5,5,8,2,2,2,2,6,,2,2,0,0,0,2,,29,1,2,4,1,1,,1,,urbi villas del prado dos
7983,10,4,2,1,8,,1,8,,1,8,,1,1,1,2,2,2,2,2,2,1,2,2,1,2,2,1,1,-99,-99,-99,-99,-99,-99,,-99,1,,8,8,9,9,9,8,10,10,8,9,10,5,7,1,1,8,8,4,2,0,,9,3,2,0,,5,8,7,2,0,,2,2,0,,7,8,7,8,8,8,8,7,11,7,7,3,5,5,1,monumento a benito juarez,El monumento a Benito Juárez,1,1,3,0,3,1,-99,-99,-99,1,-99,-99,-99,-99,-99,-99,-99,,-99,-99,-99,-99,-99,-99,-99,1,-99,-99,-99,,2,,-99,-99,-99,-99,-99,-99,-99,,2,,-99,-99,-99,-99,-99,-99,-99,,2,5,,1,,1,2,,,1,9,5,5,5,5,2,1,2,2,2,,2,2,0,0,0,1,,40,2,2,4,1,2,,5,,urbi villa del prado
7983,10,2,2,1,10,,1,No hay ninguna persona en educacion media,,3,No hay ninguna persona en educacion superior,,3,1,1,1,1,2,1,2,2,2,2,2,1,2,1,2,-99,-99,-99,1,-99,-99,-99,,-99,4,,9,10,10,10,10,10,10,10,10,10,8,8,7,2,0,,9,3,2,0,,10,3,2,0,,10,10,8,2,0,,8,2,0,,9,10,10,10,8,6,9,0,9,7,8,3,4,4,4,la x,La X,0,1,1,0,0,2,-99,-99,-99,-99,-99,-99,-99,-99,-99,-99,-99,,-99,-99,-99,-99,-99,1,-99,-99,-99,-99,-99,,2,,-99,-99,-99,-99,-99,-99,-99,,2,,-99,-99,-99,-99,-99,-99,-99,,4,16,,5,,1,2,,,5,9,10,9,8,9,1,1,2,2,6,,2,2,0,0,0,1,,22,1,1,4,1,1,,1,,urbivila del prado dos
7983,10,3,3,2,,,0,,,0,,,0,2,1,1,2,2,2,2,2,2,2,2,2,2,2,1,1,-99,-99,-99,-99,-99,-99,,-99,1,,5,8,6,3,3,1,9,8,7,8,9,9,7,2,0,,8,3,2,0,,9,3,2,0,,8,7,9,2,0,,5,2,0,,8,2,6,7,9,1,5,11,8,5,8,4,5,3,3,la x,La X,1,2,,,,2,-99,-99,-99,-99,-99,-99,-99,-99,-99,-99,-99,,-99,-99,-99,-99,-99,1,-99,-99,-99,-99,-99,,2,,-99,-99,-99,-99,-99,-99,-99,,2,,-99,-99,-99,-99,-99,-99,-99,,3,5,,2,,1,2,,,3,9,10,6,7,8,1,2,2,2,1,,2,2,0,0,0,2,,57,3,4,3,2,19,,19,,urbi villas del prado dos
7983,10,5,1,2,,,0,,,0,,,0,1,1,1,1,2,1,2,1,2,2,2,2,2,2,2,1,-99,-99,-99,-99,-99,-99,,-99,1,,8,8,5,1,5,8,10,10,8,10,10,10,7,2,0,,10,3,1,1,10,10,3,2,0,,10,10,9,2,0,,10,2,0,,10,10,10,10,10,9,10,11,7,9,9,4,5,5,2,chamizal,El Chamizal,1,2,,,,2,-99,-99,-99,-99,-99,-99,-99,-99,-99,-99,-99,,-99,-99,-99,-99,-99,1,-99,-99,-99,-99,-99,,1,10,-99,-99,-99,-99,-99,-99,-99,,2,,-99,-99,-99,-99,-99,-99,-99,,4,7,,5,,1,2,,,2,9,10,5,5,10,2,1,2,1,1,,2,2,0,0,0,1,,38,2,2,6,1,1,,3,,urbi villa del prado dos
7983,10,3,2,1,9,,1,9,,1,9,,1,1,1,1,1,2,1,2,1,2,2,1,2,2,1,2,-99,-99,-99,1,-99,-99,-99,,-99,4,,9,9,9,10,9,6,9,8,8,9,9,9,7,2,0,,9,4,2,0,,8,3,2,0,,9,9,7,2,0,,7,2,0,,8,8,9,9,9,9,8,11,8,9,8,3,5,5,2,catedral,La Catedral,1,1,1,0,0,1,-99,-99,-99,-99,-99,-99,-99,-99,1,-99,-99,,-99,-99,-99,-99,-99,-99,-99,1,1,-99,-99,,1,8,-99,-99,-99,-99,-99,-99,-99,,2,,-99,-99,-99,-99,-99,-99,-99,,4,5,,7,,1,2,,,3,9,9,9,8,9,2,2,1,1,1,,2,2,0,0,0,1,,38,2,1,4,1,1,,2,,urbi villa del prado dos
7983,10,3,2,1,8,,1,9,,1,8,,1,1,1,1,2,2,2,2,2,2,2,2,1,2,1,2,1,-99,-99,-99,-99,-99,-99,,-99,1,,6,7,2,5,5,3,9,7,8,8,10,7,7,2,0,,9,5,2,0,,8,3,2,0,,5,6,7,2,0,,8,2,0,,9,4,5,5,5,4,5,11,10,7,1,4,4,4,3,catedral,La Catedral,1,2,,,,2,-99,-99,-99,-99,-99,-99,-99,-99,-99,-99,-99,,-99,-99,-99,-99,-99,1,-99,1,-99,-99,-99,,2,,-99,-99,-99,-99,-99,-99,-99,,2,,-99,-99,-99,-99,-99,-99,-99,,4,2,,6,,1,2,,,3,9,7,4,4,9,2,1,2,2,1,,2,2,0,0,0,1,,44,2,1,2,1,1,,2,,urbi villas del prado
7983,10,3,2,1,7,,1,10,,1,No hay ninguna persona en educacion superior,,3,1,2,1,1,2,1,2,2,2,2,2,2,2,2,1,1,-99,-99,-99,-99,-99,-99,,-99,1,,7,7,5,5,5,7,10,10,7,10,7,7,7,2,0,,7,4,2,0,,7,3,2,0,,7,8,7,2,0,,7,2,0,,7,5,5,6,7,7,7,0,7,7,11,3,1,2,3,la x,La X,0,2,,,,1,-99,-99,-99,-99,-99,-99,-99,-99,1,-99,-99,,-99,-99,-99,-99,-99,-99,-99,-99,1,-99,-99,,1,8,-99,-99,-99,-99,-99,-99,-99,,2,,-99,-99,-99,-99,-99,-99,-99,,2,5,,9,,2,2,,,4,9,8,8,7,7,2,1,1,1,6,,2,2,0,0,0,1,,52,3,1,2,1,1,,1,,urbi villas del cedro dos
7983,10,2,3,2,,,0,,,0,,,0,1,1,1,1,2,1,2,2,2,2,2,1,2,1,1,1,-99,-99,-99,-99,-99,-99,,-99,1,,8,7,8,4,8,7,8,10,10,8,9,7,7,2,0,,10,4,2,0,,9,3,2,0,,7,6,6,2,0,,9,2,0,,9,8,4,5,5,3,5,11,9,5,4,3,3,3,3,catedral,La Catedral,2,2,,,,1,-99,-99,-99,-99,-99,-99,-99,1,-99,-99,-99,,-99,-99,-99,-99,-99,-99,-99,1,-99,-99,-99,,2,,-99,-99,-99,-99,-99,-99,-99,,2,,-99,-99,-99,-99,-99,-99,-99,,3,2,,9,,3,2,,,2,1,8,6,4,8,2,2,2,1,5,,2,2,0,0,0,2,,38,2,2,6,1,2,,3,,urbi villas del cedro dos
7983,10,3,2,2,,,0,,,0,,,0,1,1,1,1,2,1,2,2,2,2,2,2,2,2,1,1,-99,-99,1,-99,-99,-99,,-99,4,,9,9,10,10,10,10,10,10,7,8,9,5,7,2,0,,10,3,1,1,8,10,3,2,0,,8,8,5,2,0,,4,2,0,,10,10,8,9,9,8,10,10,11,6,0,4,2,2,3,la x,La X,1,2,,,,1,-99,-99,-99,1,-99,-99,-99,1,-99,-99,-99,,-99,-99,-99,-99,-99,-99,-99,1,-99,-99,-99,,2,,-99,-99,-99,-99,-99,-99,-99,,2,,-99,-99,-99,-99,-99,-99,-99,,3,10,,5,,1,2,,,3,1,6,5,5,10,1,1,1,1,5,,2,2,0,0,0,2,,30,2,2,6,1,1,,2,,urvi villas del prado
7983,10,3,2,1,8,,1,No hay ninguna persona en educacion media,,3,No hay ninguna persona en educacion superior,,3,1,1,1,1,2,2,2,2,2,2,2,2,2,2,1,1,-99,-99,-99,1,-99,-99,,-99,5,,9,8,5,9,8,9,5,5,5,8,3,3,7,2,0,,9,3,2,0,,9,3,2,0,,8,8,8,2,0,,5,2,0,,8,6,6,6,5,5,6,0,7,5,0,2,2,2,2,no conozco,NINGUNO,0,1,0,0,1,2,-99,-99,-99,-99,-99,-99,-99,-99,-99,-99,-99,,-99,-99,-99,-99,-99,1,-99,-99,1,-99,-99,,1,7,-99,-99,-99,-99,-99,-99,1,me queda lejos  y hay pocos camiones va llena,2,,-99,-99,-99,-99,-99,-99,-99,,3,5,,1,,1,2,,,2,9,5,3,1,1,2,1,2,2,2,,2,2,0,0,0,2,,29,1,4,4,1,1,,1,,urvi villa del prado
7983,10,3,1,2,,,0,,,0,,,0,1,1,1,1,2,2,2,2,2,2,2,2,2,2,1,1,-99,-99,-99,-99,-99,-99,,-99,1,,7,7,5,4,5,6,10,10,10,10,10,8,7,2,0,,10,5,2,0,,10,3,2,0,,6,8,5,2,0,,6,2,0,,8,8,10,10,6,10,9,11,8,8,8,4,3,5,5,lq x,La X,0,1,1,0,1,1,-99,-99,-99,1,-99,-99,-99,-99,1,-99,-99,,-99,-99,-99,-99,-99,-99,-99,-99,1,-99,-99,,1,6,1,1,-99,1,1,-99,-99,,2,,-99,-99,-99,-99,-99,-99,-99,,3,5,,7,,1,2,,,3,9,8,8,6,8,2,1,2,2,2,,2,2,0,0,0,2,,52,3,2,4,1,1,,1,,urbi villas del prado
7983,10,4,2,1,No hay ninguna persona en nivel basico,,3,No hay ninguna persona en educacion media,,3,8,,2,1,1,1,1,2,1,2,2,2,2,2,2,2,2,1,1,-99,-99,1,-99,-99,-99,,-99,4,,8,10,7,8,8,8,9,8,9,8,8,7,7,2,0,,9,2,2,0,,10,3,2,0,,8,8,8,2,0,,7,2,0,,8,8,8,8,9,7,7,0,7,7,5,3,4,5,3,parqu central,El Parque Central,0,2,,,,1,-99,-99,-99,-99,-99,-99,-99,-99,1,1,-99,,-99,-99,-99,-99,-99,1,-99,-99,1,1,-99,,1,5,1,1,-99,1,1,-99,1,llenan mucho la unidad,1,8,-99,-99,-99,-99,-99,-99,-99,,4,16,,15,,1,2,,,3,9,5,5,5,7,1,1,1,1,5,,2,2,0,0,0,1,,39,2,2,4,1,2,,4,,urvi villa del prado
7983,10,4,2,1,7,,1,No hay ninguna persona en educacion media,,3,No hay ninguna persona en educacion superior,,3,1,1,1,1,2,1,2,2,2,1,2,2,2,2,2,1,-99,-99,-99,1,-99,-99,,-99,5,,8,6,5,8,8,7,10,10,8,8,6,5,7,1,1,7,9,5,2,0,,10,3,2,0,,5,8,7,2,0,,2,2,0,,7,8,8,8,9,9,8,11,7,7,8,4,5,5,5,la x,La X,2,1,2,0,0,1,-99,-99,-99,1,-99,-99,-99,-99,-99,-99,-99,,-99,-99,-99,-99,-99,-99,-99,1,-99,-99,-99,,2,,-99,-99,-99,-99,-99,-99,-99,,2,,-99,-99,-99,-99,-99,-99,-99,,4,15,,19,el gobrrno,1,2,,,3,2,8,7,6,7,2,2,2,2,2,,2,2,0,0,0,2,,34,2,2,6,1,1,,2,,urvi villas del prado
7983,10,3,2,2,,,0,,,0,,,0,1,2,1,1,2,2,2,2,2,2,2,2,2,2,2,1,-99,-99,1,-99,-99,-99,,-99,4,,5,5,7,8,8,9,6,7,3,8,5,5,7,2,0,,5,3,1,1,8,8,2,2,0,,7,7,7,2,0,,8,2,0,,7,5,8,7,8,8,9,0,7,8,0,2,4,2,2,no conosco,NINGUNO,1,2,,,,1,-99,-99,-99,1,-99,-99,-99,-99,1,-99,-99,,-99,-99,-99,-99,-99,1,-99,1,1,-99,-99,,1,8,-99,-99,-99,-99,-99,-99,-99,,2,,-99,-99,-99,-99,-99,-99,-99,,3,4,,5,,1,2,,,2,1,8,3,6,7,1,1,2,1,6,,2,2,0,0,0,1,,23,1,2,6,1,1,,1,,urbi villas del prado 2
7983,10,3,1,1,No hay ninguna persona en nivel basico,,3,10,,1,No hay ninguna persona en educacion superior,,3,1,1,1,1,2,2,2,2,2,2,2,2,2,1,1,1,-99,-99,-99,-99,-99,-99,,-99,1,,8,8,5,6,7,8,10,10,10,10,10,10,7,2,0,,10,5,2,0,,10,3,2,0,,10,10,8,2,0,,5,2,0,,9,11,0,0,0,0,9,11,0,10,10,4,4,4,4,el chamizal,El Chamizal,1,1,1,0,0,1,-99,-99,-99,-99,-99,-99,-99,-99,1,1,-99,,-99,-99,-99,-99,-99,-99,-99,1,1,1,-99,,1,9,-99,-99,-99,-99,-99,-99,-99,,1,9,-99,-99,-99,-99,-99,-99,-99,,4,15,,5,,1,1,la policia municipal,me quitaron dinero 2500 pesos,2,5,9,9,8,8,2,2,2,2,1,,2,2,0,0,0,2,,52,3,2,4,1,1,,1,,urvivillasdel prado
7983,10,4,1,1,9,,1,No hay ninguna persona en educacion media,,3,No hay ninguna persona en educacion superior,,3,1,1,1,1,2,2,2,2,2,2,2,2,2,2,1,1,-99,-99,1,-99,-99,-99,,-99,4,,8,8,5,9,9,9,9,10,8,5,8,6,7,2,0,,8,5,2,0,,9,3,2,0,,8,8,7,2,0,,6,2,0,,8,6,7,9,9,9,9,0,8,9,8,4,1,1,1,el umbral,Umbral del milenio,1,1,2,0,1,1,-99,-99,-99,1,-99,-99,-99,-99,1,1,-99,,-99,-99,-99,-99,-99,-99,-99,1,1,1,-99,,1,7,-99,-99,-99,-99,-99,-99,-99,,1,8,-99,-99,-99,-99,-99,-99,-99,,4,18,,16,,3,2,,,2,9,8,5,7,8,1,1,1,1,1,,2,2,0,0,0,1,,36,2,2,4,1,1,,2,,urvi villa del prado 2
7983,10,3,2,2,,,0,,,0,,,0,1,1,1,1,2,1,2,2,2,2,2,2,2,2,1,-99,-99,-99,1,-99,-99,-99,,-99,4,,8,8,9,7,8,9,7,8,6,6,4,4,7,2,0,,9,5,2,0,,9,2,2,0,,3,5,5,2,0,,6,2,0,,7,2,4,2,2,5,5,3,5,5,4,4,2,4,1,la x,La X,1,2,,,,1,-99,-99,-99,1,-99,-99,-99,-99,-99,-99,-99,,-99,-99,-99,-99,-99,-99,-99,1,-99,-99,-99,,2,,-99,-99,-99,-99,-99,-99,-99,,2,,-99,-99,-99,-99,-99,-99,-99,,3,3,,5,,1,2,,,3,3,8,6,6,10,2,1,1,2,6,,2,2,0,0,0,1,,41,2,2,2,2,19,,19,,urvivilla de el orado 2
7983,10,3,2,1,9,,1,10,,1,No hay ninguna persona en educacion superior,,3,1,1,2,1,2,2,2,2,2,2,2,2,2,2,2,1,-99,-99,-99,-99,-99,-99,,-99,1,,5,7,10,8,8,10,10,9,9,10,7,1,7,2,0,,7,5,2,0,,10,3,2,0,,1,2,2,2,0,,2,2,0,,3,9,9,9,9,2,9,3,2,6,6,4,4,2,3,la x,La X,1,1,3,0,0,1,-99,-99,-99,1,-99,-99,-99,-99,-99,-99,-99,,-99,-99,-99,-99,-99,-99,-99,1,-99,-99,-99,,2,,-99,-99,-99,-99,-99,-99,-99,,2,,-99,-99,-99,-99,-99,-99,-99,,4,5,,2,,1,1,policia municipal,fuerza,5,3,6,8,8,6,2,2,2,1,5,,2,2,0,0,0,1,,32,2,2,4,1,1,,3,,urvivillas de el prado
7983,10,3,1,2,,,0,,,0,,,0,1,1,2,1,2,2,2,2,2,2,2,2,2,2,2,1,-99,-99,1,-99,-99,-99,,-99,4,,7,9,10,7,9,8,8,10,7,10,10,8,6,2,0,,8,5,2,0,,7,3,2,0,,6,7,8,2,0,,7,2,0,,8,9,8,5,8,8,9,9,5,8,9,4,4,3,1,oa x,La X,0,2,,,,1,-99,-99,-99,1,-99,-99,-99,-99,-99,-99,-99,,-99,-99,-99,-99,-99,1,-99,-99,-99,-99,-99,,2,,-99,-99,-99,-99,-99,-99,-99,,2,,-99,-99,-99,-99,-99,-99,-99,,4,4,,8,,2,2,,,3,2,8,8,8,8,2,1,2,1,5,,2,2,0,0,0,2,,46,3,2,2,1,1,,1,,urvivila d los l prado 2
7983,10,3,2,2,,,0,,,0,,,0,1,1,1,1,2,1,1,2,2,2,2,2,2,2,1,1,-99,-99,-99,-99,-99,-99,,-99,1,,10,9,9,10,9,5,6,7,10,10,10,9,7,2,0,,8,5,2,0,,8,3,2,0,,5,5,6,2,0,,3,2,0,,11,8,9,8,8,8,9,0,7,8,9,4,4,4,4,la x,La X,1,2,,,,1,-99,-99,-99,1,-99,-99,-99,-99,-99,-99,-99,,-99,-99,-99,-99,-99,-99,-99,1,-99,-99,-99,,2,,-99,-99,-99,-99,-99,-99,-99,,2,,-99,-99,-99,-99,-99,-99,-99,,4,5,,3,,1,2,,,3,2,7,7,8,9,2,1,2,2,5,,2,2,0,0,0,2,,34,2,2,6,2,19,,19,,urvivillas deel prado 2
7983,10,2,2,2,,,0,,,0,,,0,1,2,1,1,1,1,2,2,2,2,2,2,2,1,2,1,-99,-99,-99,1,-99,-99,,-99,5,,10,10,3,10,10,10,9,9,9,9,10,10,3,2,0,,8,2,2,0,,10,3,2,0,,10,4,7,2,0,,10,2,0,,8,10,2,8,8,8,7,4,8,8,9,2,4,4,2,lq x,La X,0,2,,,,2,-99,-99,-99,-99,-99,-99,-99,-99,-99,-99,-99,,1,-99,-99,-99,-99,-99,-99,-99,-99,-99,-99,,2,,-99,-99,-99,-99,-99,-99,-99,,2,,-99,-99,-99,-99,-99,-99,-99,,4,7,,9,,1,2,,,3,9,10,10,6,7,1,1,1,1,2,,2,2,0,0,0,1,,21,1,1,4,1,1,,1,,urvivilla de el prado
7983,10,3,2,2,,,0,,,0,,,0,1,1,1,1,1,2,2,2,2,2,2,2,2,1,1,-99,-99,1,1,-99,-99,-99,,-99,4,,8,7,9,2,6,4,10,9,4,10,7,9,7,2,0,,9,5,2,0,,10,3,2,0,,3,3,3,2,0,,6,2,0,,7,8,9,9,9,9,8,1,2,8,0,4,4,4,4,la x,La X,2,2,,,,1,-99,-99,-99,-99,-99,-99,-99,1,-99,-99,-99,,-99,-99,-99,-99,-99,-99,-99,1,-99,-99,-99,,2,,-99,-99,-99,-99,-99,-99,-99,,2,,-99,-99,-99,-99,-99,-99,-99,,4,5,,4,,1,2,,,3,2,6,6,6,7,2,2,2,2,3,,2,2,0,0,0,2,,49,3,7,2,1,1,,1,,ubivila del pradodos
7983,10,3,1,2,,,0,,,0,,,0,1,1,1,1,2,2,2,2,2,2,2,2,2,2,1,1,-99,-99,-99,-99,-99,-99,,-99,1,,7,6,9,8,8,6,8,8,10,10,10,6,7,2,0,,7,5,2,0,,9,3,2,0,,9,9,5,2,0,,7,2,0,,4,2,8,4,8,4,3,2,8,4,10,4,4,4,4,monimento ajuares,El monumento a Benito Juárez,2,2,,,,2,-99,-99,-99,-99,-99,-99,-99,-99,-99,-99,-99,,-99,-99,-99,-99,-99,-99,-99,1,-99,-99,-99,,2,,-99,-99,-99,-99,-99,-99,-99,,2,,-99,-99,-99,-99,-99,-99,-99,,4,5,,2,,1,2,,,3,9,7,8,4,10,2,2,2,2,3,,2,2,0,0,0,1,,67,4,8,1,1,1,,1,,urvivilla de el prado 2
7983,10,4,2,1,8,,1,No hay ninguna persona en educacion media,,3,No hay ninguna persona en educacion superior,,3,1,2,1,1,2,2,2,2,2,2,2,2,2,2,1,1,-99,-99,-99,1,-99,-99,,-99,5,,10,10,11,10,9,4,9,8,6,6,10,2,7,2,0,,8,3,2,0,,10,3,2,0,,6,3,3,2,0,,1,2,0,,2,3,8,6,6,8,2,2,4,6,2,3,2,4,1,la x,La X,0,2,,,,1,-99,-99,-99,1,-99,-99,-99,-99,-99,-99,-99,,-99,-99,-99,-99,-99,1,-99,-99,-99,-99,-99,,2,,-99,-99,-99,-99,-99,-99,-99,,2,,-99,-99,-99,-99,-99,-99,-99,,4,6,,9,,1,2,,,6,11,8,2,2,10,2,1,1,2,5,,2,2,0,0,0,2,,29,1,2,6,1,1,,2,,urvivillas de prado
7983,10,3,2,2,,,0,,,0,,,0,1,1,1,1,2,2,2,2,1,2,2,2,2,2,1,1,-99,-99,-99,-99,-99,-99,,-99,1,,3,6,4,7,7,10,10,10,10,10,10,10,7,2,0,,10,5,2,0,,8,3,2,0,,10,7,8,2,0,,8,2,0,,8,7,8,2,8,8,8,0,5,2,4,4,4,4,4,benito Juárez,El monumento a Benito Juárez,1,2,,,,1,-99,-99,-99,1,-99,-99,-99,-99,-99,-99,-99,,-99,-99,-99,-99,-99,1,-99,1,-99,-99,-99,,2,,-99,-99,-99,-99,-99,-99,-99,,2,,-99,-99,-99,-99,-99,-99,-99,,4,2,,6,,1,2,,,3,9,10,2,9,10,2,1,1,2,7,perros,2,2,0,0,0,2,,51,3,2,6,2,19,,19,,urvivilla 2
7983,10,4,3,1,10,,1,No hay ninguna persona en educacion media,,3,No hay ninguna persona en educacion superior,,3,1,1,1,1,2,1,2,2,2,2,2,2,2,2,2,1,-99,-99,-99,-99,-99,-99,,-99,1,,6,8,6,3,10,8,8,8,5,5,8,8,7,2,0,,10,5,2,0,,10,3,2,0,,5,5,3,2,0,,5,2,0,,5,5,8,8,8,8,9,0,3,5,6,4,4,2,1,la x,La X,2,2,,,,1,1,-99,-99,-99,-99,-99,-99,-99,-99,-99,-99,,-99,-99,-99,-99,-99,-99,-99,1,-99,-99,-99,,2,,-99,-99,-99,-99,-99,-99,-99,,2,,-99,-99,-99,-99,-99,-99,-99,,4,7,,3,,3,2,,,3,4,7,8,9,10,2,1,2,1,1,,2,2,0,0,0,1,,42,2,7,4,2,19,,19,,uvivilla deel prado 2
6646,8,4,3,2,,,0,,,0,,,0,1,1,1,1,2,1,2,2,1,2,2,2,2,1,1,1,-99,-99,-99,-99,-99,-99,,-99,1,,6,5,3,7,8,6,10,10,9,8,9,10,7,2,0,,10,3,2,0,,10,3,2,0,,9,10,6,2,0,,8,2,0,,9,9,8,7,5,5,6,4,9,5,6,4,4,4,3,catedral,La Catedral,1,1,0,0,1,2,-99,-99,-99,-99,-99,-99,-99,-99,-99,-99,-99,,1,-99,-99,-99,-99,-99,-99,-99,-99,-99,-99,,2,,-99,-99,-99,-99,-99,-99,-99,,2,,-99,-99,-99,-99,-99,-99,-99,,4,2,,5,,1,2,,,1,2,10,8,7,10,2,2,2,2,1,,2,2,0,0,0,2,,75,4,4,1,1,1,,1,,riveras del bravo
6646,8,3,3,2,,,0,,,0,,,0,1,1,1,2,2,1,2,2,2,2,2,2,2,2,1,1,-99,-99,-99,-99,-99,-99,,-99,1,,5,5,1,1,10,1,10,10,10,5,5,2,7,2,0,,10,3,2,0,,10,3,2,0,,6,6,8,2,0,,4,2,0,,3,1,2,2,3,2,3,6,0,1,0,2,1,2,3,la x,La X,1,1,0,1,0,1,-99,-99,-99,1,-99,-99,-99,-99,-99,-99,-99,,-99,-99,-99,-99,-99,1,-99,-99,-99,-99,-99,,2,,-99,-99,-99,-99,-99,-99,-99,,2,,-99,-99,-99,-99,-99,-99,-99,,1,2,,7,,1,2,,,4,9,10,5,3,1,2,1,2,1,2,,2,2,0,0,0,1,,53,3,2,4,1,1,,2,,riveras del bravo etapa seis
6646,8,3,2,1,10,,1,7,,1,10,,1,1,2,1,1,2,1,2,2,2,2,1,2,2,1,2,1,-99,-99,-99,-99,-99,-99,,-99,1,,8,8,5,6,8,8,10,10,10,7,10,5,7,2,0,,10,3,2,0,,8,3,2,0,,10,7,8,2,0,,6,2,0,,8,7,9,9,8,7,8,11,8,8,9,4,4,4,1,la x,La X,0,1,0,0,1,1,-99,-99,-99,1,-99,-99,-99,-99,-99,-99,-99,,-99,-99,-99,-99,-99,1,-99,-99,-99,-99,-99,,2,,-99,-99,-99,-99,-99,-99,-99,,2,,-99,-99,-99,-99,-99,-99,-99,,4,9,,2,,4,2,,,4,9,9,7,6,8,2,1,2,1,2,,2,2,0,0,0,2,,23,1,2,2,1,1,,2,,riveras del bravo seis
6646,8,3,3,1,9,,1,8,,1,8,,1,1,1,1,1,2,2,2,2,2,2,2,2,2,1,1,1,-99,-99,-99,-99,-99,-99,,-99,1,,8,8,9,8,8,8,8,8,8,8,8,9,7,2,0,,10,4,2,0,,10,2,2,0,,8,9,8,2,0,,7,2,0,,8,8,8,8,7,7,9,0,11,8,8,2,3,3,2,parque central,El Parque Central,1,1,3,2,1,1,-99,-99,-99,-99,-99,-99,-99,1,-99,-99,-99,,-99,-99,-99,-99,-99,-99,-99,1,-99,-99,-99,,2,,-99,-99,-99,-99,-99,-99,-99,,2,,-99,-99,-99,-99,-99,-99,-99,,4,2,,1,,1,2,,,2,4,8,7,5,10,2,1,2,2,1,,2,2,0,0,0,2,,62,4,9,5,1,1,,2,,riveras del bravo seis
6646,8,3,3,2,,,0,,,0,,,0,1,2,1,1,2,2,2,2,1,2,2,2,2,2,1,1,-99,-99,-99,-99,-99,-99,,-99,1,,5,6,5,2,6,5,9,9,8,5,8,8,7,2,0,,10,3,2,0,,10,3,2,0,,6,6,6,2,0,,8,2,0,,7,6,6,5,7,5,5,11,6,9,2,1,1,1,2,rodadora,La Rodadora,0,2,,,,2,-99,-99,-99,-99,-99,-99,-99,-99,-99,-99,-99,,-99,-99,-99,-99,-99,1,-99,-99,-99,-99,-99,,2,,-99,-99,-99,-99,-99,-99,-99,,2,,-99,-99,-99,-99,-99,-99,-99,,1,6,,5,,1,2,,,4,9,9,6,8,9,2,2,2,2,6,,2,2,0,0,0,2,,70,4,1,4,1,1,,2,,riveras del bravo etapa seis
6646,8,3,2,1,9,,1,8,,1,8,,1,1,1,1,1,1,1,2,2,2,2,2,2,2,1,1,1,-99,-99,-99,-99,-99,-99,,-99,1,,5,5,1,5,5,5,8,7,5,8,10,8,7,2,0,,9,3,2,0,,10,3,2,0,,7,8,6,2,0,,5,2,0,,8,6,7,11,8,5,7,11,9,8,2,4,4,4,3,monumento a benito Juárez,El monumento a Benito Juárez,1,2,,,,1,-99,-99,-99,1,-99,-99,-99,-99,-99,-99,-99,,-99,-99,-99,-99,-99,-99,-99,1,-99,-99,-99,,2,,-99,-99,-99,-99,-99,-99,-99,,2,,-99,-99,-99,-99,-99,-99,-99,,4,5,,6,,2,2,,,2,8,10,7,6,8,2,1,2,2,2,,2,2,0,0,0,2,,36,2,2,4,1,2,,3,,riveras del bravo etapa dos
6646,8,2,2,1,10,,1,No hay ninguna persona en educacion media,,3,10,,1,1,1,1,1,2,2,2,2,2,2,2,2,2,2,2,1,-99,-99,-99,-99,-99,-99,,-99,1,,1,4,2,1,8,4,10,10,10,9,10,3,7,2,0,,10,4,2,0,,10,3,2,0,,8,7,8,2,0,,8,2,0,,6,5,7,6,5,5,5,0,8,8,8,4,5,5,1,la x,La X,1,2,,,,1,-99,-99,-99,1,-99,-99,-99,-99,-99,-99,-99,,-99,-99,-99,-99,-99,-99,-99,1,-99,-99,-99,,2,,-99,-99,-99,-99,-99,-99,-99,,2,,-99,-99,-99,-99,-99,-99,-99,,2,2,,5,,1,2,,,3,9,7,7,3,8,1,1,2,1,2,,2,2,0,0,0,1,,49,3,2,4,1,1,,1,,riveras del bravo seis
6646,8,3,2,1,8,,1,8,,1,8,,1,1,1,1,1,2,1,2,2,1,1,2,2,2,1,2,-99,-99,-99,-99,1,-99,-99,,-99,5,,10,10,10,10,9,7,8,6,7,8,8,6,7,2,0,,8,4,2,0,,8,3,2,0,,6,6,7,2,0,,7,2,0,,8,8,8,7,5,7,7,11,7,7,7,2,3,3,2,la x,La X,2,1,3,0,0,2,-99,-99,-99,-99,-99,-99,-99,-99,-99,-99,-99,,-99,-99,-99,-99,-99,-99,-99,1,-99,-99,-99,,2,,-99,-99,-99,-99,-99,-99,-99,,2,,-99,-99,-99,-99,-99,-99,-99,,3,2,,5,,1,2,,,2,9,7,5,1,7,2,1,2,1,2,,2,2,0,0,0,1,,33,2,1,8,2,19,,1,,riveras del bravo etapa seis
6646,8,3,2,1,8,,1,9,,1,No hay ninguna persona en educacion superior,,3,1,1,1,1,2,2,1,2,2,2,2,2,2,2,2,1,-99,-99,1,-99,-99,-99,,-99,1,,7,8,5,8,8,7,8,8,8,10,9,9,7,1,1,7,9,4,2,0,,7,3,2,0,,7,9,9,2,0,,6,2,0,,8,8,6,8,7,7,8,6,8,8,7,4,5,5,5,el central,El Parque Central,0,2,,,,2,-99,-99,-99,-99,-99,-99,-99,-99,-99,-99,-99,,1,-99,-99,-99,-99,-99,-99,-99,1,-99,-99,,1,7,-99,1,1,-99,-99,-99,-99,,1,7,-99,-99,-99,-99,-99,-99,-99,,2,18,,15,,4,2,,,3,6,7,5,6,8,2,1,1,1,2,,2,2,0,0,0,2,,18,1,5,6,1,2,,2,,riveras del bravo
6646,8,3,2,2,,,0,,,0,,,0,1,1,2,2,2,2,2,2,2,2,2,2,2,2,1,1,-99,-99,1,-99,-99,-99,,-99,1,,8,8,3,4,5,1,10,8,10,10,9,10,7,2,0,,8,3,1,1,8,10,3,2,0,,5,2,5,2,0,,6,2,0,,7,10,6,8,1,7,8,1,10,8,7,4,2,5,3,la x,La X,1,1,1,0,1,2,-99,-99,-99,-99,-99,-99,-99,-99,-99,-99,-99,,-99,-99,-99,-99,-99,1,-99,1,1,-99,-99,,1,5,1,-99,-99,-99,-99,-99,-99,,1,2,1,-99,-99,-99,-99,-99,1,la tarjeta es un caos,4,3,,9,,4,1,trabajos,discriminan,3,9,3,6,6,9,1,1,1,1,7,alumbrado,2,2,0,0,0,2,,26,1,2,6,1,1,,2,,"riveras ,,,6"
6646,8,4,3,2,,,0,,,0,,,0,1,1,1,1,2,1,2,2,2,2,2,2,2,2,1,1,-99,-99,-99,-99,-99,-99,,-99,1,,2,2,1,3,1,2,10,9,7,10,10,10,7,2,0,,8,4,1,1,5,10,3,2,0,,10,10,10,2,0,,9,2,0,,10,10,10,10,6,6,6,1,8,3,4,4,5,5,5,lacada de juan gabriel,La casa de Juan Gabriel,1,1,0,0,4,2,-99,-99,-99,-99,-99,-99,-99,-99,-99,-99,-99,,-99,-99,-99,-99,-99,-99,-99,1,1,-99,-99,,1,3,-99,-99,-99,1,1,-99,-99,,1,5,1,1,-99,-99,-99,-99,1,mas paradas,4,5,,7,,1,2,,,4,10,3,3,5,10,2,2,1,2,7,baches,2,2,0,0,0,1,,68,4,1,2,1,3,bim,3,,riveras del bravo
6646,8,2,2,1,9,,1,9,,1,No hay ninguna persona en educacion superior,,3,1,1,1,1,2,1,2,2,1,2,2,2,2,2,1,1,-99,-99,1,-99,-99,-99,,-99,4,,10,10,9,10,10,10,10,10,10,8,10,9,7,2,0,,7,4,1,1,1,10,3,2,0,,9,8,8,2,0,,7,2,0,,9,9,8,9,8,8,9,3,9,9,9,4,5,5,5,la x,La X,0,1,0,0,1,2,-99,-99,-99,-99,-99,-99,-99,-99,-99,-99,-99,,-99,-99,-99,-99,-99,-99,-99,-99,1,-99,-99,,1,8,-99,-99,-99,-99,-99,-99,-99,,1,9,-99,-99,-99,-99,-99,-99,-99,,4,5,,15,,1,2,,,4,9,8,8,6,10,1,1,1,2,2,,2,2,0,0,0,1,,47,3,4,6,1,1,,2,,riveras 6
6646,8,3,3,1,No hay ninguna persona en nivel basico,,3,No hay ninguna persona en educacion media,,3,4,necesita becas,1,1,1,1,1,2,2,1,2,1,2,2,1,2,2,1,1,-99,-99,1,-99,-99,-99,,-99,1,,5,5,5,5,10,10,5,5,3,10,10,10,7,2,0,,10,4,2,0,,10,3,2,0,,5,10,10,2,0,,10,2,0,,5,10,5,8,3,3,7,3,2,10,10,2,5,5,5,la x,La X,1,2,,,,1,-99,-99,-99,1,-99,-99,-99,-99,1,1,-99,,-99,-99,-99,-99,-99,-99,-99,1,1,1,-99,,1,5,-99,-99,-99,-99,-99,-99,1,mas unidades,1,5,-99,-99,-99,-99,-99,-99,1,mas rutas,2,5,,19,becas para estudiantes,3,2,,,4,6,5,3,4,6,1,1,1,1,7,agua bja presiom,2,2,0,0,0,1,,55,3,2,4,1,1,,2,,riveras 6
6646,8,5,2,2,,,0,,,0,,,0,1,1,1,1,2,2,2,2,2,2,2,2,2,2,1,1,-99,-99,1,-99,-99,-99,,-99,1,,8,9,2,6,8,1,10,8,10,10,10,6,7,2,0,,10,5,2,0,,10,3,2,0,,8,8,8,2,0,,8,2,0,,8,8,8,8,8,8,7,5,9,8,9,4,4,3,3,la central,El Parque Central,0,2,,,,1,-99,-99,-99,1,-99,-99,-99,-99,1,1,-99,,1,-99,-99,-99,-99,-99,-99,-99,1,1,-99,,1,8,-99,-99,-99,-99,-99,-99,-99,,1,8,-99,-99,-99,-99,-99,-99,-99,,4,18,,16,,4,2,,,1,9,8,3,6,8,1,1,1,1,3,,2,2,0,0,0,1,,52,3,2,2,1,2,,3,,"riverad ,,,6"
6646,8,5,1,1,No hay ninguna persona en nivel basico,,3,No hay ninguna persona en educacion media,,3,10,,1,1,1,1,1,2,1,1,2,2,2,2,2,2,1,1,1,-99,-99,1,-99,-99,-99,,-99,1,,9,10,9,10,8,2,10,10,10,10,10,10,7,2,0,,8,4,3,0,,10,2,2,0,,7,7,10,2,0,,8,2,0,,10,10,10,10,10,10,8,0,10,10,5,4,5,5,4,la x,La X,1,2,,,,2,-99,-99,-99,-99,-99,-99,-99,-99,-99,-99,-99,,-99,-99,-99,-99,-99,-99,-99,1,-99,-99,-99,,2,,-99,-99,-99,-99,-99,-99,-99,,2,,-99,-99,-99,-99,-99,-99,-99,,4,6,,9,,2,2,,,5,10,10,9,5,10,2,1,2,2,7,agua fugas,2,2,0,0,0,1,,20,1,5,6,1,1,,2,,riveras6
6646,8,2,4,1,8,,1,No hay ninguna persona en educacion media,,3,No hay ninguna persona en educacion superior,,3,1,1,1,1,2,1,2,2,2,2,2,2,2,1,1,-99,-99,-99,1,-99,-99,-99,,-99,4,,9,10,8,6,1,1,10,10,10,8,7,7,7,2,0,,8,4,2,0,,10,3,2,0,,1,5,8,2,0,,6,2,0,,9,10,8,7,7,1,9,0,0,10,8,2,5,5,5,la x,La X,1,1,0,0,9,1,1,-99,-99,-99,-99,-99,-99,-99,1,1,-99,,-99,-99,-99,-99,-99,-99,-99,1,1,1,-99,,1,7,-99,-99,-99,-99,-99,-99,-99,,1,8,-99,-99,-99,-99,-99,-99,-99,,2,5,,7,,1,1,todas,mordidas,1,9,9,7,6,8,2,2,2,2,7,lo policías,2,2,0,0,0,2,,42,2,9,11,1,4,,4,,riveras 6
6646,8,3,3,1,8,,1,No hay ninguna persona en educacion media,,3,No hay ninguna persona en educacion superior,,3,1,2,2,1,2,2,2,2,2,2,2,2,2,2,1,1,1,-99,-99,-99,-99,-99,,-99,1,,7,9,9,8,8,8,8,8,9,10,9,10,7,2,0,,8,5,2,0,,10,3,2,0,,5,5,7,2,0,,6,2,0,,6,5,2,3,8,3,6,4,7,4,7,4,4,4,4,la x,La X,0,2,,,,2,-99,-99,-99,-99,-99,-99,-99,-99,-99,-99,-99,,-99,-99,-99,-99,-99,1,-99,-99,-99,-99,-99,,2,,-99,-99,-99,-99,-99,-99,-99,,2,,-99,-99,-99,-99,-99,-99,-99,,3,5,,4,,1,2,,,3,3,6,6,8,10,2,1,2,1,2,,2,2,0,0,0,1,,20,1,1,5,1,1,,1,,riveras de el bravo
6646,8,2,2,2,,,0,,,0,,,0,1,1,1,1,2,2,2,2,2,2,2,2,2,2,1,-99,-99,1,-99,-99,-99,-99,,-99,3,,7,9,8,8,8,10,8,5,6,6,5,8,7,2,0,,10,5,2,0,,9,3,2,0,,8,6,4,2,0,,9,2,0,,11,9,7,6,8,7,7,4,5,6,7,4,4,4,4,minumento a juarez,El monumento a Benito Juárez,0,2,,,,2,-99,-99,-99,-99,-99,-99,-99,-99,-99,-99,-99,,-99,-99,-99,-99,-99,1,-99,-99,-99,-99,-99,,2,,-99,-99,-99,-99,-99,-99,-99,,2,,-99,-99,-99,-99,-99,-99,-99,,4,7,,9,,3,2,,,3,5,7,7,8,5,2,1,1,2,2,,2,2,0,0,0,1,,42,2,4,6,2,19,,19,,riveras de el bravo
6646,8,3,2,2,,,0,,,0,,,0,2,1,1,1,2,1,2,2,2,2,2,2,2,2,2,-99,-99,-99,-99,-99,1,-99,,-99,6,,,,,,,,10,10,9,10,10,6,7,2,0,,9,5,2,0,,10,3,2,0,,4,6,5,2,0,,8,2,0,,4,7,8,7,7,7,8,0,4,7,4,4,4,3,4,iglecias,La Catedral,1,2,,,,2,-99,-99,-99,-99,-99,-99,-99,-99,-99,-99,-99,,-99,-99,-99,-99,-99,1,-99,-99,-99,-99,-99,,2,,-99,-99,-99,-99,-99,-99,-99,,2,,-99,-99,-99,-99,-99,-99,-99,,4,6,,2,,1,2,,,6,5,7,8,9,7,1,1,1,1,2,,2,2,0,0,0,1,,56,3,1,3,1,1,,1,,riveras de elbravo
6646,8,4,1,1,10,,1,No hay ninguna persona en educacion media,,3,No hay ninguna persona en educacion superior,,3,1,1,1,1,2,1,2,2,1,1,1,2,2,2,2,1,-99,-99,1,-99,-99,-99,,-99,4,,9,8,10,7,7,7,7,7,6,7,7,7,7,2,0,,8,5,2,0,,8,3,2,0,,5,9,8,2,0,,7,2,0,,6,8,1,1,1,1,9,0,8,7,6,4,4,4,1,la x,La X,1,1,2,1,0,1,-99,-99,-99,1,-99,-99,-99,-99,-99,-99,-99,,-99,-99,-99,-99,-99,-99,-99,1,-99,-99,-99,,2,,-99,-99,-99,-99,-99,-99,-99,,2,,-99,-99,-99,-99,-99,-99,-99,,2,5,,2,,1,2,,,3,3,7,6,7,8,2,1,1,2,1,,2,2,0,0,0,1,,32,2,2,6,2,19,,19,,riveras de el bravo
6646,8,2,2,2,,,0,,,0,,,0,1,2,1,1,2,2,2,2,2,2,2,2,2,2,2,-99,-99,-99,-99,1,-99,-99,,-99,5,,8,8,8,8,8,9,6,6,9,10,10,10,7,2,0,,3,1,2,0,,10,3,2,0,,6,9,8,2,0,,5,2,0,,4,5,1,1,1,1,4,8,4,5,5,4,4,4,1,benito Juárez,El monumento a Benito Juárez,0,2,,,,1,1,-99,-99,-99,-99,-99,-99,-99,-99,-99,-99,,-99,-99,-99,-99,-99,1,-99,-99,-99,-99,-99,,2,,-99,-99,-99,-99,-99,-99,-99,,2,,-99,-99,-99,-99,-99,-99,-99,,4,6,,4,,1,2,,,3,3,9,7,6,4,2,2,2,2,1,,2,2,0,0,0,1,,58,3,7,5,1,1,,1,,riveras de el bravo
6646,8,3,2,2,,,0,,,0,,,0,1,1,1,1,1,1,2,1,1,1,1,1,1,2,1,1,-99,-99,-99,-99,-99,-99,,-99,1,,8,8,8,7,8,7,9,8,8,9,10,9,7,2,0,,9,5,2,0,,9,3,2,0,,8,7,8,2,0,,7,2,0,,7,6,7,7,7,7,6,4,4,8,5,4,3,3,2,la x,La X,0,2,,,,1,-99,-99,-99,1,-99,-99,-99,-99,-99,-99,-99,,-99,-99,-99,-99,-99,1,-99,-99,-99,-99,-99,,2,,-99,-99,-99,-99,-99,-99,-99,,2,,-99,-99,-99,-99,-99,-99,-99,,4,5,,8,,1,2,,,4,2,6,5,5,7,2,1,2,1,1,,2,2,0,0,0,2,,28,1,2,6,1,1,,1,,riveras deel bravo
6646,8,4,2,2,,,0,,,0,,,0,1,1,1,1,2,1,2,2,2,2,2,2,2,2,1,1,-99,-99,-99,-99,-99,-99,,-99,1,,10,5,3,9,7,3,7,8,7,9,7,8,7,2,0,,8,1,1,1,6,5,3,2,0,,10,10,7,2,0,,10,2,0,,6,10,8,8,8,8,8,5,8,5,6,4,4,4,4,monumento ajurez,El monumento a Benito Juárez,0,2,,,,2,-99,-99,-99,-99,-99,-99,-99,-99,-99,-99,-99,,-99,-99,-99,-99,-99,1,-99,-99,-99,-99,-99,,2,,-99,-99,-99,-99,-99,-99,-99,,1,6,1,-99,-99,1,1,-99,-99,,4,4,,8,,2,2,,,3,4,6,4,7,5,2,1,2,2,3,,2,2,0,0,0,1,,65,4,1,1,1,19,,19,,riveras deel bravo
6646,8,3,2,2,,,0,,,0,,,0,1,1,1,1,2,2,2,2,1,2,2,2,2,2,1,1,-99,-99,1,-99,-99,-99,,-99,4,,7,10,8,7,8,9,8,8,9,9,9,5,7,2,0,,10,5,2,0,,10,3,2,0,,8,8,6,2,0,,7,2,0,,8,7,4,7,7,6,8,6,11,8,8,4,4,4,4,la x,La X,0,2,,,,2,-99,-99,-99,-99,-99,-99,-99,-99,-99,-99,-99,,-99,-99,-99,-99,-99,1,-99,-99,-99,-99,-99,,2,,-99,-99,-99,-99,-99,-99,-99,,2,,-99,-99,-99,-99,-99,-99,-99,,4,5,,4,,1,2,,,3,3,7,8,10,9,2,1,1,2,2,,2,2,0,0,0,1,,49,3,1,2,1,1,,1,,riveras deel bravo
6646,8,4,1,2,,,0,,,0,,,0,1,1,1,1,2,1,2,2,2,2,2,2,2,2,1,1,-99,-99,1,-99,-99,-99,,-99,4,,8,8,9,10,10,8,8,8,9,9,10,2,7,2,0,,3,1,2,0,,10,2,2,0,,7,6,7,2,0,,5,2,0,,6,7,1,9,7,7,9,2,5,6,5,4,4,4,4,la x,La X,1,2,,,,1,-99,-99,-99,-99,-99,-99,-99,1,-99,-99,-99,,-99,-99,-99,-99,-99,-99,-99,1,-99,-99,-99,,2,,-99,-99,-99,-99,-99,-99,-99,,2,,-99,-99,-99,-99,-99,-99,-99,,4,5,,4,,1,2,,,3,3,7,7,8,9,2,1,2,1,3,,2,2,0,0,0,1,,52,3,7,4,1,1,,1,,riveras de el bravo
6646,8,3,1,2,,,0,,,0,,,0,1,2,1,1,2,1,2,2,1,2,2,2,2,2,2,1,-99,-99,-99,-99,-99,-99,,-99,1,,7,8,7,7,8,8,8,8,9,10,7,2,7,2,0,,8,5,2,0,,10,3,2,0,,8,7,7,2,0,,7,2,0,,4,3,7,8,7,8,8,8,5,8,4,4,4,4,4,la x,La X,2,2,,,,1,1,-99,-99,-99,-99,-99,-99,-99,-99,-99,-99,,-99,-99,-99,-99,-99,-99,-99,1,-99,-99,-99,,2,,-99,-99,-99,-99,-99,-99,-99,,2,,-99,-99,-99,-99,-99,-99,-99,,4,3,,4,,1,2,,,3,1,8,7,9,5,2,2,2,1,2,,2,2,0,0,0,2,,51,3,7,6,2,19,,19,,riveras d el bravo
6646,8,1,3,1,No hay ninguna persona en nivel basico,,3,9,,1,8,,1,2,2,2,2,2,1,2,2,2,2,2,2,2,2,2,-99,-99,-99,1,-99,-99,-99,,-99,4,,6,9,8,9,6,6,9,9,7,7,9,6,7,2,0,,10,5,2,0,,9,3,2,0,,9,9,6,2,0,,8,2,0,,8,5,6,6,6,6,5,11,8,8,5,1,3,3,3,la x,La X,0,2,,,,1,1,-99,-99,-99,-99,-99,-99,-99,-99,-99,-99,,-99,-99,-99,-99,-99,1,-99,-99,-99,-99,-99,,2,,-99,-99,-99,-99,-99,-99,-99,,2,,-99,-99,-99,-99,-99,-99,-99,,3,2,,6,,1,2,,,4,3,5,5,6,7,2,1,2,1,6,,2,2,0,0,0,1,,53,3,9,4,1,1,,1,,riveras del bravo
6646,8,5,2,1,9,,1,No hay ninguna persona en educacion media,,3,No hay ninguna persona en educacion superior,,3,2,2,2,1,2,2,2,2,2,2,2,2,2,2,2,1,-99,-99,-99,-99,-99,-99,,-99,1,,7,9,5,8,8,7,7,7,7,9,7,7,7,2,0,,7,4,2,0,,9,3,2,0,,8,8,8,2,0,,6,2,0,,9,7,6,6,6,6,8,11,8,5,2,4,3,3,3,catedral,La Catedral,0,1,1,0,0,1,-99,-99,-99,1,-99,-99,-99,-99,1,1,-99,,1,-99,-99,-99,-99,-99,-99,-99,1,1,-99,,1,4,-99,-99,-99,-99,-99,-99,-99,,1,4,-99,-99,-99,-99,-99,-99,-99,,4,2,,6,,1,2,,,2,2,5,7,4,7,2,1,1,2,6,,2,2,0,0,0,1,,30,2,2,6,1,1,,1,,riveras del bravo
6646,8,3,2,1,9,,1,No hay ninguna persona en educacion media,,3,No hay ninguna persona en educacion superior,,3,2,2,1,2,2,2,2,2,2,2,2,2,2,2,2,1,-99,-99,1,-99,-99,-99,,-99,4,,9,8,9,11,7,10,6,6,8,9,8,9,7,2,0,,9,5,2,0,,9,3,2,0,,9,9,9,2,0,,7,2,0,,8,6,7,9,6,8,7,11,6,8,9,4,3,3,2,la x,La X,0,1,2,0,1,2,-99,-99,-99,-99,-99,-99,-99,-99,-99,-99,-99,,-99,-99,-99,-99,-99,1,-99,-99,-99,-99,-99,,2,,-99,-99,-99,-99,-99,-99,-99,,2,,-99,-99,-99,-99,-99,-99,-99,,4,5,,2,,1,2,,,3,2,9,6,5,9,2,1,2,1,6,,2,2,0,0,0,1,,30,2,1,4,1,1,,1,,riveras del bravo
6646,8,4,1,2,,,0,,,0,,,0,2,2,1,1,2,2,2,2,2,2,2,2,2,2,2,-99,-99,1,-99,-99,-99,-99,,-99,3,,9,9,8,10,10,10,10,8,9,10,5,5,6,3,0,,10,4,2,0,,10,3,2,0,,9,8,8,2,0,,1,2,0,,8,7,6,6,8,6,7,11,9,5,9,2,3,3,4,la x,La X,1,2,,,,2,-99,-99,-99,-99,-99,-99,-99,-99,-99,-99,-99,,-99,-99,-99,-99,-99,-99,-99,1,-99,-99,-99,,2,,-99,-99,-99,-99,-99,-99,-99,,2,,-99,-99,-99,-99,-99,-99,-99,,2,2,,7,,1,2,,,3,1,5,7,5,4,2,1,2,2,2,,2,2,0,0,0,1,,21,1,1,4,1,2,,3,,riveras del bravo
6646,8,1,2,1,10,,1,No hay ninguna persona en educacion media,,3,No hay ninguna persona en educacion superior,,3,2,2,1,2,2,2,2,2,2,2,2,2,2,2,2,1,-99,-99,-99,-99,-99,-99,,-99,1,,1,1,1,1,2,5,10,8,8,10,7,8,7,2,0,,6,5,1,1,6,10,3,2,0,,10,10,7,2,0,,1,2,0,,8,5,6,6,6,6,10,11,7,4,6,4,3,3,3,la x,La X,1,1,1,0,0,1,-99,-99,-99,1,-99,-99,-99,-99,-99,-99,-99,,-99,-99,-99,-99,-99,-99,-99,1,-99,-99,-99,,2,,-99,-99,-99,-99,-99,-99,-99,,2,,-99,-99,-99,-99,-99,-99,-99,,4,2,,6,,1,2,,,1,2,7,5,2,7,2,1,2,1,1,,2,2,0,0,0,2,,42,2,2,4,1,2,,2,,riveras del bravo
6646,8,3,2,1,9,,1,No hay ninguna persona en educacion media,,3,No hay ninguna persona en educacion superior,,3,2,2,1,2,2,2,2,2,2,2,2,2,2,2,2,1,-99,-99,-99,-99,-99,-99,,-99,1,,8,8,9,10,9,9,10,9,9,9,2,7,7,1,1,4,8,5,2,0,,10,3,2,0,,9,10,8,2,0,,8,2,0,,9,7,8,8,8,8,7,11,8,8,7,4,2,3,3,la x,La X,0,1,2,0,0,1,-99,-99,-99,1,-99,-99,-99,-99,-99,-99,-99,,1,-99,-99,-99,-99,-99,-99,-99,-99,-99,-99,,2,,-99,-99,-99,-99,-99,-99,-99,,2,,-99,-99,-99,-99,-99,-99,-99,,4,5,,6,,1,2,,,3,2,9,6,7,9,2,1,2,1,6,,2,2,0,0,0,1,,40,2,2,4,1,1,,2,,Riveras del bravo
6646,8,4,1,1,No hay ninguna persona en nivel basico,,3,No hay ninguna persona en educacion media,,3,7,,1,2,2,1,2,2,2,2,2,2,2,2,2,2,2,2,1,-99,-99,-99,-99,-99,-99,,-99,1,,4,5,2,4,5,5,7,6,7,9,8,8,7,2,0,,8,5,2,0,,8,3,2,0,,10,7,4,2,0,,2,2,0,,5,6,7,6,7,6,6,11,9,8,2,2,3,3,3,la pila,OTRO,3,2,,,,1,-99,-99,-99,-99,-99,-99,-99,1,-99,-99,-99,,-99,-99,-99,-99,-99,-99,-99,1,-99,-99,-99,,2,,-99,-99,-99,-99,-99,-99,-99,,2,,-99,-99,-99,-99,-99,-99,-99,,4,7,,9,,1,2,,,2,3,5,6,5,5,2,1,2,1,6,,2,1,3,3,3,2,,28,1,2,8,1,3,,9,,riveras del bravo
6646,8,3,3,2,,,0,,,0,,,0,2,2,2,2,2,1,2,2,2,2,2,2,2,2,2,1,-99,-99,-99,-99,-99,-99,,-99,1,,6,7,4,4,7,7,10,6,10,9,5,8,4,1,1,7,9,5,2,0,,10,3,2,0,,8,7,8,2,0,,6,2,0,,9,6,8,8,8,8,9,11,8,8,6,4,3,3,3,monumento Benito Juárez,El monumento a Benito Juárez,1,2,,,,1,-99,-99,-99,1,-99,-99,-99,-99,-99,-99,-99,,-99,-99,-99,-99,-99,-99,-99,1,-99,-99,-99,,2,,-99,-99,-99,-99,-99,-99,-99,,2,,-99,-99,-99,-99,-99,-99,-99,,4,2,,6,,1,2,,,3,6,6,8,2,9,2,2,2,1,2,,2,2,0,0,0,1,,52,3,2,4,1,2,,4,,riveras del bravo
6646,8,2,2,1,No hay ninguna persona en nivel basico,,3,8,,1,No hay ninguna persona en educacion superior,,3,1,2,1,1,2,2,2,2,2,2,2,2,2,2,1,1,-99,-99,-99,-99,-99,-99,,-99,1,,7,7,8,7,8,5,10,10,10,10,10,9,7,2,0,,10,2,2,0,,8,3,2,0,,9,9,9,2,0,,5,2,0,,6,8,3,8,8,7,7,11,6,8,0,4,5,5,5,monumento a Benito Juárez,El monumento a Benito Juárez,2,1,0,1,0,2,-99,-99,-99,-99,-99,-99,-99,-99,-99,-99,-99,,-99,-99,-99,-99,-99,-99,-99,1,-99,-99,-99,,2,,-99,-99,-99,-99,-99,-99,-99,,2,,-99,-99,-99,-99,-99,-99,-99,,3,5,,9,,1,2,,,3,1,6,9,7,9,2,1,2,1,5,,2,2,0,0,0,1,,54,3,1,11,1,1,,1,,rivera del bravo
6646,8,3,2,1,No hay ninguna persona en nivel basico,,3,No hay ninguna persona en educacion media,,3,8,,1,1,1,1,1,2,1,2,2,2,2,2,2,2,1,1,1,-99,-99,-99,1,-99,-99,,-99,5,,8,9,8,9,9,9,10,8,7,8,6,1,7,1,1,5,8,2,2,0,,9,3,2,0,,8,9,8,2,0,,1,1,1,5,8,6,7,8,5,7,8,0,9,8,8,4,4,4,4,monumento a benitojuarez,El monumento a Benito Juárez,1,1,0,1,0,1,1,-99,-99,-99,-99,-99,-99,-99,-99,-99,-99,,1,-99,-99,-99,-99,-99,-99,1,-99,-99,-99,,2,,-99,-99,-99,-99,-99,-99,-99,,2,,-99,-99,-99,-99,-99,-99,-99,,4,15,,1,,1,2,,,3,9,8,5,7,8,2,1,1,2,6,,2,2,0,0,0,2,,56,3,9,4,1,1,,1,,rivera delbravo
6646,8,3,1,2,,,0,,,0,,,0,1,2,2,2,2,2,2,2,2,2,2,2,2,2,1,1,-99,-99,1,-99,-99,-99,,-99,4,,10,10,8,10,10,10,10,8,10,10,10,1,7,2,0,,10,3,2,0,,10,3,2,0,,5,10,5,2,0,,1,2,0,,10,10,10,10,8,10,8,11,10,10,8,3,3,1,5,Benito Juárez,El monumento a Benito Juárez,0,2,,,,2,-99,-99,-99,-99,-99,-99,-99,-99,-99,-99,-99,,1,-99,-99,-99,-99,-99,-99,-99,1,-99,-99,,1,10,-99,-99,-99,-99,-99,-99,-99,,1,10,-99,-99,-99,-99,-99,-99,-99,,4,5,,2,,1,1,policia estatal y municipal,robos,3,1,10,10,5,10,2,1,2,2,6,,2,2,0,0,0,2,,24,1,4,4,1,1,,1,,rivera del bravo
6646,8,3,2,1,No hay ninguna persona en nivel basico,,3,9,,1,No hay ninguna persona en educacion superior,,3,1,1,1,1,2,1,2,2,2,2,2,2,2,2,1,1,-99,-99,-99,1,-99,-99,,-99,5,,9,9,9,9,9,9,10,10,10,10,10,7,7,2,0,,10,3,2,0,,8,4,2,0,,7,7,5,2,0,,5,2,0,,8,9,9,8,5,5,9,11,9,8,8,2,4,4,2,la x,La X,1,2,,,,1,-99,-99,-99,1,-99,-99,-99,-99,-99,-99,-99,,-99,-99,-99,-99,-99,-99,-99,1,-99,-99,-99,,2,,-99,-99,-99,-99,-99,-99,-99,,2,,-99,-99,-99,-99,-99,-99,-99,,3,5,,9,,1,2,,,4,1,8,9,7,9,2,1,2,1,6,,2,2,0,0,0,1,,50,3,2,4,1,1,,1,,rivera del bravo
6646,8,4,2,1,No hay ninguna persona en nivel basico,,3,No hay ninguna persona en educacion media,,3,8,,2,1,1,1,1,2,2,2,2,1,2,2,2,1,2,1,1,-99,-99,-99,1,-99,-99,,-99,5,,8,8,8,10,9,9,8,8,9,7,7,7,7,2,0,,7,2,1,1,5,10,3,2,0,,6,6,5,2,0,,4,2,0,,2,7,5,7,5,5,6,2,7,7,4,1,3,1,3,la catedral,La Catedral,1,2,,,,2,-99,-99,-99,-99,-99,-99,-99,-99,-99,-99,-99,,-99,-99,-99,-99,-99,-99,-99,1,-99,-99,-99,,2,,-99,-99,-99,-99,-99,-99,-99,,2,,-99,-99,-99,-99,-99,-99,-99,,4,7,,5,,1,2,,,4,1,5,5,2,6,2,1,1,1,6,,1,0,5,5,5,1,,42,2,1,4,1,2,,4,,rivera del brqvo
6646,8,3,2,1,No hay ninguna persona en nivel basico,,3,No hay ninguna persona en educacion media,,3,8,,1,1,1,1,1,2,2,2,1,2,2,2,2,2,2,2,1,-99,-99,-99,1,-99,-99,,-99,5,,10,10,9,10,10,10,10,10,10,10,10,10,7,2,0,,10,4,2,0,,9,3,2,0,,5,9,7,2,0,,7,2,0,,7,7,8,8,8,8,7,0,9,9,6,4,4,4,4,la x,La X,2,2,,,,2,-99,-99,-99,-99,-99,-99,-99,-99,-99,-99,-99,,-99,-99,-99,-99,-99,-99,-99,1,-99,-99,-99,,2,,-99,-99,-99,-99,-99,-99,-99,,2,,-99,-99,-99,-99,-99,-99,-99,,4,6,,5,,1,2,,,3,9,8,8,7,9,1,1,1,1,2,,2,2,0,0,0,1,,48,3,1,4,1,1,,2,,rivera del bravo
7771,10,3,2,2,,,0,,,0,,,0,1,1,2,1,2,2,2,2,2,2,2,2,2,2,1,-99,-99,-99,-99,-99,1,-99,,-99,6,,,,,,,,9,8,10,9,9,8,7,2,0,,10,5,2,0,,10,3,2,0,,8,6,9,2,0,,5,2,0,,5,2,1,1,1,1,2,1,1,2,4,4,4,4,4,el Chamizal,El Chamizal,0,2,,,,1,-99,-99,-99,1,-99,-99,-99,-99,-99,-99,-99,,-99,-99,-99,-99,-99,1,-99,-99,-99,-99,-99,,2,,-99,-99,-99,-99,-99,-99,-99,,2,,-99,-99,-99,-99,-99,-99,-99,,4,6,,5,,3,2,,,2,9,8,8,9,6,2,1,2,2,2,,2,2,0,0,0,2,,54,3,2,1,1,1,,1,,vistas demonivoa oriente
7771,10,3,2,1,8,,1,No hay ninguna persona en educacion media,,3,No hay ninguna persona en educacion superior,,3,1,1,1,1,2,2,2,2,2,2,2,2,2,2,1,1,-99,-99,1,-99,-99,-99,,-99,4,,7,7,8,8,9,8,8,7,9,8,7,6,7,2,0,,5,5,2,0,,7,3,2,0,,8,9,5,2,0,,6,2,0,,6,4,1,1,1,1,5,4,0,5,5,4,4,2,2,la x,La X,0,2,,,,2,-99,-99,-99,-99,-99,-99,-99,-99,-99,-99,-99,,-99,-99,-99,-99,-99,1,-99,-99,-99,-99,-99,,2,,-99,-99,-99,-99,-99,-99,-99,,2,,-99,-99,-99,-99,-99,-99,-99,,4,6,,4,,3,2,,,4,5,7,3,8,7,2,1,1,1,2,,2,2,0,0,0,1,,42,2,1,2,1,1,,1,,vistas de zaragosa
7771,10,3,2,2,,,0,,,0,,,0,1,1,1,1,2,2,2,2,2,2,2,2,2,2,1,-99,-99,-99,-99,-99,1,-99,,-99,6,,,,,,,,6,10,10,10,9,10,7,2,0,,10,5,2,0,,10,3,2,0,,5,5,5,2,0,,5,2,0,,5,5,1,1,1,1,0,1,0,5,6,4,4,4,4,lax,La X,0,2,,,,2,-99,-99,-99,-99,-99,-99,-99,-99,-99,-99,-99,,-99,-99,-99,-99,-99,1,-99,-99,-99,-99,-99,,2,,-99,-99,-99,-99,-99,-99,-99,,2,,-99,-99,-99,-99,-99,-99,-99,,4,4,,6,,3,2,,,3,6,6,5,5,10,1,1,1,1,3,,2,2,0,0,0,1,,56,3,1,4,1,1,,1,,valled Zaragoza
7771,10,3,2,1,8,,1,7,,1,No hay ninguna persona en educacion superior,,3,1,1,1,1,2,1,1,1,1,1,1,1,2,1,1,1,-99,-99,1,-99,-99,-99,,-99,4,,6,5,4,6,6,5,7,5,8,6,5,2,7,2,0,,2,1,1,2,3,6,3,2,0,,6,5,1,2,0,,5,2,0,,5,1,1,1,1,1,3,0,1,5,0,4,4,4,1,la x,La X,2,1,1,1,0,1,-99,-99,-99,-99,-99,-99,-99,1,-99,-99,-99,,-99,-99,-99,-99,-99,-99,-99,1,-99,-99,-99,,2,,-99,-99,-99,-99,-99,-99,-99,,2,,-99,-99,-99,-99,-99,-99,-99,,3,5,,2,,1,1,trancito,mordidad,3,9,7,6,5,5,1,1,2,1,2,,2,2,0,0,0,1,,27,1,8,8,2,19,,19,,vista de Zaragoza
7771,10,3,2,2,,,0,,,0,,,0,1,1,1,1,1,2,2,2,2,2,2,2,2,2,2,-99,-99,-99,-99,-99,1,-99,,-99,6,,,,,,,,10,10,10,10,10,2,7,2,0,,9,5,2,0,,10,3,2,0,,5,9,6,2,0,,6,2,0,,6,2,1,1,1,1,2,2,2,5,0,4,4,2,1,la x,La X,0,2,,,,2,-99,-99,-99,-99,-99,-99,-99,-99,-99,-99,-99,,-99,-99,-99,-99,-99,-99,-99,-99,-99,-99,1,SE RESERVA,2,,-99,-99,-99,-99,-99,-99,-99,,2,,-99,-99,-99,-99,-99,-99,-99,,2,2,,6,,1,2,,,3,4,8,8,5,10,1,1,2,2,5,,2,2,0,0,0,2,,53,3,4,4,2,19,,19,,vistas de Zaragoza
7771,10,3,2,2,,,0,,,0,,,0,1,2,1,1,1,2,2,2,1,2,2,2,2,2,2,1,-99,-99,-99,-99,-99,-99,,-99,1,,8,7,8,5,6,5,9,9,10,8,5,3,7,2,0,,4,5,2,0,,10,3,2,0,,3,4,4,2,0,,6,2,0,,1,1,1,1,1,1,0,1,1,1,2,4,4,4,3,monumento a juarez,El monumento a Benito Juárez,1,2,,,,1,-99,-99,-99,1,-99,-99,-99,-99,-99,-99,-99,,-99,-99,-99,-99,-99,-99,-99,1,-99,-99,-99,,2,,-99,-99,-99,-99,-99,-99,-99,,2,,-99,-99,-99,-99,-99,-99,-99,,4,5,,6,,1,2,,,3,9,6,8,4,6,2,2,2,2,5,,2,2,0,0,0,2,,56,3,2,2,1,1,,1,,vista de zaragosa
7771,10,2,2,2,,,0,,,0,,,0,1,2,2,2,2,2,2,2,2,2,2,2,2,2,2,1,-99,-99,-99,-99,-99,-99,,-99,1,,3,4,3,6,8,10,8,9,9,9,9,7,7,2,0,,8,5,2,0,,2,3,2,0,,5,3,4,2,0,,8,2,0,,6,3,1,1,1,1,3,2,3,4,4,4,4,4,1,la x,La X,0,2,,,,2,-99,-99,-99,-99,-99,-99,-99,-99,-99,-99,-99,,1,-99,-99,-99,-99,-99,-99,-99,-99,-99,-99,,2,,-99,-99,-99,-99,-99,-99,-99,,2,,-99,-99,-99,-99,-99,-99,-99,,4,6,,4,,3,2,,,3,3,4,7,6,8,2,1,2,1,6,,2,2,0,0,0,2,,53,3,1,3,1,1,,1,,vistas dezaragosa
7771,10,3,4,1,10,,1,No hay ninguna persona en educacion media,,3,No hay ninguna persona en educacion superior,,3,1,1,1,1,2,1,2,2,1,2,2,2,2,2,1,1,-99,-99,-99,-99,-99,-99,,-99,1,,8,8,5,10,8,10,10,10,10,10,10,10,7,2,0,,8,3,2,0,,10,3,2,0,,10,10,10,2,0,,8,2,0,,10,10,8,7,5,5,1,1,4,8,10,3,3,4,4,la x,La X,1,2,,,,2,-99,-99,-99,-99,-99,-99,-99,-99,-99,-99,-99,,-99,-99,-99,-99,-99,-99,-99,1,1,-99,-99,,1,8,-99,-99,-99,-99,-99,-99,-99,,2,,-99,-99,-99,-99,-99,-99,-99,,3,18,,17,,4,2,,,3,4,10,6,5,10,2,1,1,2,7,parques,2,2,0,0,0,2,,25,1,4,6,1,1,,2,,vista de xaragoza
7771,10,4,1,2,,,0,,,0,,,0,1,1,1,1,2,2,2,2,2,2,2,2,2,2,1,-99,-99,-99,-99,-99,1,-99,,-99,6,,,,,,,,8,1,6,3,8,8,7,2,0,,6,3,2,0,,10,3,2,0,,6,6,8,2,0,,1,2,0,,8,6,8,6,1,1,8,0,8,9,6,4,2,2,3,libramiento,OTRO,3,1,1,0,0,1,-99,-99,-99,-99,-99,-99,1,-99,1,-99,-99,,-99,-99,-99,-99,-99,-99,1,-99,1,-99,-99,,1,6,-99,-99,-99,1,1,-99,-99,,2,,-99,-99,-99,-99,-99,-99,-99,,4,9,,18,,1,1,ministeriales,usaron su arma von un civil,1,9,6,3,3,6,2,1,2,2,7,pavimento,2,2,0,0,0,2,,25,1,2,4,1,2,,3,,riveras9
7771,10,3,1,2,,,0,,,0,,,0,1,1,1,1,2,2,2,2,2,2,2,1,2,1,2,1,-99,-99,-99,-99,-99,-99,,-99,1,,5,10,5,2,9,8,8,10,6,10,9,10,7,2,0,,10,5,2,0,,10,3,2,0,,5,5,3,2,0,,4,2,0,,3,11,0,0,0,0,4,1,10,5,7,3,2,5,5,la x,La X,1,2,,,,1,-99,-99,-99,-99,-99,-99,-99,1,-99,-99,-99,,-99,-99,-99,-99,-99,-99,-99,1,-99,-99,-99,,2,,-99,-99,-99,-99,-99,-99,-99,,2,,-99,-99,-99,-99,-99,-99,-99,,3,15,,18,,1,2,,,1,1,5,9,4,10,2,1,1,1,7,falta de parques,2,2,0,0,0,2,,25,1,2,6,1,2,,2,,vsta Zaragoza
7771,10,4,2,1,10,,1,No hay ninguna persona en educacion media,,1,9,,2,1,1,1,1,2,1,1,2,2,2,2,1,2,2,1,1,-99,1,-99,-99,-99,-99,,-99,1,,7,8,6,7,7,5,8,7,8,5,6,8,7,1,1,8,6,4,1,2,5,8,3,2,0,,8,7,5,2,0,,9,2,0,,7,8,7,7,6,6,8,8,7,7,6,4,5,2,2,la x,La X,1,1,0,0,3,2,-99,-99,-99,-99,-99,-99,-99,-99,-99,-99,-99,,-99,-99,-99,-99,-99,-99,-99,1,-99,-99,-99,,2,,-99,-99,-99,-99,-99,-99,-99,,2,,-99,-99,-99,-99,-99,-99,-99,,2,5,,19,choques,1,2,,,3,9,5,5,5,8,1,1,1,1,7,iluminacion,2,2,0,0,0,2,,18,1,5,4,1,1,,2,,vista de xaragoza
7771,10,3,2,2,,,0,,,0,,,0,1,1,1,1,1,1,2,2,2,2,2,2,1,2,1,1,-99,1,-99,-99,-99,-99,,-99,3,,8,5,8,8,8,7,10,8,8,10,10,10,7,1,1,8,8,5,2,0,,10,3,2,0,,7,5,10,2,0,,7,2,0,,10,5,10,10,9,4,3,3,7,10,9,4,5,5,5,la x,La X,1,2,,,,2,-99,-99,-99,-99,-99,-99,-99,-99,-99,-99,-99,,-99,-99,-99,-99,-99,-99,-99,1,-99,-99,-99,,2,,-99,-99,-99,-99,-99,-99,-99,,2,,-99,-99,-99,-99,-99,-99,-99,,4,5,,3,,1,2,,,3,8,8,10,8,10,2,1,1,2,7,baches,2,2,0,0,0,2,,48,3,4,4,1,1,,1,,vista de zaragoza
7771,10,3,2,2,,,0,,,0,,,0,1,2,1,1,2,2,2,2,2,2,2,2,2,2,1,1,-99,-99,-99,-99,-99,-99,,-99,1,,10,10,9,8,10,10,10,9,10,9,10,4,7,2,0,,10,5,2,0,,10,3,2,0,,10,6,10,2,0,,10,2,0,,10,11,0,0,0,0,1,1,8,9,1,4,5,4,3,la casade juan gabriel,La casa de Juan Gabriel,1,2,,,,2,-99,-99,-99,-99,-99,-99,-99,-99,-99,-99,-99,,-99,-99,-99,-99,1,-99,-99,1,1,-99,-99,,1,3,-99,1,1,1,-99,-99,-99,,2,,-99,-99,-99,-99,-99,-99,-99,,3,5,,8,,1,2,,,3,1,5,3,3,4,1,1,2,2,7,baches,2,2,0,0,0,1,,38,2,1,4,1,1,,2,,riveras 6
7771,10,5,2,2,,,0,,,0,,,0,1,2,1,1,2,2,2,2,2,2,2,2,2,2,2,-99,-99,-99,-99,1,-99,-99,,-99,5,,10,10,9,8,9,10,10,10,10,10,10,8,7,2,0,,9,5,2,0,,10,3,2,0,,9,7,8,2,0,,6,2,0,,6,11,0,0,0,0,2,2,3,8,5,3,5,3,3,la x,La X,1,2,,,,2,-99,-99,-99,-99,-99,-99,-99,-99,-99,-99,-99,,-99,-99,-99,-99,-99,-99,-99,1,-99,-99,-99,,2,,-99,-99,-99,-99,-99,-99,-99,,2,,-99,-99,-99,-99,-99,-99,-99,,4,18,,4,,3,2,,,3,5,8,6,3,2,2,2,2,1,5,,2,2,0,0,0,2,,54,3,2,3,1,1,,1,,vista de zaragoza
7771,10,2,2,2,,,0,,,0,,,0,2,2,2,1,2,2,2,2,2,2,2,2,2,2,2,1,-99,-99,-99,-99,-99,-99,,-99,1,,7,7,2,5,8,4,10,6,6,9,10,10,7,2,0,,10,5,2,0,,10,3,2,0,,10,10,6,2,0,,2,2,0,,10,5,6,6,7,6,4,11,8,10,10,4,3,3,3,la x,La X,2,2,,,,1,-99,-99,-99,1,-99,-99,-99,-99,-99,-99,-99,,-99,-99,-99,-99,-99,-99,-99,1,-99,-99,-99,,2,,-99,-99,-99,-99,-99,-99,-99,,2,,-99,-99,-99,-99,-99,-99,-99,,4,5,,2,,1,2,,,3,2,7,5,5,6,2,1,2,1,1,,2,2,0,0,0,2,,33,2,2,4,1,2,,2,,rivera 9
7771,10,4,2,2,,,0,,,0,,,0,2,2,1,2,2,2,2,2,2,2,2,2,2,2,2,1,-99,-99,-99,-99,-99,-99,,-99,1,,8,8,9,10,9,6,9,5,5,10,9,9,7,2,0,,7,5,2,0,,9,3,2,0,,9,9,6,2,0,,8,2,0,,8,5,6,7,7,5,5,11,11,5,5,4,3,3,4,monumento,El monumento a Benito Juárez,1,2,,,,1,-99,-99,-99,1,-99,-99,-99,-99,-99,-99,-99,,-99,-99,-99,-99,-99,-99,-99,1,-99,-99,-99,,2,,-99,-99,-99,-99,-99,-99,-99,,2,,-99,-99,-99,-99,-99,-99,-99,,3,7,,6,,1,2,,,3,2,6,7,7,7,2,2,2,1,6,,2,2,0,0,0,1,,26,1,2,6,1,1,,1,,rivera 9
7771,10,3,2,2,,,0,,,0,,,0,2,2,1,2,2,2,2,2,2,2,2,2,2,2,2,1,-99,-99,-99,-99,-99,-99,,-99,1,,8,8,6,6,7,7,10,7,8,10,9,7,7,2,0,,8,4,2,0,,9,3,2,0,,9,8,8,2,0,,6,2,0,,8,5,6,7,4,7,8,11,11,8,8,4,3,4,3,la x,La X,1,2,,,,1,-99,-99,-99,1,-99,-99,-99,-99,-99,-99,-99,,-99,-99,-99,-99,-99,-99,-99,1,-99,-99,-99,,2,,-99,-99,-99,-99,-99,-99,-99,,2,,-99,-99,-99,-99,-99,-99,-99,,4,9,,2,,1,2,,,1,2,9,3,6,7,2,2,2,2,1,,2,2,0,0,0,2,,27,1,2,4,1,1,,2,,riveras 9
7771,10,4,2,1,8,,1,No hay ninguna persona en educacion media,,3,No hay ninguna persona en educacion superior,,3,2,2,2,1,2,2,2,2,2,2,2,2,2,2,2,1,-99,-99,-99,-99,-99,-99,,-99,1,,5,7,3,8,6,9,10,10,10,10,10,10,7,2,0,,5,2,2,0,,10,3,2,0,,10,9,7,2,0,,1,2,0,,8,4,6,7,5,6,8,11,8,7,8,4,3,3,3,monumento,El monumento a Benito Juárez,1,1,2,0,0,1,-99,-99,-99,-99,-99,-99,-99,1,-99,-99,-99,,-99,-99,-99,-99,-99,-99,-99,1,-99,-99,-99,,2,,-99,-99,-99,-99,-99,-99,-99,,2,,-99,-99,-99,-99,-99,-99,-99,,4,2,,5,,1,2,,,1,2,8,10,1,7,2,2,2,2,3,,2,2,0,0,0,2,,56,3,2,4,1,2,,2,,riveras 9
7771,10,4,2,2,,,0,,,0,,,0,2,2,1,2,2,2,2,2,2,2,2,2,2,2,2,1,-99,-99,-99,-99,-99,-99,,-99,1,,9,9,8,9,6,10,9,7,10,7,9,9,7,2,0,,10,5,2,0,,10,3,2,0,,9,9,7,2,0,,6,2,0,,8,5,6,7,5,8,8,11,11,5,9,4,3,2,3,la x,La X,0,1,0,0,1,2,-99,-99,-99,-99,-99,-99,-99,-99,-99,-99,-99,,-99,-99,-99,-99,-99,1,-99,-99,-99,-99,-99,,2,,-99,-99,-99,-99,-99,-99,-99,,2,,-99,-99,-99,-99,-99,-99,-99,,3,7,,6,,3,2,,,3,2,7,9,7,9,2,1,2,2,6,,2,2,0,0,0,1,,21,1,1,4,1,1,,2,,riveras 9
7771,10,3,2,2,,,0,,,0,,,0,2,1,2,2,2,2,2,2,2,2,2,2,2,2,2,1,-99,-99,-99,-99,-99,-99,,-99,1,,9,6,9,9,10,8,10,7,10,9,9,9,7,2,0,,10,5,2,0,,9,3,2,0,,8,10,8,2,0,,6,2,0,,8,3,7,6,8,7,6,11,8,8,9,4,3,3,3,la x,La X,0,2,,,,2,-99,-99,-99,-99,-99,-99,-99,-99,-99,-99,-99,,-99,-99,-99,-99,-99,-99,-99,-99,-99,-99,1,SE RESERVA,2,,-99,-99,-99,-99,-99,-99,-99,,2,,-99,-99,-99,-99,-99,-99,-99,,3,5,,2,,1,2,,,3,5,8,6,6,7,2,2,2,2,1,,2,2,0,0,0,2,,68,4,8,3,1,2,,2,,riveras 9
7771,10,3,2,1,9,,1,No hay ninguna persona en educacion media,,3,No hay ninguna persona en educacion superior,,3,2,2,2,1,2,2,2,2,2,2,2,2,2,2,2,1,-99,-99,-99,-99,-99,-99,,-99,1,,8,8,2,5,8,7,10,7,10,10,8,8,7,2,0,,8,5,2,0,,8,3,2,0,,8,1,9,2,0,,8,2,0,,8,6,6,8,5,7,6,9,11,7,8,4,3,2,3,la x,La X,1,1,1,0,0,1,-99,-99,-99,1,-99,-99,-99,-99,-99,-99,-99,,-99,-99,-99,-99,-99,-99,-99,1,-99,-99,-99,,2,,-99,-99,-99,-99,-99,-99,-99,,2,,-99,-99,-99,-99,-99,-99,-99,,3,5,,6,,1,2,,,3,3,3,3,5,9,2,1,2,2,6,,2,2,0,0,0,1,,24,1,2,6,1,1,,19,,riveras 9
7771,10,4,2,1,10,,1,9,,1,10,,1,1,1,2,2,2,1,2,2,2,2,2,2,2,2,1,1,-99,-99,-99,-99,-99,-99,,-99,1,,10,10,8,10,9,10,8,9,8,7,10,8,7,2,0,,6,2,1,1,7,5,3,2,0,,10,7,10,2,0,,8,2,0,,8,8,9,7,9,9,4,11,8,7,10,4,5,3,3,catedral,La Catedral,2,1,0,1,0,2,-99,-99,-99,-99,-99,-99,-99,-99,-99,-99,-99,,-99,-99,-99,-99,-99,-99,-99,1,-99,-99,-99,,2,,-99,-99,-99,-99,-99,-99,-99,,2,,-99,-99,-99,-99,-99,-99,-99,,3,5,,2,,1,2,,,3,9,8,5,8,9,1,1,2,1,2,,2,2,0,0,0,1,,43,2,1,2,1,1,,2,,riveras del bravo 9
7771,10,4,3,2,,,0,,,0,,,0,1,1,1,1,2,2,2,2,2,2,2,2,2,2,1,1,-99,-99,-99,-99,-99,-99,,-99,1,,9,8,2,5,9,2,10,10,10,10,7,7,7,2,0,,10,3,2,0,,10,3,2,0,,4,1,5,2,0,,8,2,0,,8,7,7,7,5,5,5,11,1,8,3,3,3,3,2,catedral,La Catedral,0,2,,,,1,1,-99,-99,-99,-99,-99,-99,-99,-99,-99,-99,,-99,-99,-99,-99,1,-99,-99,-99,-99,-99,-99,,2,,-99,-99,-99,-99,-99,-99,-99,,2,,-99,-99,-99,-99,-99,-99,-99,,4,15,,5,,1,2,,,1,8,10,10,5,10,2,1,2,1,1,,2,2,0,0,0,2,,68,4,2,2,1,1,,1,,riveras del bravo 9
7771,10,3,2,2,,,0,,,0,,,0,1,2,1,1,2,2,2,2,2,2,2,2,2,2,2,1,-99,-99,-99,-99,-99,-99,,-99,1,,9,9,5,5,8,10,10,9,7,10,10,10,3,2,0,,10,3,2,0,,10,3,2,0,,5,2,10,2,0,,8,2,0,,8,7,7,7,5,6,5,11,10,10,5,4,3,3,1,la x,La X,0,2,,,,1,-99,-99,-99,1,-99,-99,-99,-99,1,-99,-99,,-99,-99,-99,-99,1,1,-99,-99,1,-99,-99,,1,8,-99,-99,-99,-99,-99,-99,-99,,2,,-99,-99,-99,-99,-99,-99,-99,,3,2,,5,,3,2,,,4,4,8,5,1,3,2,1,2,1,6,,2,2,0,0,0,2,,32,2,2,4,1,2,,3,,riveras del bravo 9
7771,10,4,2,2,,,0,,,0,,,0,1,1,1,1,2,1,2,2,1,2,1,2,2,2,1,1,-99,-99,-99,-99,-99,-99,,-99,1,,6,6,3,7,8,3,10,10,10,10,8,10,7,2,0,,10,4,2,0,,8,2,2,0,,7,5,8,2,0,,1,2,0,,7,5,7,6,6,4,11,11,8,7,6,4,5,5,5,la x,La X,1,2,,,,1,-99,-99,-99,-99,-99,-99,-99,1,1,-99,-99,,-99,-99,-99,-99,-99,-99,-99,1,1,-99,-99,,1,8,-99,-99,-99,-99,-99,-99,-99,,2,,-99,-99,-99,-99,-99,-99,-99,,4,5,,15,,1,2,,,3,9,6,5,3,10,2,1,2,1,2,,2,2,0,0,0,2,,48,3,9,4,1,1,,2,,riveras del bravo 9
7771,10,3,2,1,10,,1,No hay ninguna persona en educacion media,,3,No hay ninguna persona en educacion superior,,3,1,1,1,1,2,2,2,2,2,2,2,2,2,2,1,1,-99,-99,1,-99,-99,-99,,-99,4,,7,8,5,6,10,7,10,10,8,10,4,3,5,2,0,,10,3,2,0,,10,3,2,0,,5,6,3,2,0,,7,2,0,,8,8,6,6,5,5,2,0,7,8,5,3,4,4,4,la x,La X,0,1,1,0,0,2,-99,-99,-99,-99,-99,-99,-99,-99,-99,-99,-99,,-99,-99,-99,-99,-99,1,-99,-99,-99,-99,-99,,2,,-99,-99,-99,-99,-99,-99,-99,,2,,-99,-99,-99,-99,-99,-99,-99,,2,5,,2,,1,2,,,2,1,10,9,5,7,2,1,2,2,6,,2,2,0,0,0,1,,29,1,1,9,1,2,,2,,riveras del bravo 9
7771,10,3,3,2,,,0,,,0,,,0,1,1,2,1,2,2,2,2,1,2,2,1,2,1,1,-99,-99,-99,1,-99,-99,-99,,-99,4,,8,8,10,5,10,9,10,10,10,8,7,8,7,2,0,,10,4,2,0,,10,3,2,0,,5,6,10,2,0,,8,2,0,,10,8,7,5,5,5,8,11,10,10,10,4,5,5,3,la x,La X,1,2,,,,2,-99,-99,-99,-99,-99,-99,-99,-99,-99,-99,-99,,-99,-99,-99,-99,-99,1,-99,-99,-99,-99,-99,,2,,-99,-99,-99,-99,-99,-99,-99,,2,,-99,-99,-99,-99,-99,-99,-99,,4,5,,2,,1,2,,,1,9,1,5,4,10,2,2,2,1,6,,2,2,0,0,0,2,,20,1,1,2,2,19,,1,,riveras delbravo etapa 9
7771,10,2,3,2,,,0,,,0,,,0,1,1,1,1,2,2,2,2,2,2,2,2,2,2,2,1,-99,-99,-99,-99,-99,-99,,-99,1,,9,10,9,8,9,10,10,10,10,10,10,10,7,2,0,,8,2,1,1,6,10,3,2,0,,9,9,9,2,0,,6,2,0,,9,8,7,7,7,7,7,0,8,9,0,4,5,5,5,la x,La X,0,1,0,0,1,2,-99,-99,-99,-99,-99,-99,-99,-99,-99,-99,-99,,-99,-99,-99,-99,-99,1,-99,-99,-99,-99,-99,,2,,-99,-99,-99,-99,-99,-99,-99,,2,,-99,-99,-99,-99,-99,-99,-99,,4,3,,15,,1,2,,,2,1,8,5,7,8,2,1,2,1,2,,2,1,1,1,1,1,,61,4,1,4,1,1,,1,,rivera 9 o portal del valle
7771,10,3,3,2,,,0,,,0,,,0,1,2,1,1,2,2,2,2,2,2,2,2,2,2,2,1,-99,-99,-99,-99,-99,-99,,-99,1,,1,1,1,1,1,1,10,10,10,10,10,1,7,2,0,,10,5,2,0,,1,4,1,1,5,1,1,1,2,0,,1,2,0,,1,11,0,0,0,0,0,0,1,0,0,4,3,3,3,monumento a juarez,El monumento a Benito Juárez,0,1,1,0,1,1,-99,-99,-99,1,-99,-99,-99,-99,1,-99,-99,,-99,-99,-99,-99,-99,-99,-99,-99,1,-99,-99,,1,1,1,-99,-99,1,-99,-99,1,se termina temprano,2,,-99,-99,-99,-99,-99,-99,-99,,4,5,,3,,1,2,,,3,9,10,10,1,10,1,1,1,1,6,,2,2,0,0,0,1,,48,3,2,3,1,1,,2,,rivera del brqvo 9
7771,10,3,3,2,,,0,,,0,,,0,1,2,1,1,2,2,2,2,2,2,2,2,2,2,2,1,-99,-99,1,-99,-99,-99,,-99,4,,8,8,7,10,10,10,10,10,5,10,8,7,7,2,0,,10,5,2,0,,10,3,2,0,,5,5,5,2,0,,1,2,0,,10,7,5,7,9,1,7,11,0,5,0,4,5,3,1,monumento a benito juarez,El monumento a Benito Juárez,3,2,,,,1,-99,-99,-99,-99,-99,-99,-99,1,-99,-99,-99,,-99,-99,-99,-99,-99,-99,-99,1,-99,-99,-99,,2,,-99,-99,-99,-99,-99,-99,-99,,2,,-99,-99,-99,-99,-99,-99,-99,,3,18,,2,,1,2,,,3,2,5,9,5,5,2,2,2,2,6,,2,2,0,0,0,1,,57,3,9,2,1,2,,3,,portal del valle
7771,10,4,1,1,10,,1,No hay ninguna persona en educacion media,,3,No hay ninguna persona en educacion superior,,3,1,1,1,1,2,1,2,2,1,2,2,2,2,1,1,1,-99,-99,-99,1,-99,-99,,-99,5,,9,10,8,7,10,10,10,10,10,10,10,5,7,2,0,,10,5,2,0,,10,3,2,0,,5,5,5,2,0,,6,2,0,,8,7,6,5,9,6,9,0,8,5,11,3,4,4,4,la x,La X,0,1,2,0,1,1,-99,-99,-99,1,-99,-99,-99,-99,1,1,-99,,1,-99,-99,-99,-99,-99,-99,-99,1,1,-99,,1,1,1,1,-99,1,1,-99,-99,,1,10,-99,-99,-99,-99,-99,-99,-99,,4,4,,7,,1,2,,,3,1,8,7,5,10,2,1,2,1,1,,2,2,0,0,0,2,,25,1,2,4,1,2,,4,,riveras 9
7771,10,4,4,2,,,0,,,0,,,0,1,1,2,1,2,2,2,2,2,2,2,2,2,2,1,1,-99,-99,1,-99,-99,-99,,-99,4,,8,11,8,9,8,9,8,2,8,8,8,5,7,2,0,,8,2,2,0,,10,3,2,0,,2,2,2,2,0,,3,2,0,,8,8,3,5,4,4,6,0,8,9,10,1,4,4,4,catedral,La Catedral,1,2,,,,1,-99,-99,-99,-99,-99,-99,-99,-99,1,-99,-99,,-99,-99,-99,-99,-99,-99,-99,-99,1,-99,-99,,1,8,-99,-99,-99,-99,-99,-99,-99,,2,,-99,-99,-99,-99,-99,-99,-99,,4,3,,2,,1,2,,,2,2,9,8,8,9,1,1,1,1,2,,2,2,0,0,0,2,,54,3,2,6,1,2,,3,,vriveras de amazonad
7771,10,4,2,1,5,,1,No hay ninguna persona en educacion media,,3,8,,1,1,1,1,1,2,2,2,2,2,2,1,2,2,2,1,1,-99,-99,1,-99,-99,-99,,-99,4,,7,6,8,7,9,10,8,8,5,8,7,6,7,2,0,,7,2,2,0,,9,3,2,0,,6,8,5,2,0,,3,2,0,,5,5,6,5,3,6,3,0,10,5,3,4,4,4,4,la x,La X,2,1,1,0,2,1,-99,-99,-99,1,-99,-99,-99,-99,1,-99,-99,,-99,-99,-99,-99,-99,-99,-99,1,1,-99,-99,,1,6,1,-99,-99,-99,-99,-99,-99,,2,,-99,-99,-99,-99,-99,-99,-99,,3,19,la educación,5,,1,2,,,3,2,10,5,5,4,2,1,2,1,5,,2,2,0,0,0,1,,24,1,2,6,1,1,,2,,portal del valle
7771,10,3,2,2,,,0,,,0,,,0,1,1,1,1,2,1,2,2,2,2,2,2,2,2,1,-99,1,-99,-99,-99,-99,-99,,-99,2,,8,8,8,7,7,7,6,5,7,9,5,9,7,2,0,,9,5,2,0,,10,3,2,0,,6,5,7,2,0,,4,2,0,,6,7,7,7,7,7,7,2,3,5,7,4,4,3,2,parque ee los patoz,El Parque Central,0,2,,,,2,-99,-99,-99,-99,-99,-99,-99,-99,-99,-99,-99,,-99,-99,-99,-99,-99,1,-99,-99,-99,-99,-99,,2,,-99,-99,-99,-99,-99,-99,-99,,2,,-99,-99,-99,-99,-99,-99,-99,,4,5,,2,,1,2,,,3,8,5,6,9,10,2,1,2,2,4,,2,2,0,0,0,1,,22,1,1,5,1,1,,1,,riveras de zula
7748,8,3,2,1,No hay ninguna persona en nivel basico,,3,6,,1,7,,1,1,1,1,1,2,1,1,2,1,2,2,2,2,1,1,1,-99,-99,-99,-99,-99,-99,,-99,1,,8,6,8,5,6,6,8,7,9,7,6,9,7,2,0,,10,5,2,0,,8,3,2,0,,7,6,5,1,2,5,8,2,0,,6,8,8,8,8,3,5,2,5,5,3,4,4,2,2,la catedral,La Catedral,1,2,,,,1,-99,-99,-99,-99,-99,-99,-99,1,-99,-99,-99,,-99,-99,-99,-99,-99,-99,-99,1,-99,-99,-99,,2,,-99,-99,-99,-99,-99,-99,-99,,2,,-99,-99,-99,-99,-99,-99,-99,,4,9,,5,,1,2,,,4,9,8,6,8,9,2,1,2,1,3,,2,2,0,0,0,2,,38,2,2,4,1,1,,1,,portal de el roble
7748,8,3,2,2,,,0,,,0,,,0,1,2,1,1,2,2,2,2,1,2,2,2,2,2,1,1,-99,-99,-99,-99,-99,-99,,-99,1,,8,8,7,7,7,6,8,8,4,10,2,10,5,1,1,6,10,5,2,0,,10,3,2,0,,7,9,5,2,0,,5,2,0,,7,7,8,8,3,8,6,1,6,5,0,4,4,4,4,la x,La X,2,2,,,,1,-99,-99,-99,-99,-99,-99,-99,1,-99,-99,-99,,-99,-99,-99,-99,-99,-99,-99,1,-99,-99,-99,,2,,-99,-99,-99,-99,-99,-99,-99,,2,,-99,-99,-99,-99,-99,-99,-99,,4,5,,9,,1,2,,,3,9,7,3,7,10,1,1,1,2,5,,2,2,0,0,0,2,,40,2,2,6,1,1,,2,,portal de el roble
7748,8,3,2,2,,,0,,,0,,,0,1,1,2,1,2,1,2,2,2,2,2,2,2,1,1,1,-99,-99,-99,-99,-99,-99,,-99,1,,5,5,5,10,9,5,10,5,5,10,5,5,5,2,0,,5,5,2,0,,10,3,2,0,,5,5,5,2,0,,1,2,0,,2,5,5,5,5,5,5,0,0,5,2,4,4,2,2,la x,La X,2,2,,,,2,-99,-99,-99,-99,-99,-99,-99,-99,-99,-99,-99,,-99,-99,-99,-99,-99,-99,-99,1,-99,-99,-99,,2,,-99,-99,-99,-99,-99,-99,-99,,2,,-99,-99,-99,-99,-99,-99,-99,,4,7,,2,,2,2,,,4,2,5,5,7,8,2,1,2,1,2,,2,2,0,0,0,1,,23,1,1,4,1,1,,1,,portal deel roble
7748,8,4,2,1,9,,1,No hay ninguna persona en educacion media,,3,No hay ninguna persona en educacion superior,,3,1,1,1,1,2,2,2,2,1,2,2,2,2,2,2,1,-99,-99,-99,-99,-99,-99,,-99,1,,7,8,7,7,7,8,9,8,7,7,9,10,7,2,0,,5,5,2,0,,6,3,2,0,,7,8,6,2,0,,6,2,0,,7,8,8,8,8,6,4,5,6,5,5,4,4,4,4,la precidencia,La Presidencia,1,2,,,,1,-99,-99,-99,-99,-99,1,-99,-99,-99,-99,-99,,-99,-99,-99,-99,-99,1,-99,-99,-99,-99,-99,,2,,-99,-99,-99,-99,-99,-99,-99,,2,,-99,-99,-99,-99,-99,-99,-99,,4,2,,7,,3,2,,,3,3,7,6,8,8,1,1,2,2,3,,2,2,0,0,0,2,,36,2,7,4,2,19,,19,,portal deel roble
7748,8,2,2,2,,,0,,,0,,,0,1,1,1,1,2,2,2,2,1,2,2,2,2,2,1,-99,-99,-99,1,-99,-99,-99,,-99,4,,8,9,8,10,10,7,9,9,5,5,9,5,7,2,0,,10,3,2,0,,10,3,2,0,,6,10,6,2,0,,9,2,0,,8,5,9,11,10,4,7,11,1,9,5,3,3,3,3,la x,La X,0,2,,,,1,-99,-99,-99,-99,-99,-99,-99,-99,1,-99,-99,,-99,-99,-99,-99,1,-99,-99,-99,1,-99,-99,,1,8,-99,-99,-99,-99,-99,-99,-99,,2,,-99,-99,-99,-99,-99,-99,-99,,4,16,,7,,1,2,,,1,1,10,6,4,8,2,2,2,2,6,,2,2,0,0,0,2,,70,4,2,4,1,1,,1,,portal del roble
7748,8,1,2,1,8,,1,10,,1,No hay ninguna persona en educacion superior,,3,1,1,1,1,2,1,2,2,2,2,2,2,2,2,2,1,-99,-99,-99,-99,-99,-99,,-99,1,,5,5,5,3,5,8,9,7,8,10,6,6,7,2,0,,7,3,2,0,,10,3,2,0,,6,7,6,2,0,,1,2,0,,1,8,10,10,9,6,8,11,11,6,3,1,3,4,1,parque central,El Parque Central,1,2,,,,2,-99,-99,-99,-99,-99,-99,-99,-99,-99,-99,-99,,-99,-99,-99,-99,-99,-99,-99,1,-99,-99,-99,,2,,-99,-99,-99,-99,-99,-99,-99,,2,,-99,-99,-99,-99,-99,-99,-99,,2,16,,9,,1,2,,,2,1,6,4,5,5,2,2,2,1,2,,2,2,0,0,0,2,,46,3,1,4,1,1,,1,,portal del roble
7748,8,3,3,2,,,0,,,0,,,0,1,2,2,1,2,1,2,2,1,2,2,2,2,2,1,1,-99,-99,-99,-99,-99,-99,,-99,1,,8,8,5,8,8,3,9,6,5,10,10,10,7,2,0,,10,3,2,0,,10,3,2,0,,5,10,6,2,0,,5,2,0,,8,7,8,8,8,8,6,11,5,9,3,1,3,2,2,la x,La X,0,2,,,,2,-99,-99,-99,-99,-99,-99,-99,-99,-99,-99,-99,,1,-99,-99,-99,1,-99,-99,-99,-99,-99,-99,,2,,-99,-99,-99,-99,-99,-99,-99,,2,,-99,-99,-99,-99,-99,-99,-99,,2,2,,15,,1,2,,,2,9,10,6,5,10,2,1,2,2,2,,2,2,0,0,0,1,,53,3,1,2,1,1,,2,,portal del roble
7748,8,4,2,1,10,,1,9,,1,9,,1,1,1,1,1,2,2,2,2,2,2,2,2,2,2,1,1,-99,-99,-99,-99,-99,-99,,-99,1,,9,9,9,8,8,9,10,10,10,9,9,9,7,2,0,,9,3,2,0,,10,3,2,0,,10,10,10,2,0,,5,2,0,,9,8,8,9,8,5,9,11,10,9,9,4,5,5,2,la x,La X,2,2,,,,1,-99,-99,-99,-99,-99,-99,-99,1,-99,-99,-99,,-99,-99,-99,-99,-99,-99,-99,1,-99,-99,-99,,2,,-99,-99,-99,-99,-99,-99,-99,,2,,-99,-99,-99,-99,-99,-99,-99,,4,5,,6,,3,2,,,3,1,8,9,5,8,2,1,2,2,2,,2,2,0,0,0,2,,38,2,1,4,1,1,,2,,portal del roble
7748,8,4,1,2,,,0,,,0,,,0,2,2,2,2,2,1,2,2,2,2,2,2,2,2,2,1,-99,-99,-99,-99,-99,-99,,-99,1,,7,6,7,6,9,10,10,8,2,9,10,9,7,2,0,,9,5,2,0,,10,2,2,0,,9,5,8,2,0,,2,2,0,,9,5,6,8,6,8,8,11,11,5,7,4,3,3,3,la x,La X,1,1,1,0,0,1,-99,-99,-99,-99,-99,-99,-99,1,-99,-99,-99,,-99,-99,-99,-99,-99,-99,-99,1,-99,-99,-99,,2,,-99,-99,-99,-99,-99,-99,-99,,2,,-99,-99,-99,-99,-99,-99,-99,,3,2,,6,,1,2,,,3,3,6,6,1,3,2,1,2,1,1,,2,2,0,0,0,2,,29,1,2,6,1,2,,3,,portal del roble
7748,8,3,2,2,,,0,,,0,,,0,2,2,2,1,2,2,2,2,2,2,2,2,2,2,2,1,-99,-99,-99,-99,-99,-99,,-99,1,,5,5,6,5,5,6,9,5,9,10,9,7,7,2,0,,7,4,2,0,,9,3,2,0,,9,10,8,2,0,,5,2,0,,5,4,6,7,5,5,8,11,7,7,5,4,3,4,3,la x,La X,1,2,,,,2,-99,-99,-99,-99,-99,-99,-99,-99,-99,-99,-99,,-99,-99,-99,-99,-99,-99,-99,1,-99,-99,-99,,2,,-99,-99,-99,-99,-99,-99,-99,,2,,-99,-99,-99,-99,-99,-99,-99,,3,7,,5,,3,2,,,3,2,7,4,2,5,2,1,2,1,6,,1,0,3,3,3,2,,66,4,8,6,1,3,,3,,portal del roble
7748,8,3,3,2,,,0,,,0,,,0,2,2,2,1,2,2,2,2,2,2,2,2,2,2,2,-99,-99,-99,1,-99,-99,-99,,-99,4,,9,6,9,9,9,10,10,8,10,10,8,8,7,2,0,,10,5,2,0,,9,3,2,0,,8,6,8,2,0,,6,2,0,,8,5,6,7,6,6,8,11,11,8,8,4,3,3,4,catedral,La Catedral,0,2,,,,2,-99,-99,-99,-99,-99,-99,-99,-99,-99,-99,-99,,-99,-99,-99,-99,-99,1,-99,-99,-99,-99,-99,,2,,-99,-99,-99,-99,-99,-99,-99,,2,,-99,-99,-99,-99,-99,-99,-99,,3,9,,2,,3,2,,,2,1,5,5,7,3,2,1,2,2,1,,2,2,0,0,0,1,,32,2,1,4,1,1,,1,,portal de roble
7748,8,2,3,1,10,,1,No hay ninguna persona en educacion media,,3,No hay ninguna persona en educacion superior,,3,2,2,2,2,2,1,2,2,2,2,2,2,2,2,2,1,-99,-99,-99,-99,-99,-99,,-99,1,,8,6,9,8,6,10,10,6,7,9,10,9,7,2,0,,9,5,2,0,,9,3,2,0,,8,6,9,2,0,,5,2,0,,8,6,5,5,7,5,5,11,9,7,6,2,3,3,2,la x,La X,2,2,,,,2,-99,-99,-99,-99,-99,-99,-99,-99,-99,-99,-99,,-99,-99,-99,-99,-99,-99,-99,1,-99,-99,-99,,2,,-99,-99,-99,-99,-99,-99,-99,,2,,-99,-99,-99,-99,-99,-99,-99,,3,2,,6,,1,2,,,3,2,2,6,6,7,2,1,2,2,1,,2,2,0,0,0,1,,28,1,1,4,2,19,,2,,portal fel roble
7748,8,3,3,1,7,,1,No hay ninguna persona en educacion media,,3,No hay ninguna persona en educacion superior,,3,1,2,2,2,2,2,2,2,2,2,2,2,2,2,2,1,-99,-99,1,-99,-99,-99,,-99,4,,7,7,7,11,8,8,8,6,3,5,5,5,4,2,0,,8,3,2,0,,10,3,2,0,,2,2,2,2,0,,1,2,0,,3,1,1,1,1,1,0,0,11,5,0,1,1,1,1,lax,La X,2,2,,,,2,-99,-99,-99,-99,-99,-99,-99,-99,-99,-99,-99,,-99,-99,-99,-99,-99,-99,-99,1,-99,-99,-99,,2,,-99,-99,-99,-99,-99,-99,-99,,2,,-99,-99,-99,-99,-99,-99,-99,,1,5,,9,,1,2,,,2,9,6,7,1,5,2,1,2,2,2,,2,2,0,0,0,1,,32,2,1,4,1,1,,1,,portal del roble
7748,8,3,2,2,,,0,,,0,,,0,1,1,1,1,1,1,1,1,2,2,2,2,2,2,1,-99,-99,-99,1,-99,-99,-99,,-99,4,,9,9,9,10,10,7,10,10,10,10,8,8,7,2,0,,10,2,2,0,,10,3,2,0,,9,8,8,2,0,,5,2,0,,6,8,8,8,8,8,6,0,7,7,0,4,5,5,5,elmonumnto,El monumento a Benito Juárez,1,2,,,,1,-99,-99,-99,-99,-99,-99,-99,1,-99,-99,-99,,-99,-99,-99,-99,-99,-99,-99,1,-99,-99,-99,,2,,-99,-99,-99,-99,-99,-99,-99,,2,,-99,-99,-99,-99,-99,-99,-99,,4,5,,9,,1,2,,,1,1,7,4,7,8,2,1,2,2,2,,2,2,0,0,0,2,,52,3,9,4,1,1,,1,,portal del roble
7748,8,3,2,1,9,,1,No hay ninguna persona en educacion media,,3,No hay ninguna persona en educacion superior,,3,1,1,1,2,2,1,2,2,2,2,2,2,2,2,1,1,-99,-99,1,-99,-99,-99,,-99,4,,7,10,8,10,5,8,9,10,7,10,7,8,7,2,0,,10,5,2,0,,10,3,2,0,,5,5,5,2,0,,5,2,0,,8,11,0,0,0,0,5,0,6,7,8,4,5,1,1,elchamizal,El Chamizal,1,1,1,1,0,1,-99,-99,-99,1,-99,-99,-99,-99,-99,-99,-99,,-99,-99,-99,-99,-99,-99,-99,1,-99,-99,-99,,2,,-99,-99,-99,-99,-99,-99,-99,,2,,-99,-99,-99,-99,-99,-99,-99,,4,5,,7,,1,2,,,3,1,7,3,5,5,1,1,1,1,6,,2,2,0,0,0,1,,31,2,2,4,1,1,,1,,portal delroble
7748,8,2,2,2,,,0,,,0,,,0,1,1,1,2,2,2,2,2,2,2,2,2,2,1,1,-99,-99,-99,1,-99,-99,-99,,-99,4,,9,9,8,10,10,10,9,9,8,9,7,10,7,2,0,,9,3,2,0,,10,3,2,0,,7,7,7,2,0,,2,2,0,,8,7,7,1,2,1,8,11,9,5,2,3,4,3,3,la x,La X,2,1,1,0,0,2,-99,-99,-99,-99,-99,-99,-99,-99,-99,-99,-99,,-99,-99,-99,-99,-99,-99,-99,1,-99,-99,-99,,2,,-99,-99,-99,-99,-99,-99,-99,,2,,-99,-99,-99,-99,-99,-99,-99,,4,5,,9,,1,2,,,2,11,8,5,2,8,2,1,2,2,1,,2,2,0,0,0,1,,28,1,1,6,1,1,,1,,portal del roble
7748,8,3,3,2,,,0,,,0,,,0,1,1,1,1,2,2,2,2,2,2,2,2,2,1,1,1,-99,-99,-99,-99,-99,-99,,-99,1,,10,10,7,10,10,1,10,10,10,10,10,8,7,2,0,,10,4,1,1,10,10,3,2,0,,10,10,10,1,1,10,9,2,0,,10,11,0,0,0,0,2,2,2,4,2,4,2,3,3,la x,La X,0,2,,,,2,-99,-99,-99,-99,-99,-99,-99,-99,-99,-99,-99,,-99,-99,-99,-99,-99,1,-99,-99,-99,-99,-99,,1,3,-99,-99,-99,-99,-99,-99,1,mas rutaspara acq,1,1,-99,-99,-99,-99,-99,-99,1,trajetae umcaos,3,5,,19,picaderos,1,2,,,3,1,3,3,3,3,2,1,1,1,7,perros,2,2,0,0,0,2,,60,4,8,4,1,5,mes,5,mes,portal del roble
7748,8,1,3,1,10,,1,No hay ninguna persona en educacion media,,3,No hay ninguna persona en educacion superior,,3,1,2,1,1,2,2,2,2,2,2,2,2,2,1,1,1,-99,1,-99,-99,-99,-99,,-99,3,,3,4,1,3,6,3,10,10,10,5,10,10,7,2,0,,10,5,2,0,,10,3,2,0,,5,8,9,2,0,,5,2,0,,5,11,0,0,0,0,8,2,2,8,8,1,2,3,3,la catedral,La Catedral,1,1,2,0,1,1,-99,-99,-99,-99,-99,-99,-99,-99,1,1,-99,,-99,-99,-99,-99,-99,-99,-99,1,1,1,-99,,1,5,1,1,1,1,1,1,-99,,1,10,-99,-99,-99,-99,-99,-99,-99,,3,2,,10,,2,1,policias,revisar celular uso de fuerza,2,10,8,4,3,10,2,1,2,1,4,,2,2,0,0,0,2,,38,2,2,4,1,1,,2,,portal del robr
7748,8,3,2,1,8,,1,8,,1,No hay ninguna persona en educacion superior,,3,1,1,1,1,2,1,2,2,2,2,2,2,2,2,1,1,-99,-99,-99,-99,-99,-99,,-99,1,,5,5,1,5,5,1,10,10,10,10,5,5,7,1,2,1,5,5,1,1,2,9,4,2,0,,1,1,5,2,0,,5,2,0,,2,5,5,1,1,2,5,5,2,5,3,1,5,4,4,rl central,El Parque Central,0,1,2,0,2,1,-99,-99,-99,1,-99,-99,-99,-99,1,-99,-99,,-99,-99,-99,-99,-99,-99,-99,-99,1,-99,-99,,1,5,1,-99,-99,-99,-99,-99,1,mas camiones,2,,-99,-99,-99,-99,-99,-99,-99,,2,19,alumbrado,16,,1,1,policias,quitan terfonos,5,10,4,2,3,2,2,1,2,2,7,alumbrado,2,2,0,0,0,1,,39,2,2,4,1,1,,2,,portaldel roble
7748,8,3,2,1,10,,1,No hay ninguna persona en educacion media,,3,No hay ninguna persona en educacion superior,,3,1,1,1,1,2,1,1,2,2,2,2,2,2,1,1,1,-99,-99,-99,-99,-99,-99,,-99,1,,2,6,1,3,5,5,6,5,5,7,7,10,7,2,0,,7,4,2,0,,9,3,2,0,,10,10,5,2,0,,6,2,0,,5,5,6,6,5,2,4,7,7,6,10,2,3,3,3,la x,La X,1,1,2,5,3,1,-99,-99,-99,-99,-99,-99,-99,1,-99,-99,-99,,-99,-99,-99,-99,-99,-99,-99,1,-99,-99,-99,,2,,-99,-99,-99,-99,-99,-99,-99,,2,,-99,-99,-99,-99,-99,-99,-99,,3,19,semaforos,5,,1,1,policia mun,discriminacion,1,9,7,3,3,5,2,2,2,2,4,,2,2,0,0,0,2,,29,1,9,6,1,1,,2,,portal del roble
5972,8,3,2,2,,,0,,,0,,,0,1,2,1,1,2,2,2,2,1,2,2,2,2,2,2,-99,-99,-99,1,1,-99,-99,,-99,5,,10,10,10,10,9,8,10,10,10,10,10,9,7,2,0,,10,4,2,0,,10,3,2,0,,8,10,6,2,0,,7,2,0,,10,10,8,8,5,5,6,11,1,6,9,4,3,3,2,la x,La X,1,2,,,,2,-99,-99,-99,-99,-99,-99,-99,-99,-99,-99,-99,,-99,-99,-99,-99,-99,-99,-99,1,-99,-99,-99,,2,,-99,-99,-99,-99,-99,-99,-99,,2,,-99,-99,-99,-99,-99,-99,-99,,3,6,,5,,1,2,,,2,1,10,6,7,9,2,1,2,1,2,,2,2,0,0,0,2,,48,3,1,2,1,1,,1,,tierra nueva 1
5972,8,2,3,1,9,,1,8,,1,No hay ninguna persona en educacion superior,,3,1,2,1,1,2,2,2,2,2,2,1,2,2,2,2,1,-99,-99,-99,-99,-99,-99,,-99,1,,3,3,3,7,9,10,9,7,8,10,10,10,7,2,0,,10,4,2,0,,10,3,2,0,,6,6,7,2,0,,8,2,0,,7,7,8,7,5,5,7,11,11,7,7,4,5,5,3,monumento a benito Juárez,El monumento a Benito Juárez,2,1,1,1,0,2,-99,-99,-99,-99,-99,-99,-99,-99,-99,-99,-99,,-99,-99,-99,-99,-99,-99,-99,1,-99,-99,-99,,2,,-99,-99,-99,-99,-99,-99,-99,,2,,-99,-99,-99,-99,-99,-99,-99,,4,5,,2,,1,2,,,3,1,9,8,5,9,1,1,2,1,1,,2,2,0,0,0,2,,49,3,4,6,2,19,,1,,tierra nueva
5972,8,1,3,2,,,0,,,0,,,0,1,2,1,1,2,2,2,2,1,2,2,2,2,2,2,-99,-99,1,1,-99,-99,-99,,-99,4,,8,8,5,5,9,8,10,10,9,8,10,7,7,2,0,,10,4,2,0,,10,3,2,0,,5,10,8,2,0,,10,2,0,,8,9,9,9,7,7,6,11,5,10,3,3,3,3,3,la x,La X,0,2,,,,2,-99,-99,-99,-99,-99,-99,-99,-99,-99,-99,-99,,-99,-99,-99,-99,-99,-99,-99,1,-99,-99,-99,,2,,-99,-99,-99,-99,-99,-99,-99,,2,,-99,-99,-99,-99,-99,-99,-99,,3,2,,9,,3,2,,,1,1,10,5,4,8,2,1,2,1,3,,2,2,0,0,0,1,,76,4,1,3,1,1,,1,,portal del roble
5972,8,3,3,2,,,0,,,0,,,0,1,1,1,1,2,2,2,2,2,2,2,2,2,2,1,1,-99,-99,-99,-99,-99,-99,,-99,1,,8,10,8,9,10,8,10,10,10,10,10,10,7,2,0,,10,4,2,0,,10,3,2,0,,10,10,8,2,0,,10,2,0,,6,10,9,8,8,8,6,11,9,8,10,4,5,5,5,la x,La X,1,2,,,,1,-99,-99,-99,-99,-99,-99,1,-99,1,-99,-99,,-99,-99,-99,-99,-99,-99,1,-99,1,-99,-99,,1,6,1,-99,-99,-99,-99,-99,-99,,2,,-99,-99,-99,-99,-99,-99,-99,,4,5,,2,,4,2,,,2,8,10,9,7,10,2,2,2,2,1,,2,2,0,0,0,2,,62,4,1,3,1,1,,2,,tierra nueva etapa 1
5972,8,4,2,2,,,0,,,0,,,0,1,1,1,1,1,2,1,2,2,2,2,1,2,1,1,1,1,-99,-99,1,-99,-99,,-99,5,,9,9,6,9,9,10,10,10,10,9,9,9,7,2,0,,8,3,2,0,,8,3,2,0,,6,7,3,2,0,,3,2,0,,5,3,6,3,6,5,6,11,8,3,3,3,5,5,2,la x,La X,2,1,3,0,1,1,-99,-99,-99,-99,-99,1,1,-99,-99,-99,-99,,-99,-99,-99,-99,-99,-99,-99,1,-99,-99,-99,,2,,-99,-99,-99,-99,-99,-99,-99,,2,,-99,-99,-99,-99,-99,-99,-99,,3,5,,13,,1,2,,,5,6,6,3,1,6,2,1,2,2,5,,2,2,0,0,0,2,,31,2,2,8,1,3,,2,,tierra nueva 1
5972,8,4,2,2,,,0,,,0,,,0,1,1,1,1,2,1,1,2,1,1,2,1,2,1,1,1,-99,-99,-99,-99,-99,-99,,-99,1,,8,8,6,10,9,1,10,10,10,10,10,10,7,2,0,,10,4,2,0,,10,3,2,0,,10,10,7,2,0,,10,2,0,,8,8,9,10,7,7,9,11,9,8,7,4,3,3,2,las letras del centro,Letras JRZ,1,2,,,,2,-99,-99,-99,-99,-99,-99,-99,-99,-99,-99,-99,,-99,-99,-99,-99,-99,-99,-99,1,-99,-99,-99,,1,9,-99,-99,-99,-99,-99,-99,-99,,2,,-99,-99,-99,-99,-99,-99,-99,,4,5,,6,,1,2,,,3,2,10,8,8,10,1,1,1,1,1,,2,2,0,0,0,2,,19,1,4,7,2,19,,1,,tierra nueva 1
5972,8,1,3,1,No hay ninguna persona en nivel basico,,3,No hay ninguna persona en educacion media,,3,8,,1,2,1,2,2,2,2,2,2,2,2,2,2,2,2,2,1,-99,-99,-99,-99,-99,-99,,-99,1,,8,7,9,8,9,9,10,7,10,10,6,8,7,2,0,,9,5,2,0,,9,3,2,0,,8,8,9,2,0,,6,2,0,,8,8,6,5,5,7,9,11,7,5,4,4,3,4,3,catedral,La Catedral,2,2,,,,2,-99,-99,-99,-99,-99,-99,-99,-99,-99,-99,-99,,-99,-99,-99,-99,-99,-99,-99,1,-99,-99,-99,,2,,-99,-99,-99,-99,-99,-99,-99,,2,,-99,-99,-99,-99,-99,-99,-99,,4,5,,7,,1,2,,,1,1,3,4,2,8,2,1,2,2,1,,1,0,2,1,2,1,,53,3,1,4,1,1,,2,,tierra nueva 1
5972,8,2,3,2,,,0,,,0,,,0,2,2,2,1,2,2,2,2,2,2,2,2,2,2,2,-99,-99,-99,1,-99,-99,-99,,-99,4,,9,8,9,9,9,6,9,8,9,9,8,9,7,2,0,,9,5,2,0,,9,3,2,0,,7,9,7,2,0,,9,2,0,,8,6,6,7,6,7,8,11,8,6,7,4,3,3,4,la x,La X,0,2,,,,2,-99,-99,-99,-99,-99,-99,-99,-99,-99,-99,-99,,-99,-99,-99,-99,-99,-99,-99,-99,-99,-99,1,SE RESERVA,2,,-99,-99,-99,-99,-99,-99,-99,,2,,-99,-99,-99,-99,-99,-99,-99,,4,2,,7,,1,2,,,3,5,1,4,1,4,2,1,2,1,1,,2,1,2,2,2,2,,61,4,9,3,1,1,,1,,tierra nueva 1
5972,8,3,2,2,,,0,,,0,,,0,2,1,2,2,2,2,2,2,2,2,2,2,2,2,2,-99,-99,-99,1,-99,-99,-99,,-99,4,,8,9,9,10,10,9,10,8,9,9,9,9,7,2,0,,9,5,2,0,,10,3,2,0,,9,8,7,2,0,,6,2,0,,9,5,6,6,6,6,7,11,7,8,6,4,2,3,3,la x,La X,0,2,,,,1,1,-99,-99,-99,-99,-99,-99,-99,-99,-99,-99,,1,-99,-99,-99,-99,-99,-99,-99,-99,-99,-99,,2,,-99,-99,-99,-99,-99,-99,-99,,2,,-99,-99,-99,-99,-99,-99,-99,,4,2,,7,,3,2,,,3,2,7,5,6,9,2,2,2,2,1,,2,2,0,0,0,1,,54,3,9,4,1,1,,2,,tierra nueva 1
5972,8,3,3,2,,,0,,,0,,,0,2,2,1,2,2,2,2,2,2,2,2,2,2,2,2,-99,-99,-99,1,-99,-99,-99,,-99,4,,8,9,9,10,9,8,7,6,9,10,3,3,7,2,0,,10,5,2,0,,10,3,2,0,,9,7,8,2,0,,10,2,0,,8,4,6,6,5,4,8,11,8,8,5,4,2,3,3,la x,La X,0,1,0,0,1,2,-99,-99,-99,-99,-99,-99,-99,-99,-99,-99,-99,,1,-99,-99,-99,-99,-99,-99,-99,-99,-99,-99,,2,,-99,-99,-99,-99,-99,-99,-99,,2,,-99,-99,-99,-99,-99,-99,-99,,4,2,,8,,3,2,,,3,2,4,4,3,5,2,1,2,1,1,,2,2,0,0,0,1,,30,2,1,5,1,1,,2,,tierra nueva 1
5972,8,2,3,2,,,0,,,0,,,0,2,1,2,2,2,2,2,2,2,2,2,2,2,2,2,1,-99,-99,-99,-99,-99,-99,,-99,1,,8,8,10,5,9,9,9,5,9,7,8,8,7,2,0,,9,5,2,0,,9,3,2,0,,9,8,8,2,0,,7,2,0,,9,5,6,6,6,6,7,11,7,8,8,4,3,2,3,la x,La X,0,2,,,,1,1,-99,-99,-99,-99,-99,-99,-99,-99,-99,-99,,1,-99,-99,-99,-99,-99,-99,-99,-99,-99,-99,,2,,-99,-99,-99,-99,-99,-99,-99,,2,,-99,-99,-99,-99,-99,-99,-99,,4,9,,6,,3,2,,,3,2,2,4,8,7,2,2,2,1,3,,2,2,0,0,0,2,,40,2,9,4,1,1,,1,,tierra nueva 1
5972,8,3,3,1,10,,1,No hay ninguna persona en educacion media,,3,No hay ninguna persona en educacion superior,,3,2,2,2,1,2,2,2,2,2,2,2,2,2,2,2,-99,-99,-99,-99,-99,-99,1,CAAPS,-99,7,CAAPS,10,9,7,9,9,10,10,8,10,10,9,6,7,2,0,,9,5,2,0,,10,3,2,0,,9,6,8,2,0,,9,2,0,,8,5,8,8,8,5,6,11,5,7,9,4,3,4,3,la x,La X,1,2,,,,1,1,-99,-99,-99,-99,-99,-99,-99,-99,-99,-99,,1,-99,-99,-99,-99,-99,-99,-99,-99,-99,-99,,2,,-99,-99,-99,-99,-99,-99,-99,,2,,-99,-99,-99,-99,-99,-99,-99,,4,9,,5,,1,2,,,3,2,8,6,6,7,2,1,2,1,3,,2,2,0,0,0,1,,53,3,9,3,1,1,,19,,tierra nueva 1
5972,8,4,2,2,,,0,,,0,,,0,1,2,2,1,2,2,2,2,2,2,2,2,2,2,2,1,-99,1,-99,-99,-99,-99,,-99,3,,9,9,8,8,9,3,10,10,10,10,10,10,7,2,0,,9,5,2,0,,8,2,2,0,,7,7,10,2,0,,8,2,0,,8,10,9,10,8,9,10,7,9,10,1,2,5,5,5,la x,La X,0,1,2,0,1,1,-99,1,-99,-99,-99,-99,-99,-99,1,-99,-99,,-99,1,-99,-99,-99,1,-99,-99,1,-99,-99,,1,5,-99,-99,-99,1,1,-99,-99,,2,,-99,-99,-99,-99,-99,-99,-99,,2,5,,13,,1,2,,,1,3,9,9,6,5,2,2,2,2,2,,2,2,0,0,0,2,,19,1,2,4,1,2,,2,,tierra nueva
5972,8,2,4,1,7,,1,10,,1,5,utilidades,1,1,1,1,1,2,1,2,1,2,2,2,1,2,2,1,-99,-99,-99,1,-99,-99,-99,,-99,4,,8,8,5,10,8,8,8,9,9,9,9,4,7,2,0,,5,4,1,1,4,9,3,2,0,,9,4,7,2,0,,7,2,0,,8,5,8,5,8,6,9,3,8,9,8,4,2,2,2,la catedral,La Catedral,1,2,,,,2,-99,-99,-99,-99,-99,-99,-99,-99,-99,-99,-99,,1,-99,-99,-99,-99,-99,-99,1,-99,-99,-99,,2,,-99,-99,-99,-99,-99,-99,-99,,2,,-99,-99,-99,-99,-99,-99,-99,,3,5,,13,,1,2,,,3,10,8,9,5,10,2,1,1,1,7,alumbradoo,2,2,0,0,0,2,,57,3,2,5,1,1,,2,,tierra nueva
5972,8,2,2,1,6,puentes,1,7,,1,No hay ninguna persona en educacion superior,,3,1,2,1,1,1,1,1,2,2,2,2,2,1,1,1,-99,-99,-99,-99,1,-99,-99,,-99,5,,8,9,9,10,9,10,10,10,9,5,10,6,7,2,0,,10,5,1,2,2,10,3,2,0,,8,9,8,2,0,,7,2,0,,9,10,8,10,4,2,2,1,8,7,2,3,5,5,5,la x,La X,2,1,0,0,1,1,-99,-99,-99,-99,-99,-99,-99,1,-99,-99,-99,,-99,-99,-99,-99,-99,-99,-99,1,-99,-99,-99,,2,,-99,-99,-99,-99,-99,-99,-99,,2,,-99,-99,-99,-99,-99,-99,-99,,2,5,,2,,1,1,municipales,rgistro obligado,3,9,7,3,4,9,2,1,2,1,7,muchos drogadictos,2,2,0,0,0,3,trans,33,2,3,11,1,3,,3,,tierra nueva
5972,8,3,3,2,,,0,,,0,,,0,1,2,2,1,2,2,2,2,2,2,2,2,2,1,1,-99,-99,-99,1,-99,-99,-99,,-99,4,,10,5,10,10,8,8,10,10,10,10,10,10,7,2,0,,10,5,2,0,,10,3,2,0,,4,10,10,2,0,,9,2,0,,8,10,10,9,8,8,10,3,3,8,8,4,3,3,3,elcentral,El Parque Central,2,2,,,,1,-99,-99,-99,-99,-99,-99,-99,1,-99,-99,-99,,-99,-99,-99,-99,-99,-99,-99,1,-99,-99,-99,,2,,-99,-99,-99,-99,-99,-99,-99,,2,,-99,-99,-99,-99,-99,-99,-99,,4,16,,3,,4,2,,,3,3,9,10,9,10,2,1,1,1,3,,2,2,0,0,0,1,,30,2,2,2,1,1,,2,,tierra nueva
5972,8,4,2,1,No hay ninguna persona en nivel basico,,3,No hay ninguna persona en educacion media,,3,10,,1,1,1,1,1,1,1,1,2,2,2,1,1,1,2,1,1,-99,1,-99,-99,-99,-99,,-99,1,,8,10,2,5,8,1,10,10,10,10,10,10,7,2,0,,10,4,1,1,10,10,3,2,0,,3,10,5,1,1,10,10,2,0,,1,10,8,8,8,1,0,0,1,10,1,2,5,5,5,la x,La X,1,1,0,0,1,1,-99,-99,-99,-99,-99,1,-99,1,-99,-99,-99,,-99,-99,-99,-99,-99,1,-99,1,-99,-99,-99,,2,,-99,-99,-99,-99,-99,-99,-99,,2,,-99,-99,-99,-99,-99,-99,-99,,4,5,,17,,1,1,municipales,tienen el control no repetan,1,4,8,5,8,9,2,1,1,2,7,autoridades enfocarseen su trabajo,2,2,0,0,0,2,,20,1,6,8,1,2,,2,,tierra nueva
5972,8,3,1,1,7,,1,No hay ninguna persona en educacion media,,3,No hay ninguna persona en educacion superior,,3,1,1,1,1,2,1,2,2,2,2,2,2,2,2,1,-99,-99,-99,-99,1,-99,-99,,-99,5,,6,10,8,10,8,10,9,8,7,7,5,1,7,2,0,,7,4,1,1,8,10,3,2,0,,6,4,5,2,0,,4,2,0,,3,8,7,10,5,10,7,2,1,7,2,2,3,4,2,la x,La X,1,1,2,0,0,1,-99,-99,-99,-99,-99,-99,-99,1,-99,-99,-99,,-99,-99,-99,-99,-99,-99,-99,1,-99,-99,-99,,2,,-99,-99,-99,-99,-99,-99,-99,,2,,-99,-99,-99,-99,-99,-99,-99,,4,16,,15,,4,1,municipald,registro obligado,2,3,7,3,5,9,2,2,2,2,2,,2,2,0,0,0,2,,43,2,2,2,1,4,,4,,tierra nueva
5972,8,4,1,2,,,0,,,0,,,0,1,1,1,1,2,1,2,2,1,2,2,2,2,2,1,1,-99,-99,-99,-99,-99,-99,,-99,1,,7,8,5,7,6,8,8,8,8,9,9,9,7,2,0,,10,5,2,0,,9,3,2,0,,5,5,6,2,0,,6,2,0,,6,8,7,7,6,7,6,4,5,5,5,4,4,4,4,la x,La X,1,1,2,0,0,1,-99,-99,-99,1,-99,-99,-99,-99,-99,-99,-99,,-99,-99,-99,-99,-99,-99,-99,1,-99,-99,-99,,2,,-99,-99,-99,-99,-99,-99,-99,,2,,-99,-99,-99,-99,-99,-99,-99,,3,5,,5,,3,2,,,3,5,7,5,7,10,2,2,2,2,5,,2,1,2,1,1,2,,28,1,2,4,1,1,,1,,tierra nueva
5972,8,3,2,2,,,0,,,0,,,0,1,1,1,1,2,1,2,1,1,2,2,1,2,1,1,1,-99,-99,-99,-99,-99,-99,,-99,1,,9,9,6,5,8,2,9,9,9,9,6,4,6,2,0,,6,5,2,0,,8,3,2,0,,6,5,6,2,0,,4,2,0,,5,5,7,5,6,4,5,6,6,6,5,3,4,4,2,la x,La X,3,2,,,,2,-99,-99,-99,-99,-99,-99,-99,-99,-99,-99,-99,,-99,-99,-99,-99,-99,-99,-99,1,-99,-99,-99,,2,,-99,-99,-99,-99,-99,-99,-99,,2,,-99,-99,-99,-99,-99,-99,-99,,4,5,,9,,1,2,,,3,9,5,7,4,10,2,1,2,1,6,,2,2,0,0,0,2,,39,2,4,11,2,19,,19,,tierra nueva
5972,8,3,1,1,10,,1,10,,1,No hay ninguna persona en educacion superior,,3,1,1,1,1,1,1,2,1,1,2,2,2,2,1,2,-99,-99,-99,-99,1,-99,-99,,-99,5,,10,10,9,7,9,10,7,8,7,8,8,6,7,2,0,,7,5,2,0,,10,3,2,0,,8,7,8,2,0,,8,2,0,,5,2,9,9,9,1,8,5,4,5,5,4,4,2,2,la x,La X,1,2,,,,1,-99,-99,-99,-99,-99,-99,-99,1,-99,-99,-99,,-99,-99,-99,-99,-99,-99,-99,1,-99,-99,-99,,2,,-99,-99,-99,-99,-99,-99,-99,,2,,-99,-99,-99,-99,-99,-99,-99,,4,7,,5,,2,1,guardía nacional,qbusos de autoridad,3,10,6,7,5,10,2,1,2,2,1,,2,2,0,0,0,2,,30,2,2,6,1,7,,7,,tierra nueva
5972,8,4,2,1,5,,1,No hay ninguna persona en educacion media,,3,No hay ninguna persona en educacion superior,,3,1,1,2,2,2,2,2,2,2,2,2,2,2,2,1,1,-99,-99,-99,-99,-99,-99,,-99,1,,5,6,11,7,10,8,9,9,10,10,10,7,7,2,0,,9,5,2,0,,9,3,2,0,,5,5,6,2,0,,6,2,0,,2,2,9,9,8,2,6,0,6,6,8,4,4,4,4,rodadora,La Rodadora,1,2,,,,1,-99,-99,-99,-99,-99,-99,-99,1,-99,-99,-99,,-99,-99,-99,-99,-99,-99,-99,1,-99,-99,-99,,2,,-99,-99,-99,-99,-99,-99,-99,,2,,-99,-99,-99,-99,-99,-99,-99,,4,6,,5,,4,2,,,4,9,6,7,9,10,2,1,1,1,2,,1,0,1,2,1,2,,32,2,2,1,1,1,,2,,tierra nueva
5972,8,3,2,2,,,0,,,0,,,0,1,1,1,1,1,2,1,1,1,2,1,1,2,2,1,1,-99,-99,-99,-99,-99,-99,,-99,1,,5,5,6,5,7,11,8,8,8,9,8,6,7,2,0,,9,4,2,0,,6,3,2,0,,5,4,6,2,0,,6,2,0,,6,6,4,4,4,4,5,5,5,5,5,4,4,4,4,la x,La X,0,2,,,,2,-99,-99,-99,-99,-99,-99,-99,-99,-99,-99,-99,,-99,-99,-99,-99,-99,-99,-99,1,-99,-99,-99,,2,,-99,-99,-99,-99,-99,-99,-99,,2,,-99,-99,-99,-99,-99,-99,-99,,2,6,,6,,3,2,,,3,3,7,6,7,7,2,2,2,2,5,,2,2,0,0,0,2,,51,3,7,1,1,1,,1,,tierra nueva
5972,8,3,2,1,10,,1,No hay ninguna persona en educacion media,,3,No hay ninguna persona en educacion superior,,3,1,1,1,1,2,1,1,2,1,1,2,2,1,1,2,1,-99,-99,-99,1,-99,-99,,-99,5,,7,8,5,5,8,7,9,8,7,8,5,7,7,2,0,,8,5,2,0,,8,3,2,0,,5,2,7,2,0,,1,2,0,,3,5,8,8,8,8,2,0,2,0,5,4,4,4,3,la x,La X,2,1,2,0,0,1,-99,-99,-99,-99,-99,-99,-99,1,-99,-99,-99,,-99,-99,-99,-99,-99,-99,-99,1,-99,-99,-99,,2,,-99,-99,-99,-99,-99,-99,-99,,2,,-99,-99,-99,-99,-99,-99,-99,,4,5,,6,,1,2,,,2,8,5,5,3,4,2,1,2,2,3,,2,2,0,0,0,1,,34,2,2,9,1,3,,4,,tierra nueva
5972,8,3,2,2,,,0,,,0,,,0,1,1,2,2,2,2,2,2,2,2,2,2,2,2,2,1,-99,-99,-99,-99,-99,-99,,-99,1,,7,8,5,8,7,10,8,8,9,10,7,6,7,2,0,,9,5,2,0,,10,3,2,0,,5,7,7,2,0,,5,2,0,,6,8,9,9,9,9,6,5,4,6,5,4,4,4,4,lax,La X,1,2,,,,1,-99,-99,-99,-99,-99,-99,-99,1,-99,-99,-99,,-99,-99,-99,-99,-99,-99,-99,1,-99,-99,-99,,2,,-99,-99,-99,-99,-99,-99,-99,,2,,-99,-99,-99,-99,-99,-99,-99,,4,5,,6,,3,2,,,3,9,7,5,8,7,2,1,2,1,4,,2,2,0,0,0,2,,27,1,2,6,1,2,,2,,tierra nueva
5972,8,2,4,1,No hay ninguna persona en nivel basico,,3,10,,1,10,,1,1,1,1,1,2,2,2,2,2,2,2,2,2,2,2,1,-99,-99,1,-99,-99,-99,,-99,4,,10,10,10,10,10,10,8,10,8,8,10,6,7,2,0,,10,3,2,0,,10,3,2,0,,5,5,5,2,0,,1,2,0,,7,7,7,7,8,4,8,0,10,4,2,4,5,5,5,la x,La X,2,1,1,0,2,1,-99,-99,-99,-99,-99,-99,-99,1,-99,-99,-99,,-99,-99,-99,-99,-99,-99,-99,1,-99,-99,-99,,2,,-99,-99,-99,-99,-99,-99,-99,,2,,-99,-99,-99,-99,-99,-99,-99,,4,5,,7,,1,1,policias,quitan dinero,2,2,5,5,1,10,2,1,2,1,1,,2,2,0,0,0,2,,52,3,9,6,1,1,,1,,tierra nueva 1
5972,8,4,2,1,2,,1,No hay ninguna persona en educacion media,,3,No hay ninguna persona en educacion superior,,3,1,1,1,1,2,2,2,2,2,2,2,2,2,2,1,1,-99,-99,1,-99,-99,-99,,-99,4,,8,8,8,9,9,9,10,10,10,10,1,7,7,2,0,,9,5,2,0,,9,3,2,0,,6,5,7,2,0,,3,2,0,,5,2,3,3,3,3,4,8,9,7,1,2,3,3,3,la x,La X,1,1,2,0,2,1,-99,-99,-99,-99,-99,-99,-99,1,-99,-99,-99,,-99,-99,-99,-99,-99,-99,-99,1,-99,-99,-99,,2,,-99,-99,-99,-99,-99,-99,-99,,2,,-99,-99,-99,-99,-99,-99,-99,,4,5,,2,,1,2,,,2,9,7,6,4,7,2,1,1,1,5,,2,2,0,0,0,1,,32,2,2,4,1,1,,3,,tierra nueva 1
5972,8,3,2,2,,,0,,,0,,,0,1,1,1,1,2,1,1,2,2,2,2,2,2,1,1,-99,-99,-99,1,-99,-99,-99,,-99,4,,8,8,8,8,11,8,10,10,10,10,7,10,7,2,0,,10,5,2,0,,8,3,2,0,,7,7,8,2,0,,5,2,0,,8,8,8,7,7,7,8,0,8,8,0,3,5,5,5,la x,La X,1,1,0,0,2,1,1,1,-99,-99,-99,-99,-99,1,-99,-99,-99,,1,1,-99,-99,-99,-99,-99,1,-99,-99,-99,,2,,-99,-99,-99,-99,-99,-99,-99,,2,,-99,-99,-99,-99,-99,-99,-99,,4,15,,5,,1,2,,,2,2,8,7,7,8,2,1,1,1,2,,2,2,0,0,0,2,,18,1,9,7,1,1,,1,,tierra nueva
5972,8,3,2,1,10,,1,10,,1,No hay ninguna persona en educacion superior,,3,1,1,1,1,2,2,2,2,2,2,2,2,2,2,2,1,-99,-99,1,-99,-99,-99,,-99,4,,6,7,7,6,7,6,9,8,8,10,8,7,6,2,0,,10,5,2,0,,10,3,2,0,,8,7,7,2,0,,7,2,0,,8,9,5,8,5,4,0,0,9,7,8,4,4,4,4,lax,La X,1,2,,,,1,-99,-99,-99,-99,-99,-99,-99,1,1,1,-99,,-99,-99,-99,-99,-99,-99,-99,1,1,1,-99,,1,6,-99,-99,-99,-99,1,-99,-99,,1,8,-99,-99,-99,-99,-99,-99,-99,,4,2,,5,,1,2,,,3,9,8,7,7,8,2,1,1,1,1,,2,2,0,0,0,1,,44,2,2,6,1,2,,2,,tierra nueva
5972,8,4,2,1,8,,1,No hay ninguna persona en educacion media,,3,No hay ninguna persona en educacion superior,,3,1,1,1,2,2,1,2,2,2,2,2,2,2,1,1,1,-99,-99,1,-99,-99,-99,,-99,4,,8,9,10,9,9,10,8,8,7,9,10,9,7,2,0,,10,5,2,0,,8,3,2,0,,6,9,7,2,0,,5,2,0,,6,8,9,10,8,9,8,8,9,6,0,3,5,3,3,monumento a benito juarez,El monumento a Benito Juárez,1,1,1,0,0,1,-99,-99,-99,1,-99,-99,-99,-99,-99,-99,-99,,-99,-99,-99,-99,-99,-99,-99,1,-99,-99,-99,,2,,-99,-99,-99,-99,-99,-99,-99,,2,,-99,-99,-99,-99,-99,-99,-99,,4,5,,6,,1,2,,,3,1,7,4,5,8,2,2,2,1,2,,2,2,0,0,0,2,,28,1,2,6,1,2,,3,,tierra nueva
4048,3,2,2,2,,,0,,,0,,,0,1,1,2,2,2,2,2,2,2,2,2,2,2,2,2,1,-99,-99,-99,-99,-99,-99,,-99,1,,6,7,2,1,8,9,8,8,8,8,7,4,7,2,0,,1,5,2,0,,10,3,2,0,,6,3,3,2,0,,6,2,0,,3,11,0,0,0,0,0,0,5,7,2,4,5,5,5,la x,La X,2,2,,,,2,-99,-99,-99,-99,-99,-99,-99,-99,-99,-99,-99,,-99,-99,-99,-99,-99,-99,-99,1,-99,-99,-99,,2,,-99,-99,-99,-99,-99,-99,-99,,2,,-99,-99,-99,-99,-99,-99,-99,,3,19,injusticia,10,,3,1,jueces,retrocedieron un caso a favor de un hombr,1,8,3,2,5,8,2,1,1,1,7,alumbrado,2,2,0,0,0,1,,62,4,4,11,1,1,,1,,fronteriza baja
4048,3,3,2,2,,,0,,,0,,,0,1,1,1,2,2,2,2,2,1,2,2,2,2,2,1,1,-99,-99,-99,-99,-99,-99,,-99,1,,5,10,3,3,10,5,6,10,10,7,10,10,7,2,0,,10,5,2,0,,10,3,2,0,,7,7,7,2,0,,10,2,0,,10,11,0,0,0,0,0,0,9,10,0,5,5,5,1,el centro,El centro,1,1,1,0,0,1,-99,-99,-99,1,-99,-99,-99,1,1,-99,-99,,-99,-99,-99,-99,-99,-99,-99,1,1,-99,-99,,1,5,1,1,1,1,1,1,-99,,2,,-99,-99,-99,-99,-99,-99,-99,,4,5,,18,,1,2,,,1,9,1,2,7,10,2,2,2,2,7,perros,2,2,0,0,0,2,,34,2,2,6,1,4,quincenal,4,quincenal,fronteriza baja
4048,3,3,2,2,,,0,,,0,,,0,1,1,1,1,2,2,2,2,1,2,2,2,2,2,1,1,-99,-99,-99,-99,-99,-99,,-99,1,,8,9,8,7,10,10,10,6,10,10,10,10,7,2,0,,8,5,2,0,,10,2,2,0,,5,10,9,2,0,,10,2,0,,8,6,8,3,7,2,5,5,5,6,2,4,4,4,4,monumento ajuarez,El monumento a Benito Juárez,0,2,,,,2,-99,-99,-99,-99,-99,-99,-99,-99,-99,-99,-99,,-99,-99,-99,-99,-99,-99,-99,1,-99,-99,-99,,2,,-99,-99,-99,-99,-99,-99,-99,,2,,-99,-99,-99,-99,-99,-99,-99,,4,4,,5,,2,2,,,3,5,8,2,4,10,2,1,1,1,5,,2,2,0,0,0,2,,57,3,2,2,1,1,,1,,francisco zaravia
4048,3,3,1,2,,,0,,,0,,,0,1,2,2,1,2,2,2,2,2,2,2,2,2,2,2,-99,-99,-99,1,-99,-99,-99,,-99,4,,8,9,10,9,9,7,10,9,8,8,10,10,7,2,0,,10,5,2,0,,10,2,2,0,,6,5,6,2,0,,6,2,0,,5,1,1,1,1,1,0,0,4,6,1,4,4,4,4,elminumento a Juárez,El monumento a Benito Juárez,0,2,,,,2,-99,-99,-99,-99,-99,-99,-99,-99,-99,-99,-99,,-99,-99,-99,-99,-99,1,-99,-99,-99,-99,-99,,2,,-99,-99,-99,-99,-99,-99,-99,,2,,-99,-99,-99,-99,-99,-99,-99,,4,2,,6,,2,2,,,3,6,9,5,6,10,2,2,2,2,6,,2,2,0,0,0,1,,66,4,1,3,1,1,,1,,fronteriza vaja
4048,3,3,3,2,,,0,,,0,,,0,1,1,2,2,2,2,2,2,2,2,2,2,2,2,2,-99,-99,1,-99,-99,-99,-99,,-99,3,,5,9,5,10,5,8,10,10,10,10,10,10,7,2,0,,10,5,2,0,,10,2,2,0,,5,5,9,2,0,,8,2,0,,8,1,1,1,1,1,1,1,8,5,8,4,4,4,4,la x,La X,1,2,,,,2,-99,-99,-99,-99,-99,-99,-99,-99,-99,-99,-99,,-99,-99,-99,-99,-99,-99,-99,1,-99,-99,-99,,2,,-99,-99,-99,-99,-99,-99,-99,,2,,-99,-99,-99,-99,-99,-99,-99,,4,3,,4,,1,1,policia,abusos,3,8,9,4,8,10,2,1,2,2,6,,2,2,0,0,0,1,,66,4,1,2,2,19,,19,,fronteriza baja
4048,3,3,3,2,,,0,,,0,,,0,2,2,2,2,2,1,2,2,2,2,2,2,2,2,2,1,-99,-99,-99,-99,-99,-99,,-99,1,,6,9,9,4,9,10,5,6,5,7,9,6,7,2,0,,9,5,2,0,,9,2,2,0,,9,7,8,2,0,,8,2,0,,9,3,8,8,8,6,7,11,11,3,6,4,3,3,2,la x,La X,0,2,,,,1,-99,-99,-99,1,-99,-99,-99,-99,-99,-99,-99,,-99,-99,-99,-99,-99,1,-99,-99,-99,-99,-99,,2,,-99,-99,-99,-99,-99,-99,-99,,2,,-99,-99,-99,-99,-99,-99,-99,,3,5,,7,,1,2,,,3,2,3,3,3,5,2,1,2,1,1,,2,2,0,0,0,1,,37,2,2,2,1,2,,2,,fronteriza
4048,3,3,3,2,,,0,,,0,,,0,2,2,1,2,2,2,2,2,2,2,2,2,2,2,2,1,-99,-99,-99,-99,-99,-99,,-99,1,,8,5,6,2,5,6,8,8,9,7,9,9,7,2,0,,9,5,2,0,,7,2,2,0,,7,6,8,2,0,,9,2,0,,7,3,6,5,7,6,7,11,11,6,8,4,3,3,2,cátedral,La Catedral,0,2,,,,2,-99,-99,-99,-99,-99,-99,-99,-99,-99,-99,-99,,-99,-99,-99,-99,-99,-99,-99,-99,-99,-99,1,SE RESERVA,2,,-99,-99,-99,-99,-99,-99,-99,,2,,-99,-99,-99,-99,-99,-99,-99,,4,5,,2,,1,2,,,3,2,8,5,6,7,2,1,2,2,2,,2,2,0,0,0,1,,75,4,8,3,1,1,,1,,fronteriza baja
4048,3,3,2,1,8,,1,8,,1,No hay ninguna persona en educacion superior,,1,2,1,1,1,2,2,2,2,2,2,2,2,2,2,1,1,-99,-99,-99,-99,-99,-99,,-99,1,,8,8,8,5,8,5,10,8,8,10,10,9,7,2,0,,10,5,2,0,,10,3,2,0,,9,10,7,2,0,,7,2,0,,9,8,8,8,6,5,8,1,9,10,10,4,5,5,5,la x,La X,3,2,,,,2,-99,-99,-99,-99,-99,-99,-99,-99,-99,-99,-99,,-99,-99,-99,-99,-99,-99,-99,1,-99,-99,-99,,2,,-99,-99,-99,-99,-99,-99,-99,,2,,-99,-99,-99,-99,-99,-99,-99,,4,16,,5,,2,2,,,3,9,10,8,5,10,1,1,2,1,2,,2,2,0,0,0,2,,70,4,4,3,1,1,,2,,fronteriza baja
4048,3,3,3,1,7,,1,6,,1,6,,1,1,1,1,1,2,2,2,2,2,2,2,2,2,2,1,-99,-99,-99,1,-99,-99,-99,,-99,4,,8,9,10,10,10,8,10,5,6,1,7,10,7,2,0,,10,5,2,0,,7,3,2,0,,10,10,7,2,0,,6,2,0,,5,6,7,8,5,3,7,11,11,6,4,4,5,2,2,monumento a Juárez,El monumento a Benito Juárez,0,2,,,,1,1,-99,-99,-99,-99,-99,-99,-99,-99,-99,-99,,-99,-99,-99,-99,1,-99,-99,-99,-99,-99,-99,,2,,-99,-99,-99,-99,-99,-99,-99,,2,,-99,-99,-99,-99,-99,-99,-99,,2,1,,5,,2,2,,,3,10,7,7,5,10,1,2,1,2,2,,2,2,0,0,0,1,,65,4,9,3,2,19,,2,,fronteriza baja
4048,3,5,4,2,,,0,,,0,,,0,1,2,2,2,2,2,2,2,1,2,2,2,2,2,2,1,-99,-99,-99,-99,-99,-99,,-99,1,,5,8,8,6,6,8,8,9,8,7,7,6,7,2,0,,5,4,2,0,,10,3,2,0,,7,6,7,2,0,,7,2,0,,8,8,8,7,7,5,5,1,7,7,5,1,2,3,3,la x,La X,1,2,,,,2,-99,-99,-99,-99,-99,-99,-99,-99,-99,-99,-99,,-99,-99,-99,-99,-99,-99,-99,1,-99,-99,-99,,2,,-99,-99,-99,-99,-99,-99,-99,,2,,-99,-99,-99,-99,-99,-99,-99,,2,2,,9,,1,2,,,2,1,7,7,5,3,2,1,2,1,2,,2,2,0,0,0,2,,60,4,1,4,2,19,,19,,fronteriza baja
4917,3,3,2,2,,,0,,,0,,,0,1,1,1,1,2,2,2,2,1,2,2,2,2,2,1,1,-99,-99,-99,-99,-99,-99,,-99,1,,9,8,9,8,9,6,10,7,7,8,4,8,5,2,0,,10,3,2,0,,10,3,2,0,,5,10,6,2,0,,9,2,0,,7,6,8,11,5,5,7,11,7,10,5,4,5,5,3,catedral,La Catedral,0,2,,,,2,-99,-99,-99,-99,-99,-99,-99,-99,-99,-99,-99,,1,-99,-99,-99,-99,-99,-99,-99,-99,-99,-99,,1,9,-99,-99,-99,-99,-99,-99,-99,,2,,-99,-99,-99,-99,-99,-99,-99,,4,16,,2,,3,2,,,2,9,8,5,6,9,2,1,1,1,5,,2,2,0,0,0,2,,66,4,8,2,1,1,,1,,plutarco elias calles
4917,3,3,2,2,,,0,,,0,,,0,1,1,1,1,1,1,2,1,1,2,2,2,2,1,1,-99,-99,-99,-99,1,-99,-99,,-99,5,,10,9,8,10,8,6,4,5,4,7,10,7,7,2,0,,10,4,2,0,,6,2,2,0,,1,7,10,2,0,,9,2,0,,10,9,10,10,1,5,10,11,9,10,5,3,5,5,3,parque central,El Parque Central,3,2,,,,1,-99,-99,-99,-99,-99,-99,-99,1,-99,-99,-99,,-99,-99,-99,-99,-99,-99,-99,1,-99,-99,-99,,2,,-99,-99,-99,-99,-99,-99,-99,,2,,-99,-99,-99,-99,-99,-99,-99,,4,2,,16,,1,2,,,1,4,10,10,7,10,2,2,2,2,2,,2,2,0,0,0,2,,22,1,2,4,1,1,,2,,pltarco elias calles
4917,3,3,1,2,,,0,,,0,,,0,2,2,2,1,2,2,2,2,2,2,2,2,2,2,2,-99,-99,-99,-99,-99,1,-99,,-99,6,,,,,,,,10,9,7,7,8,9,7,2,0,,10,5,2,0,,9,3,2,0,,9,9,8,2,0,,8,2,0,,7,3,6,5,6,6,7,11,7,2,2,4,3,4,3,la x,La X,0,2,,,,2,-99,-99,-99,-99,-99,-99,-99,-99,-99,-99,-99,,-99,-99,-99,-99,-99,-99,-99,-99,-99,-99,1,SE RESERVA,2,,-99,-99,-99,-99,-99,-99,-99,,2,,-99,-99,-99,-99,-99,-99,-99,,4,6,,9,,1,2,,,3,2,3,5,5,6,2,1,2,1,6,,2,2,0,0,0,1,,67,4,8,3,1,3,,3,,Plutarco Elias calles
4917,3,4,2,2,,,0,,,0,,,0,2,2,2,2,2,1,2,2,2,2,2,2,2,2,2,-99,-99,-99,-99,1,-99,-99,,-99,5,,9,9,7,9,10,9,9,9,9,9,9,7,7,2,0,,10,3,2,0,,9,2,2,0,,9,9,4,2,0,,6,2,0,,3,2,5,4,4,4,8,11,9,2,2,4,3,2,3,la x,La X,1,2,,,,1,-99,-99,-99,-99,-99,-99,-99,1,-99,-99,-99,,-99,-99,-99,-99,-99,-99,-99,1,-99,-99,-99,,2,,-99,-99,-99,-99,-99,-99,-99,,2,,-99,-99,-99,-99,-99,-99,-99,,4,5,,2,,1,2,,,1,2,9,4,2,4,2,2,2,2,1,,2,2,0,0,0,2,,51,3,2,8,1,4,,4,,plitarco Elías calles
4917,3,4,2,2,,,0,,,0,,,0,1,2,2,1,2,2,2,2,2,2,2,2,2,2,1,-99,-99,-99,1,-99,-99,-99,,-99,4,,7,7,9,5,6,8,9,9,8,10,10,10,7,2,0,,9,5,2,0,,9,3,2,0,,9,5,7,2,0,,5,2,0,,6,5,1,1,1,1,3,2,1,5,10,4,4,4,4,la zapata,El monumento a Zapata,1,2,,,,1,1,-99,-99,-99,-99,-99,-99,-99,-99,-99,-99,,-99,-99,-99,-99,-99,-99,-99,1,-99,-99,-99,,2,,-99,-99,-99,-99,-99,-99,-99,,2,,-99,-99,-99,-99,-99,-99,-99,,4,4,,5,,1,2,,,3,4,7,6,5,10,1,1,2,1,1,,2,2,0,0,0,2,,59,3,7,3,1,1,,1,,plutarco elias calles
4917,3,4,2,2,,,0,,,0,,,0,1,1,2,1,2,2,2,2,2,2,2,2,2,2,1,-99,-99,-99,-99,-99,1,-99,,-99,6,,,,,,,,9,8,10,10,7,7,7,2,0,,10,5,2,0,,9,2,2,0,,7,6,7,2,0,,7,2,0,,6,3,2,2,6,2,6,5,4,4,3,4,3,3,3,monumento q juarez,El monumento a Benito Juárez,0,2,,,,2,-99,-99,-99,-99,-99,-99,-99,-99,-99,-99,-99,,-99,-99,-99,-99,-99,1,-99,-99,-99,-99,-99,,2,,-99,-99,-99,-99,-99,-99,-99,,2,,-99,-99,-99,-99,-99,-99,-99,,4,5,,6,,4,2,,,4,7,8,8,9,10,2,2,2,1,1,,2,2,0,0,0,2,,67,4,2,1,2,19,,19,,plutarco elias calles
4917,3,3,2,2,,,0,,,0,,,0,1,1,1,1,2,2,2,2,2,2,2,2,2,2,2,1,-99,-99,1,-99,-99,-99,,-99,4,,8,5,2,5,7,5,10,10,10,10,1,5,,1,2,1,10,5,2,0,,10,3,2,0,,10,10,5,2,0,,4,1,2,3,9,5,2,9,8,3,4,0,5,9,3,4,4,4,4,la x,La X,1,1,0,0,1,1,-99,-99,-99,1,-99,-99,-99,-99,-99,-99,-99,,-99,-99,-99,-99,-99,-99,-99,1,-99,-99,-99,,2,,-99,-99,-99,-99,-99,-99,-99,,2,,-99,-99,-99,-99,-99,-99,-99,,4,2,,5,,1,1,tránsito,despotas,5,2,5,5,5,10,1,1,1,1,2,,2,2,0,0,0,2,,48,3,2,6,2,19,,19,,ampliación plutarco elias calles
4917,3,1,4,1,No hay ninguna persona en nivel basico,,3,10,,1,10,,1,1,1,1,1,2,1,1,2,2,2,2,1,1,1,1,-99,-99,-99,1,-99,-99,-99,,-99,4,,10,9,10,10,10,10,10,10,8,10,5,5,7,1,2,1,10,4,1,1,5,3,4,1,2,1,1,5,8,2,0,,5,2,0,,5,11,0,0,0,0,10,0,7,1,0,3,2,2,4,la x,La X,1,2,,,,1,-99,-99,-99,-99,-99,-99,1,-99,-99,-99,-99,,-99,-99,-99,-99,-99,-99,1,-99,-99,-99,-99,,2,,-99,-99,-99,-99,-99,-99,-99,,2,,-99,-99,-99,-99,-99,-99,-99,,4,7,,17,,4,1,municipales,casi chocan,1,10,5,5,6,5,1,1,2,1,7,pavimento,2,2,0,0,0,2,,36,2,9,6,1,1,,2,,plutarco elia calle
4917,3,2,2,2,,,0,,,0,,,0,1,2,2,2,2,2,2,2,1,2,2,2,2,2,2,-99,-99,1,-99,-99,-99,1,CENTRO COMUNITARIO,-99,7,CENTRO COMUNITARIO,6,5,1,5,5,2,10,10,8,7,10,8,7,1,1,7,7,4,1,1,8,6,4,2,0,,8,8,8,2,0,,6,2,0,,10,11,0,0,0,0,0,0,10,10,1,3,5,5,5,la x,La X,2,2,,,,2,-99,-99,-99,-99,-99,-99,-99,-99,-99,-99,-99,,-99,-99,-99,-99,-99,-99,-99,1,-99,-99,-99,,2,,-99,-99,-99,-99,-99,-99,-99,,2,,-99,-99,-99,-99,-99,-99,-99,,4,5,,15,,1,1,servicios medicos,dilatan en atencion,3,8,5,7,5,8,1,2,2,2,7,mucho carro,2,2,0,0,0,1,,58,3,1,6,1,1,,2,,plutrco elias calles
4917,3,1,4,2,,,0,,,0,,,0,2,2,1,2,1,1,2,2,2,2,2,2,2,1,2,-99,-99,-99,-99,-99,1,-99,,-99,6,,,,,,,,10,10,5,9,10,10,7,2,0,,10,5,2,0,,4,4,2,0,,6,6,9,2,0,,1,2,0,,2,11,0,0,0,0,0,0,0,0,0,2,5,4,4,Chamizal,El Chamizal,1,2,,,,1,-99,-99,-99,-99,-99,-99,-99,1,-99,-99,-99,,-99,-99,-99,-99,-99,-99,-99,1,-99,-99,-99,,2,,-99,-99,-99,-99,-99,-99,-99,,2,,-99,-99,-99,-99,-99,-99,-99,,3,19,injusticias,16,,3,1,vialidad,mordidas,3,10,10,2,2,2,2,2,2,2,7,rutas no sirven,2,2,0,0,0,2,,45,3,9,2,1,1,,2,,plutarco elias calles
4226,3,2,2,1,No hay ninguna persona en nivel basico,,3,No hay ninguna persona en educacion media,,3,10,,1,1,1,2,2,2,2,2,2,2,2,2,2,2,2,2,1,-99,-99,-99,-99,-99,-99,,-99,1,,1,2,3,2,3,5,10,6,6,10,1,1,7,1,1,1,8,5,2,0,,10,3,2,0,,7,2,2,2,0,,1,2,0,,3,11,0,0,0,0,10,0,8,0,0,2,5,3,3,la precidencia,La Presidencia,0,2,,,,1,1,-99,-99,-99,-99,-99,-99,-99,1,-99,-99,,-99,-99,-99,-99,-99,-99,-99,-99,1,-99,-99,,1,1,-99,-99,-99,-99,-99,-99,1,mas camiones,2,,-99,-99,-99,-99,-99,-99,-99,,3,5,,19,ayudas,1,2,,,5,1,3,3,5,3,2,1,1,1,7,pavimento,2,2,0,0,0,1,,54,3,9,4,1,1,,2,,diaz ordaz
4226,3,1,2,1,No hay ninguna persona en nivel basico,,3,No hay ninguna persona en educacion media,,3,6,cambiar el sdtema y ayudas,1,1,1,1,1,2,2,2,2,1,2,2,1,2,2,1,1,-99,-99,-99,-99,-99,-99,,-99,1,,4,4,1,1,10,8,5,5,4,10,8,8,7,2,0,,3,4,2,0,,10,3,2,0,,8,8,6,2,0,,2,2,0,,3,11,0,0,0,0,0,0,10,0,0,4,5,5,3,la presidencia,La Presidencia,0,2,,,,2,-99,-99,-99,-99,-99,-99,-99,-99,-99,-99,-99,,-99,-99,-99,-99,-99,-99,-99,-99,1,-99,-99,,1,1,-99,-99,-99,1,-99,-99,1,mas camiones,2,,-99,-99,-99,-99,-99,-99,-99,,4,19,gobierno,19,vigilanciq,4,1,policia,impunidad,1,9,4,1,8,4,1,1,1,1,7,inseguridad,2,2,0,0,0,1,,44,2,1,4,1,1,,2,,diaz ordaz
4226,3,1,3,1,10,,1,No hay ninguna persona en educacion media,,3,No hay ninguna persona en educacion superior,,3,1,2,2,1,2,2,2,2,2,2,2,2,2,2,2,-99,-99,-99,-99,-99,1,-99,,-99,6,,,,,,,,10,8,8,7,10,10,7,2,0,,8,4,1,1,6,10,3,2,0,,7,4,4,2,0,,2,2,0,,4,11,0,0,0,0,0,0,6,0,1,4,3,3,3,la x,La X,0,2,,,,2,-99,-99,-99,-99,-99,-99,-99,-99,-99,-99,-99,,-99,-99,-99,-99,-99,-99,-99,-99,1,-99,-99,,1,4,1,1,1,1,1,1,-99,,2,,-99,-99,-99,-99,-99,-99,-99,,3,5,,7,,1,2,,,5,10,5,2,3,8,2,1,1,1,7,pavmento,2,2,0,0,0,1,,53,3,1,3,1,1,,1,,diaz ordaz
4226,3,3,4,2,,,0,,,0,,,0,1,1,1,1,2,2,2,2,2,2,2,2,2,2,1,-99,-99,-99,1,1,-99,-99,,-99,4,,7,6,9,6,6,7,5,7,8,8,8,7,7,2,0,,8,5,2,0,,6,3,2,0,,4,5,6,2,0,,1,2,0,,5,4,6,3,8,2,0,0,0,2,2,4,4,2,4,la x,La X,0,2,,,,2,-99,-99,-99,-99,-99,-99,-99,-99,-99,-99,-99,,-99,-99,-99,-99,-99,1,-99,-99,-99,-99,-99,,2,,-99,-99,-99,-99,-99,-99,-99,,2,,-99,-99,-99,-99,-99,-99,-99,,3,7,,2,,2,2,,,3,8,7,8,7,10,1,1,1,2,6,,2,2,0,0,0,2,,82,4,7,2,2,19,,19,,dias ordas
4226,3,3,2,1,10,,1,8,,1,9,,1,1,1,1,1,2,1,1,2,1,2,2,2,2,2,1,-99,-99,-99,1,-99,-99,-99,,-99,4,,7,6,6,6,8,8,8,8,9,10,10,1,,1,2,1,10,5,2,0,,8,3,2,0,,5,6,7,2,0,,1,2,0,,1,1,1,1,1,1,6,4,5,0,0,4,4,4,4,la catedral,La Catedral,1,2,,,,2,-99,-99,-99,-99,-99,-99,-99,-99,-99,-99,-99,,-99,-99,-99,-99,-99,-99,-99,1,-99,-99,-99,,2,,-99,-99,-99,-99,-99,-99,-99,,2,,-99,-99,-99,-99,-99,-99,-99,,4,3,,6,,4,2,,,3,8,5,6,9,10,1,1,1,1,5,,2,2,0,0,0,1,,37,2,1,2,1,1,,1,,miravalles dias ordas
4226,3,4,2,2,,,0,,,0,,,0,1,1,2,2,2,2,2,2,2,2,2,2,2,2,1,-99,-99,-99,1,-99,-99,-99,,-99,4,,7,8,10,8,7,8,8,8,9,10,7,10,7,2,0,,5,5,2,0,,8,1,2,0,,7,5,6,2,0,,5,2,0,,8,8,8,8,8,2,5,5,5,5,5,4,4,4,1,la x,La X,1,2,,,,1,1,-99,-99,-99,-99,-99,-99,-99,-99,-99,-99,,-99,-99,-99,-99,-99,1,-99,-99,-99,-99,-99,,2,,-99,-99,-99,-99,-99,-99,-99,,2,,-99,-99,-99,-99,-99,-99,-99,,4,2,,6,,1,2,,,3,5,7,6,8,9,2,1,2,1,5,,2,2,0,0,0,1,,33,2,7,4,1,1,,1,,dias ordas
4226,3,4,1,1,2,,1,No hay ninguna persona en educacion media,,3,No hay ninguna persona en educacion superior,,3,1,1,1,1,1,2,2,1,1,2,2,2,2,2,1,-99,-99,-99,-99,1,-99,-99,,-99,5,,10,10,8,6,7,10,10,9,10,10,10,7,7,2,0,,9,2,3,0,,10,3,2,0,,5,7,8,2,0,,10,2,0,,9,10,9,9,9,2,10,0,9,9,9,4,4,4,4,la x,La X,2,2,,,,2,-99,-99,-99,-99,-99,-99,-99,-99,-99,-99,-99,,-99,-99,-99,-99,-99,-99,-99,1,-99,-99,-99,,2,,-99,-99,-99,-99,-99,-99,-99,,2,,-99,-99,-99,-99,-99,-99,-99,,4,6,,7,,1,2,,,4,9,6,7,10,10,2,1,1,2,5,,2,2,0,0,0,1,,26,1,1,4,1,3,,2,,gustavo día ordas
4226,3,3,2,1,8,,1,8,,1,8,,1,1,1,1,1,1,1,2,1,1,2,2,2,2,1,1,1,-99,-99,-99,-99,-99,-99,,-99,1,,7,7,5,6,6,8,8,8,10,5,8,8,7,2,0,,8,4,2,0,,8,3,2,0,,6,6,5,2,0,,5,2,0,,6,6,5,5,5,5,5,11,5,7,5,1,5,5,4,la x,La X,2,2,,,,1,1,-99,-99,-99,-99,-99,-99,-99,-99,-99,-99,,-99,-99,-99,-99,-99,-99,-99,1,-99,-99,-99,,2,,-99,-99,-99,-99,-99,-99,-99,,2,,-99,-99,-99,-99,-99,-99,-99,,2,15,,5,,1,2,,,2,9,8,5,5,10,2,2,2,2,4,,2,2,0,0,0,2,,45,3,9,4,1,2,,2,,diaz ordaz
4226,3,3,2,1,9,,1,8,,1,8,,1,1,1,1,1,1,1,1,2,2,2,2,2,2,1,2,1,-99,-99,-99,-99,-99,-99,,-99,1,,8,8,6,7,8,7,10,10,10,6,8,8,7,2,0,,8,3,2,0,,8,3,2,0,,8,8,9,2,0,,7,2,0,,5,7,6,8,6,5,9,11,5,7,9,4,3,5,5,sona centro,El centro,1,2,,,,1,-99,-99,-99,1,-99,-99,-99,-99,1,-99,-99,,-99,-99,-99,-99,-99,-99,-99,-99,1,-99,-99,,1,8,-99,-99,-99,-99,-99,-99,-99,,2,,-99,-99,-99,-99,-99,-99,-99,,4,5,,2,,1,2,,,3,1,9,8,5,7,2,2,2,1,3,,2,2,0,0,0,2,,25,1,2,6,1,1,,2,,diaz ordas
4226,3,3,2,1,9,,1,8,,1,8,,1,1,1,1,2,2,2,2,2,2,2,2,2,2,2,1,1,-99,-99,-99,-99,-99,-99,,-99,1,,9,9,6,10,10,7,10,6,9,6,9,9,7,2,0,,8,4,1,1,10,10,3,2,0,,6,6,5,2,0,,5,2,0,,10,7,8,4,3,5,10,11,9,9,10,4,2,3,3,chamizal,El Chamizal,1,1,6,2,1,1,1,-99,-99,-99,-99,-99,-99,-99,1,-99,-99,,-99,-99,-99,-99,1,-99,-99,-99,1,-99,-99,,1,8,-99,-99,-99,-99,-99,-99,-99,,2,,-99,-99,-99,-99,-99,-99,-99,,4,9,,5,,1,2,,,1,9,10,10,4,10,2,1,2,2,2,,2,2,0,0,0,2,,21,1,1,4,1,2,,3,,diaz ordaz
4226,3,3,3,2,,,0,,,0,,,0,1,1,1,1,2,1,2,2,1,2,2,2,2,2,1,1,-99,-99,-99,-99,-99,-99,,-99,1,,8,7,5,7,7,8,8,8,10,7,8,9,7,3,0,,7,4,1,1,6,8,3,2,0,,8,8,8,2,0,,5,1,2,3,8,5,8,8,7,6,7,11,7,7,7,3,2,3,1,estadio Benito Juárez,Estadio Benito Juárez,2,2,,,,1,1,-99,-99,-99,-99,-99,-99,-99,-99,-99,-99,,-99,-99,-99,-99,-99,-99,-99,1,-99,-99,-99,,2,,-99,-99,-99,-99,-99,-99,-99,,2,,-99,-99,-99,-99,-99,-99,-99,,2,5,,9,,1,1,en el seguro,negligencia,3,1,4,5,5,9,2,1,2,1,5,,2,2,0,0,0,2,,63,4,4,4,1,1,,1,,diaz ordas
4226,3,2,3,2,,,0,,,0,,,0,2,2,2,1,2,2,2,2,2,2,2,2,2,2,2,1,-99,-99,-99,-99,-99,-99,,-99,1,,8,7,10,9,9,10,9,6,9,10,8,10,7,2,0,,8,5,2,0,,9,3,2,0,,9,8,9,2,0,,8,2,0,,7,2,6,6,7,5,6,11,11,6,7,4,3,2,4,lax,La X,3,2,,,,2,-99,-99,-99,-99,-99,-99,-99,-99,-99,-99,-99,,-99,-99,-99,-99,-99,-99,-99,1,-99,-99,-99,,2,,-99,-99,-99,-99,-99,-99,-99,,2,,-99,-99,-99,-99,-99,-99,-99,,3,6,,7,,1,2,,,3,2,6,2,4,6,2,1,2,2,2,,2,2,0,0,0,1,,60,4,1,5,1,1,,1,,díaz Ordaz
4226,3,3,1,2,,,0,,,0,,,0,2,1,2,2,2,2,2,2,2,2,2,2,2,2,2,-99,-99,-99,1,-99,-99,-99,,-99,4,,9,9,9,8,9,10,9,7,9,10,9,8,7,2,0,,9,5,2,0,,9,3,2,0,,9,10,8,2,0,,4,2,0,,8,4,5,6,4,6,7,11,7,3,5,4,2,3,2,la x,La X,1,2,,,,1,1,-99,-99,-99,-99,-99,-99,-99,-99,-99,-99,,-99,-99,-99,-99,-99,-99,-99,1,-99,-99,-99,,2,,-99,-99,-99,-99,-99,-99,-99,,2,,-99,-99,-99,-99,-99,-99,-99,,3,6,,6,,1,2,,,3,2,7,7,3,7,2,1,2,1,2,,2,2,0,0,0,2,,53,3,9,6,1,2,,2,,Gustavo Díaz Ordaz
4226,3,5,2,2,,,0,,,0,,,0,2,2,1,2,2,2,2,2,2,2,2,2,2,2,2,1,-99,-99,-99,-99,-99,-99,,-99,1,,8,9,8,5,10,7,9,7,7,9,8,8,7,2,0,,8,5,2,0,,9,3,2,0,,7,9,6,2,0,,7,2,0,,8,3,6,5,8,5,2,11,11,9,4,4,2,3,2,catedral,La Catedral,0,2,,,,2,-99,-99,-99,-99,-99,-99,-99,-99,-99,-99,-99,,-99,-99,-99,-99,-99,1,-99,-99,-99,-99,-99,,2,,-99,-99,-99,-99,-99,-99,-99,,2,,-99,-99,-99,-99,-99,-99,-99,,4,7,,5,,1,2,,,3,1,3,4,2,6,2,2,2,2,6,,2,2,0,0,0,1,,67,4,8,4,1,2,,2,,diaz Ordaz
4226,3,4,1,2,,,0,,,0,,,0,2,2,1,2,2,1,2,2,2,2,2,2,2,2,2,-99,-99,-99,-99,1,-99,-99,,-99,5,,9,9,10,8,10,7,10,9,10,9,10,10,7,2,0,,8,5,2,0,,9,3,2,0,,7,9,8,2,0,,6,2,0,,8,4,5,8,4,7,7,11,8,5,7,4,3,3,3,la x,La X,1,2,,,,2,-99,-99,-99,-99,-99,-99,-99,-99,-99,-99,-99,,-99,-99,-99,-99,-99,-99,-99,1,-99,-99,-99,,2,,-99,-99,-99,-99,-99,-99,-99,,2,,-99,-99,-99,-99,-99,-99,-99,,3,2,,7,,1,2,,,4,2,5,7,7,7,2,2,2,1,6,,2,2,0,0,0,1,,73,4,1,2,1,1,,19,,Díaz Ordaz
4175,3,3,2,2,,,0,,,0,,,0,1,1,1,1,2,1,1,1,1,1,1,1,2,2,2,-99,-99,-99,1,-99,-99,-99,,-99,4,,6,7,8,7,7,9,8,7,8,10,9,8,7,2,0,,7,5,2,0,,7,3,2,0,,8,6,6,2,0,,1,2,0,,8,5,3,2,1,2,1,3,4,0,2,4,4,4,3,oa x,La X,3,2,,,,2,-99,-99,-99,-99,-99,-99,-99,-99,-99,-99,-99,,-99,-99,-99,-99,-99,-99,-99,1,-99,-99,-99,,2,,-99,-99,-99,-99,-99,-99,-99,,2,,-99,-99,-99,-99,-99,-99,-99,,4,4,,7,,1,2,,,4,8,9,6,5,8,2,1,1,1,2,,2,2,0,0,0,2,,20,1,1,4,1,1,,3,,Guadalajara izquierda
4175,3,2,3,2,,,0,,,0,,,0,1,1,1,1,1,2,2,1,1,1,2,1,2,1,1,1,-99,-99,-99,-99,-99,-99,,-99,1,,10,9,5,6,8,8,10,10,8,6,6,8,7,2,0,,8,2,2,0,,10,3,2,0,,7,8,8,2,0,,10,2,0,,8,8,10,8,9,9,7,11,8,10,5,3,5,5,5,monumento a Juárez,El monumento a Benito Juárez,3,1,2,3,3,2,-99,-99,-99,-99,-99,-99,-99,-99,-99,-99,-99,,-99,-99,-99,-99,-99,-99,-99,-99,1,-99,-99,,1,9,-99,-99,-99,-99,-99,-99,-99,,2,,-99,-99,-99,-99,-99,-99,-99,,4,5,,2,,2,2,,,3,1,10,8,10,10,2,1,1,1,1,,2,2,0,0,0,2,,57,3,4,2,2,19,,1,,Guadalajara izquierda
4175,3,3,2,1,9,,1,10,,1,8,,1,1,1,1,1,2,1,1,1,1,1,1,2,2,2,1,-99,-99,-99,-99,1,-99,-99,,-99,5,,10,10,6,10,10,8,10,10,10,8,10,10,7,2,0,,4,3,2,0,,10,3,2,0,,10,10,9,2,0,,5,2,0,,4,10,10,9,9,7,9,9,10,10,7,3,3,2,3,las letras del centro,Letras JRZ,5,1,3,4,4,1,-99,-99,-99,-99,-99,-99,-99,1,-99,-99,-99,,-99,-99,-99,-99,-99,-99,-99,1,-99,-99,-99,,2,,-99,-99,-99,-99,-99,-99,-99,,2,,-99,-99,-99,-99,-99,-99,-99,,4,5,,7,,1,2,,,2,2,10,9,4,10,1,2,2,2,2,,2,2,0,0,0,2,,18,1,2,6,1,1,,1,,Guadalajara izquierda
4175,3,2,2,1,10,,1,9,,1,10,,1,1,1,1,1,2,1,1,1,1,2,2,1,1,1,1,1,-99,-99,-99,-99,-99,-99,,-99,1,,10,8,8,8,8,10,10,10,10,8,8,5,7,1,1,10,10,3,1,1,10,9,3,2,0,,5,8,8,2,0,,5,2,0,,8,5,6,8,6,6,8,8,8,8,10,4,2,2,3,la x,La X,3,1,2,0,0,2,-99,-99,-99,-99,-99,-99,-99,-99,-99,-99,-99,,-99,-99,-99,-99,-99,-99,-99,1,-99,-99,-99,,2,,-99,-99,-99,-99,-99,-99,-99,,2,,-99,-99,-99,-99,-99,-99,-99,,2,15,,2,,1,2,,,3,1,8,8,8,10,2,1,2,2,1,,2,2,0,0,0,2,,39,2,1,2,1,2,,2,,Guadalajara izquierda
4175,3,3,2,2,,,0,,,0,,,0,1,1,1,1,1,2,2,2,2,1,2,1,2,2,2,1,-99,-99,-99,-99,-99,-99,,-99,1,,3,7,8,4,6,8,10,10,10,6,9,8,7,2,0,,10,5,2,0,,9,3,2,0,,7,4,9,2,0,,2,2,0,,5,11,0,0,0,0,0,0,1,2,0,2,1,1,1,lacatedral,La Catedral,1,2,,,,1,-99,-99,-99,-99,-99,-99,-99,1,-99,-99,-99,,-99,-99,-99,-99,-99,-99,-99,1,-99,-99,-99,,2,,-99,-99,-99,-99,-99,-99,-99,,2,,-99,-99,-99,-99,-99,-99,-99,,1,5,,6,,1,1,todas las autoridades,no responden,1,10,4,2,2,8,2,1,1,1,7,pavirnto,2,2,0,0,0,2,,48,3,2,11,1,5,,5,,diaz ordaz
4175,3,2,1,1,8,,1,No hay ninguna persona en educacion media,,3,No hay ninguna persona en educacion superior,,3,1,1,1,2,2,2,2,2,2,2,2,2,2,2,1,-99,-99,-99,-99,-99,1,-99,,-99,6,,,,,,,,9,9,8,7,10,7,7,1,1,2,10,5,2,0,,10,3,2,0,,7,10,8,2,0,,2,2,0,,6,11,0,0,0,0,2,8,9,0,0,4,5,2,2,la casa de juan gabriel,La casa de Juan Gabriel,2,2,,,,1,-99,-99,-99,-99,-99,-99,-99,1,-99,-99,-99,,-99,-99,-99,-99,-99,-99,-99,1,-99,-99,-99,,2,,-99,-99,-99,-99,-99,-99,-99,,2,,-99,-99,-99,-99,-99,-99,-99,,4,15,,13,,4,2,,,3,9,7,8,3,8,1,2,2,1,7,baches,2,2,0,0,0,1,,21,1,2,4,1,1,,2,,diazordaz
4175,3,4,1,2,,,0,,,0,,,0,1,2,2,2,2,2,2,2,2,2,2,2,2,2,1,1,-99,-99,-99,-99,-99,-99,,-99,1,,9,9,9,9,8,2,9,7,9,9,9,10,7,2,0,,10,5,2,0,,10,3,2,0,,9,10,10,2,0,,7,2,0,,1,11,0,0,0,0,7,0,0,0,0,2,2,2,2,la x,La X,1,2,,,,2,-99,-99,-99,-99,-99,-99,-99,-99,-99,-99,-99,,-99,-99,-99,-99,-99,-99,-99,1,-99,-99,-99,,2,,-99,-99,-99,-99,-99,-99,-99,,2,,-99,-99,-99,-99,-99,-99,-99,,4,11,,4,,3,2,,,4,10,6,5,5,4,2,1,1,1,3,,2,2,0,0,0,2,,80,4,1,2,1,1,,1,,diaz ordaz
4175,3,4,2,1,5,mas clases,1,No hay ninguna persona en educacion media,,3,No hay ninguna persona en educacion superior,,3,1,1,1,2,1,1,2,2,2,2,2,1,1,2,1,-99,-99,-99,1,-99,-99,-99,,-99,4,,7,8,5,10,8,5,10,8,8,5,1,1,,2,0,,1,5,2,0,,10,3,2,0,,5,5,8,2,0,,2,2,0,,2,11,0,0,0,0,5,0,5,1,1,4,5,5,3,monu emto,El monumento a Benito Juárez,1,2,,,,1,-99,-99,-99,-99,-99,-99,-99,1,-99,-99,-99,,-99,-99,-99,-99,-99,-99,-99,1,-99,-99,-99,,2,,-99,-99,-99,-99,-99,-99,-99,,2,,-99,-99,-99,-99,-99,-99,-99,,4,15,,5,,1,2,,,1,4,5,3,7,10,1,2,2,1,7,pavimento,2,2,0,0,0,2,,38,2,9,2,1,1,,6,,guadalajaa izq
4175,3,3,2,1,8,,1,7,,1,No hay ninguna persona en educacion superior,,3,2,2,2,1,2,2,2,2,2,2,2,2,2,2,2,1,-99,-99,-99,-99,-99,-99,,-99,1,,5,7,5,6,9,7,10,6,9,7,10,5,7,2,0,,10,5,2,0,,10,3,2,0,,9,10,8,2,0,,5,2,0,,5,5,5,5,5,5,6,11,7,5,5,4,2,3,3,la x,La X,2,1,1,0,0,2,-99,-99,-99,-99,-99,-99,-99,-99,-99,-99,-99,,-99,-99,-99,-99,-99,-99,-99,1,-99,-99,-99,,2,,-99,-99,-99,-99,-99,-99,-99,,2,,-99,-99,-99,-99,-99,-99,-99,,4,9,,5,,1,2,,,1,9,5,5,5,7,2,1,2,2,2,,2,2,0,0,0,1,,36,2,1,4,1,1,,2,,guadalsjara
4175,3,2,3,1,10,,1,10,,1,No hay ninguna persona en educacion superior,,3,2,1,2,2,2,2,2,2,2,2,2,2,2,2,2,-99,-99,-99,1,-99,-99,-99,,-99,4,,10,10,9,9,7,9,10,10,7,10,10,10,7,2,0,,10,4,2,0,,9,3,2,0,,9,9,9,2,0,,8,2,0,,8,3,8,8,8,8,7,11,7,7,7,3,4,4,4,la x,La X,0,1,1,1,0,2,-99,-99,-99,-99,-99,-99,-99,-99,-99,-99,-99,,-99,-99,-99,-99,-99,-99,-99,-99,-99,-99,1,SE RESERVA,2,,-99,-99,-99,-99,-99,-99,-99,,2,,-99,-99,-99,-99,-99,-99,-99,,4,6,,9,,1,2,,,3,2,8,3,7,7,2,1,2,1,1,,2,2,0,0,0,1,,31,2,1,3,1,1,,19,,guadalajara izquierda
4175,3,3,2,1,10,,1,No hay ninguna persona en educacion media,,3,No hay ninguna persona en educacion superior,,3,2,2,2,1,2,2,2,2,2,2,2,2,2,2,2,-99,-99,-99,-99,-99,-99,1,CENTRO COMUNITARIO,-99,7,CENTRO COMUNITARIO,7,7,9,9,9,9,10,6,10,10,10,10,7,2,0,,9,5,2,0,,10,3,2,0,,9,10,8,2,0,,6,2,0,,8,8,5,8,7,5,7,11,7,3,7,4,3,4,3,la x,La X,2,1,2,0,0,2,-99,-99,-99,-99,-99,-99,-99,-99,-99,-99,-99,,-99,-99,-99,-99,-99,-99,-99,1,-99,-99,-99,,2,,-99,-99,-99,-99,-99,-99,-99,,2,,-99,-99,-99,-99,-99,-99,-99,,4,9,,5,,1,2,,,3,3,6,5,7,7,2,2,2,1,3,,2,2,0,0,0,1,,32,2,1,8,1,1,,2,,Guadalajara
4175,3,4,1,1,10,,1,No hay ninguna persona en educacion media,,3,No hay ninguna persona en educacion superior,,3,2,2,1,2,2,2,2,2,2,2,2,2,2,2,2,-99,-99,-99,-99,1,-99,-99,,-99,5,,9,7,7,9,9,9,10,10,10,10,10,10,7,2,0,,10,5,2,0,,10,3,2,0,,9,6,9,2,0,,5,2,0,,9,3,6,5,7,7,9,11,11,9,4,4,3,4,3,la x,La X,1,2,,,,1,-99,-99,-99,-99,-99,-99,-99,1,-99,-99,-99,,-99,-99,-99,-99,-99,-99,-99,1,-99,-99,-99,,2,,-99,-99,-99,-99,-99,-99,-99,,2,,-99,-99,-99,-99,-99,-99,-99,,1,6,,7,,3,2,,,3,2,6,5,10,7,2,2,2,2,2,,2,2,0,0,0,2,,25,1,9,7,1,3,,4,,guadalajara izquierda
4118,3,3,2,2,,,0,,,0,,,0,2,1,2,2,2,2,2,2,2,2,2,2,2,2,2,-99,-99,1,-99,-99,-99,-99,,-99,3,,7,7,9,6,9,9,9,9,7,9,9,6,7,2,0,,10,5,2,0,,9,3,2,0,,9,9,8,2,0,,6,2,0,,8,3,7,6,6,6,9,11,8,5,5,4,3,3,3,la x,La X,1,2,,,,2,-99,-99,-99,-99,-99,-99,-99,-99,-99,-99,-99,,-99,-99,-99,-99,-99,-99,-99,1,-99,-99,-99,,2,,-99,-99,-99,-99,-99,-99,-99,,2,,-99,-99,-99,-99,-99,-99,-99,,3,6,,2,,1,2,,,3,1,6,8,9,7,2,1,2,2,1,,2,2,0,0,0,2,,78,4,8,4,1,2,,2,,luis echeverria
4118,3,3,1,2,,,0,,,0,,,0,2,2,1,2,2,2,2,2,2,2,2,2,2,2,2,1,-99,-99,-99,-99,-99,-99,,-99,1,,6,6,7,6,9,7,9,5,10,9,9,10,7,2,0,,9,5,2,0,,9,3,2,0,,9,9,10,2,0,,7,2,0,,10,4,6,9,9,9,8,11,8,8,10,4,3,3,3,chamizal,El Chamizal,1,1,1,0,0,1,-99,-99,-99,-99,-99,-99,-99,1,-99,-99,-99,,-99,-99,-99,-99,-99,-99,-99,1,-99,-99,-99,,2,,-99,-99,-99,-99,-99,-99,-99,,2,,-99,-99,-99,-99,-99,-99,-99,,4,5,,7,,1,2,,,3,2,7,6,7,6,2,1,2,1,3,,2,2,0,0,0,2,,31,2,9,3,1,2,,2,,Luis echeverria
4118,3,3,3,2,,,0,,,0,,,0,2,2,1,2,2,2,2,2,2,2,2,2,2,2,2,-99,-99,1,-99,-99,-99,-99,,-99,3,,8,8,8,5,9,9,10,8,9,10,8,8,7,2,0,,9,5,2,0,,10,3,2,0,,8,8,5,2,0,,4,2,0,,7,3,6,7,8,6,7,11,11,6,7,4,3,3,3,la  x,La X,0,2,,,,1,-99,-99,-99,-99,-99,-99,-99,-99,-99,-99,1,SE RESERVA,-99,-99,-99,-99,-99,1,-99,-99,-99,-99,-99,,2,,-99,-99,-99,-99,-99,-99,-99,,2,,-99,-99,-99,-99,-99,-99,-99,,3,7,,9,,1,2,,,3,2,6,5,3,8,2,1,2,1,1,,2,2,0,0,0,1,,54,3,9,4,2,19,,1,,Luis echeverria
4118,3,3,2,1,8,,1,9,,1,No hay ninguna persona en educacion superior,,3,2,2,1,2,2,2,2,2,2,2,2,2,2,2,2,-99,-99,1,-99,-99,-99,-99,,-99,3,,9,9,6,7,9,6,8,6,6,9,9,9,7,2,0,,9,5,2,0,,9,3,2,0,,6,9,8,2,0,,3,2,0,,6,4,6,6,5,4,7,11,7,7,4,4,4,3,4,la x,La X,0,2,,,,2,-99,-99,-99,-99,-99,-99,-99,-99,-99,-99,-99,,-99,-99,-99,-99,-99,-99,-99,-99,-99,-99,1,SE RESERVA,2,,-99,-99,-99,-99,-99,-99,-99,,2,,-99,-99,-99,-99,-99,-99,-99,,4,5,,7,,1,2,,,4,2,8,3,3,7,2,1,1,1,7,baches,2,2,0,0,0,1,,37,2,1,4,1,1,,1,,luis Echeverría
4118,3,2,2,1,10,,1,10,,1,No hay ninguna persona en educacion superior,,3,1,1,1,1,2,1,2,2,1,1,1,1,1,2,1,-99,-99,-99,1,-99,-99,-99,,-99,4,,7,7,8,7,10,9,5,5,10,10,10,1,7,2,0,,9,1,1,1,10,10,3,2,0,,5,5,5,2,0,,3,1,2,2,9,5,7,10,5,2,3,0,10,5,2,4,4,4,1,el chamizal,El Chamizal,1,1,1,0,1,1,-99,-99,-99,-99,-99,-99,-99,1,1,-99,-99,,1,-99,-99,-99,-99,-99,-99,1,1,-99,-99,,1,2,-99,-99,1,1,-99,-99,-99,,2,,-99,-99,-99,-99,-99,-99,-99,,4,5,,7,,2,2,,,4,9,5,5,4,10,1,1,2,2,1,,2,2,0,0,0,1,,42,2,1,4,1,1,,1,,Luis Echeverría
4118,3,2,3,2,,,0,,,0,,,0,1,1,1,1,2,1,2,2,1,2,2,2,2,2,2,1,-99,-99,-99,-99,-99,-99,,-99,1,,8,7,6,8,9,6,10,8,10,9,10,5,7,2,0,,9,3,2,0,,10,3,2,0,,7,10,8,2,0,,5,2,0,,7,8,8,8,5,5,8,11,8,8,7,4,5,5,4,catedral,La Catedral,2,2,,,,2,-99,-99,-99,-99,-99,-99,-99,-99,-99,-99,-99,,-99,-99,-99,-99,-99,-99,-99,1,-99,-99,-99,,2,,-99,-99,-99,-99,-99,-99,-99,,2,,-99,-99,-99,-99,-99,-99,-99,,4,16,,5,,1,2,,,2,9,8,5,7,8,2,1,2,2,1,,2,2,0,0,0,2,,73,4,4,1,1,1,,1,,luis hecheverria
4118,3,3,2,2,,,0,,,0,,,0,1,1,1,1,2,2,2,2,1,2,2,1,1,2,1,1,-99,-99,-99,-99,-99,-99,,-99,1,,7,6,5,6,9,5,10,10,10,8,7,7,7,2,0,,10,3,2,0,,10,3,2,0,,8,8,8,2,0,,8,2,0,,8,6,9,7,7,7,7,11,8,6,5,4,2,2,2,la x,La X,1,2,,,,1,1,-99,-99,-99,-99,-99,-99,-99,1,-99,-99,,-99,-99,-99,-99,-99,-99,-99,1,1,-99,-99,,1,8,-99,-99,-99,-99,-99,-99,-99,,2,,-99,-99,-99,-99,-99,-99,-99,,3,5,,2,,1,2,,,4,9,8,6,5,7,2,1,1,2,1,,2,2,0,0,0,1,,68,4,1,4,1,1,,2,,luis hecheverria
4118,3,4,3,1,9,,1,No hay ninguna persona en educacion media,,3,No hay ninguna persona en educacion superior,,3,1,1,1,1,2,2,2,2,1,2,2,2,2,2,1,1,-99,-99,-99,-99,-99,-99,,-99,1,,9,8,8,7,8,7,10,9,9,9,10,8,7,2,0,,7,5,2,0,,8,3,2,0,,9,8,7,2,0,,9,2,0,,7,9,7,8,8,2,5,7,9,6,7,1,2,2,1,la zapata,El monumento a Zapata,1,1,2,3,4,1,-99,-99,-99,1,-99,-99,-99,-99,-99,-99,-99,,1,-99,-99,-99,-99,1,-99,1,-99,-99,-99,,2,,-99,-99,-99,-99,-99,-99,-99,,2,,-99,-99,-99,-99,-99,-99,-99,,4,9,,4,,4,1,policia,abuzosa,1,9,9,8,6,7,2,1,1,1,2,,2,2,0,0,0,2,,26,1,2,6,1,1,,1,,16 deseotiembre
4118,3,2,2,2,,,0,,,0,,,0,1,1,1,1,2,2,2,2,1,2,2,1,2,2,1,1,-99,-99,-99,-99,-99,-99,,-99,1,,10,9,8,8,10,8,10,8,8,7,10,8,7,2,0,,10,3,2,0,,10,3,2,0,,8,8,8,2,0,,7,2,0,,8,7,8,8,5,5,6,11,6,7,6,4,4,4,4,monumento a Juárez,El monumento a Benito Juárez,1,2,,,,2,-99,-99,-99,-99,-99,-99,-99,-99,-99,-99,-99,,-99,-99,-99,-99,-99,1,-99,-99,-99,-99,-99,,1,8,-99,-99,-99,-99,-99,-99,-99,,2,,-99,-99,-99,-99,-99,-99,-99,,3,5,,9,,1,2,,,2,1,8,6,5,10,1,1,2,1,6,,2,2,0,0,0,1,,72,4,1,2,2,19,,1,,luis hecheverria
4118,3,3,2,2,,,0,,,0,,,0,1,2,1,1,2,2,2,2,2,2,2,2,2,2,2,1,-99,-99,-99,-99,-99,-99,,-99,1,,8,7,11,8,9,9,8,6,9,10,10,9,7,2,0,,9,5,2,0,,9,3,2,0,,8,4,8,2,0,,8,2,0,,9,5,6,6,4,7,8,7,10,8,7,4,4,4,4,lax,La X,1,2,,,,2,-99,-99,-99,-99,-99,-99,-99,-99,-99,-99,-99,,-99,-99,-99,-99,-99,-99,-99,1,-99,-99,-99,,2,,-99,-99,-99,-99,-99,-99,-99,,2,,-99,-99,-99,-99,-99,-99,-99,,4,2,,7,,2,2,,,3,9,10,4,5,5,2,2,2,1,2,,2,2,0,0,0,1,,23,1,1,6,2,19,,19,,lui echeverria
4118,3,3,2,2,,,0,,,0,,,0,1,1,1,1,2,2,2,2,2,2,2,2,2,2,1,1,-99,-99,-99,-99,-99,-99,,-99,1,,6,7,8,7,5,9,6,8,8,10,10,9,7,2,0,,7,5,2,0,,8,3,2,0,,7,7,5,2,0,,6,1,2,5,4,8,3,2,2,1,8,9,6,5,6,4,4,4,4,la x,La X,1,2,,,,2,-99,-99,-99,-99,-99,-99,-99,-99,-99,-99,-99,,-99,-99,-99,-99,-99,1,-99,-99,-99,-99,-99,,1,5,-99,-99,-99,1,-99,-99,-99,,1,8,-99,-99,1,-99,-99,-99,-99,,2,6,,4,,1,1,policía,sibornos,3,5,6,7,7,9,1,1,1,1,3,,2,2,0,0,0,2,,63,4,8,2,1,1,,1,,16 de septiembre
4118,3,4,2,2,,,0,,,0,,,0,1,1,1,1,2,2,2,2,1,2,2,2,2,2,1,1,-99,-99,-99,-99,-99,-99,,-99,1,,6,6,5,8,5,8,10,9,9,8,10,5,7,2,0,,10,5,2,0,,10,3,2,0,,8,8,6,2,0,,4,2,0,,7,6,8,8,7,5,5,11,11,7,5,4,5,5,4,la x,La X,1,2,,,,2,-99,-99,-99,-99,-99,-99,-99,-99,-99,-99,-99,,-99,-99,-99,-99,-99,-99,-99,-99,1,-99,-99,,1,6,1,-99,-99,-99,1,-99,-99,,2,,-99,-99,-99,-99,-99,-99,-99,,4,16,,5,,1,2,,,2,9,10,7,5,9,2,1,1,2,1,,2,2,0,0,0,2,,80,4,1,1,1,1,,1,,luis hecheverria
4118,3,3,4,2,,,0,,,0,,,0,1,2,2,2,2,2,2,2,2,2,2,2,2,2,2,-99,-99,-99,-99,-99,1,-99,,-99,6,,,,,,,,10,10,9,10,6,10,7,2,0,,10,5,2,0,,10,3,2,0,,10,10,10,2,0,,8,2,0,,7,10,10,10,10,10,10,0,0,10,0,4,5,5,3,la x,La X,1,2,,,,1,-99,-99,-99,-99,-99,1,-99,-99,-99,-99,-99,,-99,-99,-99,-99,-99,1,-99,1,-99,-99,-99,,2,,-99,-99,-99,-99,-99,-99,-99,,2,,-99,-99,-99,-99,-99,-99,-99,,3,5,,19,agua no sube,2,2,,,3,1,8,7,10,10,1,1,2,2,7,desabasto de agua,2,2,0,0,0,2,,56,3,9,4,1,1,,1,,luis echeverria
4118,3,4,1,2,,,0,,,0,,,0,1,1,1,1,2,2,2,2,1,2,2,2,2,2,1,-99,-99,-99,-99,-99,1,-99,,-99,6,,,,,,,,7,6,8,10,9,4,7,2,0,,10,5,2,0,,10,3,2,0,,9,9,8,2,0,,10,2,0,,5,11,0,0,0,0,0,0,0,10,10,4,5,5,5,la catedral,La Catedral,1,2,,,,1,-99,-99,-99,-99,-99,-99,-99,1,-99,-99,-99,,-99,-99,-99,-99,-99,-99,-99,1,-99,-99,-99,,2,,-99,-99,-99,-99,-99,-99,-99,,2,,-99,-99,-99,-99,-99,-99,-99,,4,15,,10,,1,2,,,3,9,10,10,5,6,1,1,2,1,2,,2,2,0,0,0,2,,73,4,2,1,1,2,,2,,luz evheverria
4118,3,4,1,1,No hay ninguna persona en nivel basico,,3,10,,1,No hay ninguna persona en educacion superior,,3,1,2,1,1,2,1,1,1,2,2,2,2,2,1,1,1,-99,-99,1,-99,-99,-99,,-99,4,,7,10,10,10,10,7,8,10,8,10,10,10,7,2,0,,8,5,2,0,,8,4,2,0,,6,10,8,2,0,,7,2,0,,2,10,10,8,10,1,5,0,1,8,0,4,2,1,1,la x,La X,1,2,,,,1,-99,-99,-99,-99,-99,-99,-99,1,-99,-99,-99,,-99,-99,-99,-99,-99,-99,-99,1,-99,-99,-99,,2,,-99,-99,-99,-99,-99,-99,-99,,2,,-99,-99,-99,-99,-99,-99,-99,,2,12,,15,,3,1,transito gn,piden mordidas,1,8,8,2,2,10,2,2,2,2,2,,2,2,0,0,0,2,,24,1,2,7,1,1,,1,,luis echeverria
1448,3,4,2,1,10,,1,10,,1,No hay ninguna persona en educacion superior,,3,1,1,1,1,2,2,1,2,2,2,2,1,2,2,1,-99,-99,-99,1,-99,-99,-99,,-99,4,,8,8,8,10,9,10,10,10,10,10,10,9,7,2,0,,10,4,2,0,,10,3,2,0,,10,10,10,2,0,,5,2,0,,5,8,7,10,5,5,5,8,10,7,6,4,2,4,4,monumento a emiliano Zapata,El monumento a Benito Juárez,0,1,1,0,0,2,-99,-99,-99,-99,-99,-99,-99,-99,-99,-99,-99,,-99,-99,-99,-99,-99,1,-99,-99,-99,-99,-99,,1,1,-99,1,-99,-99,1,-99,-99,,2,,-99,-99,-99,-99,-99,-99,-99,,4,2,,5,,4,2,,,2,9,10,7,5,10,2,1,1,1,3,,2,2,0,0,0,1,,42,2,1,4,1,1,,1,,emiliano Zapata
1448,3,3,2,1,7,,1,8,,1,8,,1,1,1,1,1,2,2,2,2,1,2,2,2,2,2,1,1,-99,-99,-99,1,-99,-99,,-99,5,,5,6,4,6,5,5,10,10,10,7,10,10,7,2,0,,10,2,1,1,8,10,3,2,0,,8,9,8,2,0,,3,2,0,,5,5,5,4,10,4,8,11,11,5,5,4,3,2,1,parque borunda,El parque Borunda,2,1,1,0,0,1,-99,-99,-99,-99,-99,-99,-99,1,-99,-99,-99,,-99,-99,-99,-99,-99,-99,-99,1,-99,-99,-99,,2,,-99,-99,-99,-99,-99,-99,-99,,2,,-99,-99,-99,-99,-99,-99,-99,,3,5,,2,,1,2,,,4,1,5,5,5,10,2,2,2,2,5,,2,2,0,0,0,2,,40,2,3,8,1,1,,2,,emiliano zapaa
1448,3,4,2,2,,,0,,,0,,,0,1,1,2,2,2,2,2,2,2,2,2,2,2,2,2,1,-99,-99,-99,-99,-99,-99,,-99,1,,5,5,2,2,7,7,10,10,10,10,10,10,7,2,0,,10,5,1,1,10,10,3,2,0,,5,5,5,2,0,,1,2,0,,1,5,2,2,5,5,5,11,11,5,8,4,5,5,2,la x,La X,1,2,,,,2,-99,-99,-99,-99,-99,-99,-99,-99,-99,-99,-99,,-99,-99,-99,-99,-99,-99,-99,1,-99,-99,-99,,2,,-99,-99,-99,-99,-99,-99,-99,,2,,-99,-99,-99,-99,-99,-99,-99,,4,7,,5,,1,2,,,1,9,10,1,5,9,1,2,2,1,6,,2,2,0,0,0,2,,29,1,4,6,2,19,,19,,emiliano Zapata
1448,3,3,2,1,10,,1,10,,1,No hay ninguna persona en educacion superior,,3,1,1,1,1,2,1,2,2,2,2,2,2,2,2,1,1,-99,1,-99,-99,-99,-99,,-99,1,,9,9,8,10,9,5,10,10,10,10,8,10,7,2,0,,10,5,2,0,,10,3,2,0,,10,10,8,2,0,,9,2,0,,2,11,0,0,0,0,0,0,0,8,2,4,2,2,2,la catedral,La Catedral,1,2,,,,1,-99,-99,-99,-99,-99,-99,-99,1,-99,-99,-99,,-99,-99,-99,-99,-99,-99,-99,1,-99,-99,-99,,2,,-99,-99,-99,-99,-99,-99,-99,,2,,-99,-99,-99,-99,-99,-99,-99,,4,5,,8,,1,2,,,3,9,10,3,6,10,2,1,1,1,7,delincuencia,2,2,0,0,0,2,,18,1,2,4,1,1,,1,,lopez mateos
1448,3,3,3,1,10,,2,No hay ninguna persona en educacion media,,3,No hay ninguna persona en educacion superior,,3,1,1,1,1,2,1,1,2,2,2,2,2,2,1,2,-99,-99,-99,1,-99,-99,-99,,-99,4,,10,9,5,10,9,10,10,8,8,10,10,5,7,2,0,,8,5,2,0,,8,3,2,0,,7,3,3,2,0,,2,2,0,,5,11,0,0,0,0,0,0,3,5,0,4,3,2,2,el centro,El centro,1,2,,,,2,-99,-99,-99,-99,-99,-99,-99,-99,-99,-99,-99,,-99,-99,-99,-99,-99,-99,-99,1,-99,-99,-99,,2,,-99,-99,-99,-99,-99,-99,-99,,2,,-99,-99,-99,-99,-99,-99,-99,,4,19,vigilqncia pública,15,,1,2,,,3,6,6,9,5,9,2,2,2,1,7,pavimentación,2,2,0,0,0,1,,36,2,1,4,1,2,,2,,lopez mateos
1448,3,3,2,2,,,0,,,0,,,0,1,1,1,1,1,1,2,1,1,1,1,1,1,1,1,-99,-99,-99,-99,-99,1,-99,,-99,6,,,,,,,,10,10,10,10,10,10,7,2,0,,8,4,2,0,,10,3,2,0,,10,8,8,2,0,,1,2,0,,8,11,0,0,0,0,10,0,1,10,4,4,5,3,3,la x,La X,1,2,,,,1,-99,-99,-99,-99,-99,-99,-99,1,-99,-99,-99,,-99,-99,-99,-99,-99,-99,-99,1,-99,-99,-99,,2,,-99,-99,-99,-99,-99,-99,-99,,2,,-99,-99,-99,-99,-99,-99,-99,,2,11,,5,,2,2,,,3,9,7,2,7,9,2,2,2,2,7,pavimentación,2,2,0,0,0,2,,26,1,2,6,1,4,,4,,lopez mateos
1448,3,3,2,1,8,,1,No hay ninguna persona en educacion media,,3,No hay ninguna persona en educacion superior,,3,2,2,2,1,2,2,2,2,2,2,2,2,2,2,2,-99,-99,1,-99,-99,-99,-99,,-99,3,,10,10,8,8,9,9,10,6,8,8,10,10,7,2,0,,10,5,2,0,,10,3,2,0,,6,5,8,2,0,,8,2,0,,8,3,9,9,6,4,6,11,7,8,8,4,4,3,4,la x,La X,1,1,2,0,0,2,-99,-99,-99,-99,-99,-99,-99,-99,-99,-99,-99,,-99,-99,-99,-99,-99,-99,-99,-99,-99,-99,1,SE RESERVA,2,,-99,-99,-99,-99,-99,-99,-99,,2,,-99,-99,-99,-99,-99,-99,-99,,4,5,,2,,1,2,,,3,2,3,8,9,5,2,1,2,1,1,,2,2,0,0,0,1,,27,1,1,6,1,1,,2,,adolfo López Mateos
1448,3,4,1,2,,,0,,,0,,,0,2,1,2,2,2,2,2,2,2,2,2,2,2,2,2,1,-99,-99,-99,-99,-99,-99,,-99,1,,8,7,9,8,7,8,9,7,9,7,8,5,7,2,0,,8,5,2,0,,9,3,2,0,,5,8,5,2,0,,4,2,0,,5,6,6,8,6,8,2,11,11,5,3,4,3,2,4,catedral,La Catedral,0,2,,,,2,-99,-99,-99,-99,-99,-99,-99,-99,-99,-99,-99,,-99,-99,-99,-99,-99,1,-99,-99,-99,-99,-99,,2,,-99,-99,-99,-99,-99,-99,-99,,2,,-99,-99,-99,-99,-99,-99,-99,,4,6,,7,,1,2,,,3,1,3,3,2,6,2,1,1,1,2,,2,2,0,0,0,1,,74,4,8,1,1,1,,1,,lopez mateos
1448,3,3,1,2,,,0,,,0,,,0,2,2,1,2,2,2,2,2,2,2,2,2,2,2,2,-99,-99,-99,-99,1,-99,-99,,-99,5,,7,9,10,10,10,10,9,7,10,7,10,9,7,2,0,,10,5,2,0,,10,3,2,0,,9,7,6,2,0,,5,2,0,,7,3,6,6,4,5,7,11,11,8,9,4,3,2,4,la x,La X,1,2,,,,1,-99,-99,-99,-99,-99,-99,-99,1,-99,-99,-99,,-99,-99,-99,-99,-99,-99,-99,1,-99,-99,-99,,2,,-99,-99,-99,-99,-99,-99,-99,,2,,-99,-99,-99,-99,-99,-99,-99,,4,2,,6,,1,2,,,3,2,3,4,5,4,2,1,2,2,6,,2,2,0,0,0,1,,38,2,9,10,1,4,,4,,López Mateos
1448,3,3,3,2,,,0,,,0,,,0,2,2,1,2,2,2,2,2,2,2,2,2,2,2,2,1,-99,-99,-99,-99,-99,-99,,-99,1,,9,9,9,8,6,7,9,5,9,9,4,5,7,2,0,,5,5,2,0,,9,3,2,0,,7,6,8,2,0,,4,2,0,,8,3,6,4,4,4,7,11,11,5,7,4,3,2,3,la x,La X,0,2,,,,1,-99,-99,-99,-99,-99,1,-99,-99,-99,-99,-99,,-99,-99,-99,-99,-99,1,-99,-99,-99,-99,-99,,2,,-99,-99,-99,-99,-99,-99,-99,,2,,-99,-99,-99,-99,-99,-99,-99,,1,7,,2,,1,2,,,3,2,5,4,3,7,2,1,2,1,2,,2,2,0,0,0,1,,48,3,9,3,1,1,,1,,lopez Mateos
1448,3,3,1,2,,,0,,,0,,,0,1,1,1,1,2,2,2,2,2,2,2,2,2,1,1,1,-99,1,-99,-99,-99,-99,,-99,1,,7,6,7,8,8,9,7,7,10,10,10,10,7,2,0,,10,5,2,0,,7,3,2,0,,7,8,5,2,0,,7,2,0,,7,8,8,8,8,7,10,2,3,6,6,4,4,2,4,la x,La X,1,2,,,,1,-99,-99,-99,-99,-99,-99,-99,1,-99,-99,-99,,-99,-99,-99,-99,-99,-99,-99,1,-99,-99,-99,,2,,-99,-99,-99,-99,-99,-99,-99,,2,,-99,-99,-99,-99,-99,-99,-99,,4,2,,4,,3,2,,,3,9,5,6,5,8,2,1,1,1,5,,2,2,0,0,0,2,,65,4,2,2,2,19,,19,,lazaro abregon
1448,3,3,2,2,,,0,,,0,,,0,2,2,1,2,2,1,2,2,2,2,1,2,2,1,1,-99,-99,-99,1,-99,-99,-99,,-99,4,,8,8,2,5,5,8,10,10,10,10,6,8,7,2,0,,9,2,1,2,2,7,3,2,0,,7,4,8,2,0,,6,2,0,,4,7,3,8,3,3,5,2,2,2,3,4,4,4,4,la x,La X,2,2,,,,1,-99,-99,-99,-99,-99,-99,-99,1,-99,-99,-99,,-99,-99,-99,-99,-99,-99,-99,1,-99,-99,-99,,2,,-99,-99,-99,-99,-99,-99,-99,,2,,-99,-99,-99,-99,-99,-99,-99,,4,9,,4,,1,2,,,3,11,7,4,5,7,2,1,1,1,2,,2,2,0,0,0,2,,18,1,2,4,2,19,,19,,adolfo mateos
1448,3,3,2,2,,,0,,,0,,,0,1,1,1,1,2,2,2,2,2,2,2,2,2,2,1,-99,1,-99,-99,-99,-99,-99,,-99,2,,9,8,7,10,10,9,10,10,10,10,10,10,7,2,0,,10,5,2,0,,10,3,2,0,,10,10,6,2,0,,8,2,0,,9,8,1,1,1,1,9,7,6,8,2,4,4,4,3,monumento a juarez,El monumento a Benito Juárez,1,2,,,,2,-99,-99,-99,-99,-99,-99,-99,-99,-99,-99,-99,,-99,-99,-99,-99,-99,1,-99,-99,-99,-99,-99,,2,,-99,-99,-99,-99,-99,-99,-99,,2,,-99,-99,-99,-99,-99,-99,-99,,4,2,,3,,1,2,,,3,9,8,5,7,10,2,1,2,1,1,,2,2,0,0,0,1,,67,4,1,3,1,1,,1,,lopes mateos
1448,3,3,2,2,,,0,,,0,,,0,1,1,2,2,2,2,2,2,2,2,2,2,2,2,2,1,-99,-99,-99,-99,-99,-99,,-99,1,,7,8,8,7,7,9,8,9,9,9,10,10,7,2,0,,9,5,2,0,,10,3,2,0,,9,7,6,2,0,,7,2,0,,5,6,3,3,2,3,1,1,1,4,6,2,1,1,1,chamizal,El Chamizal,0,2,,,,2,-99,-99,-99,-99,-99,-99,-99,-99,-99,-99,-99,,-99,-99,-99,-99,-99,1,-99,-99,-99,-99,-99,,2,,-99,-99,-99,-99,-99,-99,-99,,2,,-99,-99,-99,-99,-99,-99,-99,,4,2,,3,,4,2,,,4,9,5,7,7,10,1,1,2,2,2,,2,2,0,0,0,1,,68,4,1,2,1,1,,1,,lopez mateos
3707,3,3,3,2,,,0,,,0,,,0,1,1,1,1,2,1,2,2,1,2,2,2,1,1,1,-99,-99,-99,1,-99,-99,-99,,-99,4,,9,9,8,10,8,9,8,8,8,10,5,7,7,2,0,,7,4,2,0,,9,3,2,0,,9,9,9,2,0,,2,2,0,,2,9,8,8,8,6,8,0,4,7,0,4,2,3,3,la catedral,La Catedral,0,1,0,0,2,2,-99,-99,-99,-99,-99,-99,-99,-99,-99,-99,-99,,-99,-99,-99,-99,-99,-99,-99,-99,1,-99,-99,,1,5,-99,1,-99,-99,-99,1,-99,,2,,-99,-99,-99,-99,-99,-99,-99,,4,5,,10,,1,2,,,3,4,8,2,2,8,1,1,1,1,7,perros callejeros,1,0,2,1,1,2,,50,3,4,6,1,1,,1,,ignacio allend
3707,3,2,2,2,,,0,,,0,,,0,1,2,2,2,2,2,2,2,2,2,2,2,2,1,1,-99,-99,-99,-99,-99,1,-99,,-99,6,,,,,,,,8,7,7,10,10,10,7,2,0,,10,5,2,0,,10,3,2,0,,9,9,8,2,0,,8,2,0,,8,11,0,0,0,0,9,0,0,7,0,4,5,5,5,la x,La X,1,2,,,,1,-99,-99,-99,-99,-99,-99,1,-99,-99,-99,-99,,-99,-99,-99,-99,-99,-99,1,-99,-99,-99,-99,,2,,-99,-99,-99,-99,-99,-99,-99,,2,,-99,-99,-99,-99,-99,-99,-99,,4,15,,5,,2,2,,,1,1,8,7,5,9,1,1,2,1,7,pavirnto,2,2,0,0,0,2,,18,1,4,6,1,1,,2,,allende
3707,3,2,4,2,,,0,,,0,,,0,1,2,2,2,2,2,2,2,2,2,2,2,2,2,2,-99,-99,-99,-99,-99,-99,1,CENTRO COMUNITARIO,-99,7,CENTRO COMUNITARIO,10,10,8,10,10,5,9,6,7,10,10,10,7,2,0,,10,5,2,0,,10,3,2,0,,10,10,7,2,0,,6,2,0,,5,11,0,0,0,0,0,0,0,10,2,4,5,5,5,el centro,El centro,2,2,,,,2,-99,-99,-99,-99,-99,-99,-99,-99,-99,-99,-99,,-99,-99,-99,-99,-99,-99,-99,1,-99,-99,-99,,2,,-99,-99,-99,-99,-99,-99,-99,,2,,-99,-99,-99,-99,-99,-99,-99,,4,15,,7,,3,2,,,5,10,10,3,5,10,2,2,1,2,7,pavimentación,2,2,0,0,0,2,,57,3,8,3,1,1,,1,,allende
3707,3,2,2,1,8,,1,8,,1,8,,1,1,1,1,2,2,2,2,2,2,2,2,2,2,2,1,-99,-99,-99,-99,-99,-99,1,CENTRO COMUNITARIO,-99,7,CENTRO COMUNITARIO,8,8,7,8,9,9,9,9,9,9,10,9,7,2,0,,10,5,2,0,,8,3,2,0,,8,8,8,2,0,,6,2,0,,8,8,8,8,8,5,8,11,11,8,7,4,3,3,3,monumento a zapata,El monumento a Benito Juárez,2,1,0,0,1,1,-99,-99,-99,-99,-99,-99,-99,1,-99,-99,-99,,-99,-99,-99,-99,-99,-99,-99,1,-99,-99,-99,,2,,-99,-99,-99,-99,-99,-99,-99,,2,,-99,-99,-99,-99,-99,-99,-99,,3,16,,5,,1,2,,,1,1,9,8,8,10,2,1,2,2,5,,2,2,0,0,0,2,,46,3,2,6,1,2,,2,,emiliano zapata
3707,3,2,3,2,,,0,,,0,,,0,1,2,1,1,2,2,2,2,1,2,2,2,2,2,1,-99,-99,1,-99,-99,-99,-99,,-99,3,,8,9,9,7,8,9,10,10,9,8,8,8,7,2,0,,8,4,2,0,,10,3,2,0,,8,9,7,2,0,,5,2,0,,8,8,8,8,6,5,8,11,11,7,6,4,2,3,1,la x,La X,1,1,0,0,1,2,-99,-99,-99,-99,-99,-99,-99,-99,-99,-99,-99,,-99,-99,-99,-99,-99,-99,-99,1,-99,-99,-99,,2,,-99,-99,-99,-99,-99,-99,-99,,2,,-99,-99,-99,-99,-99,-99,-99,,2,5,,9,,1,2,,,2,1,8,5,7,10,2,1,2,1,2,,1,0,1,2,2,2,,72,4,4,2,1,1,,2,,ignacio allende
3707,3,3,2,1,8,,1,8,,1,9,,1,1,1,1,1,2,2,2,2,2,2,2,2,2,2,1,1,-99,-99,1,-99,-99,-99,,-99,4,,8,8,7,9,8,9,10,9,9,9,8,8,7,3,0,,9,4,2,0,,8,3,2,0,,7,9,7,2,0,,6,2,0,,8,6,6,6,5,4,7,11,8,8,8,2,5,5,3,monumento a benito Juárez,El monumento a Benito Juárez,2,1,2,1,0,1,-99,-99,-99,-99,-99,-99,-99,1,-99,1,-99,,-99,-99,-99,-99,-99,-99,-99,1,-99,1,-99,,2,,-99,-99,-99,-99,-99,-99,-99,,1,9,-99,-99,-99,-99,-99,-99,-99,,4,5,,16,,3,2,,,2,9,7,7,6,7,2,1,2,1,2,,2,2,0,0,0,2,,41,2,2,4,1,1,,2,,Ignacio allende
3707,3,3,3,2,,,0,,,0,,,0,2,2,2,1,2,2,2,2,2,2,2,2,2,2,2,-99,-99,-99,-99,-99,-99,1,CENTRO COMUNITARIO,-99,7,CENTRO COMUNITARIO,9,9,8,8,5,2,9,9,9,9,9,9,7,2,0,,9,5,2,0,,9,3,2,0,,7,9,8,2,0,,4,2,0,,8,3,6,5,4,3,7,11,11,4,6,4,3,2,3,la x,La X,0,2,,,,2,-99,-99,-99,-99,-99,-99,-99,-99,-99,-99,-99,,-99,-99,-99,-99,-99,-99,-99,-99,-99,-99,1,SE RESERVA,2,,-99,-99,-99,-99,-99,-99,-99,,2,,-99,-99,-99,-99,-99,-99,-99,,3,2,,6,,1,2,,,3,2,5,4,6,6,2,2,2,1,6,,2,2,0,0,0,1,,74,4,1,3,1,1,,1,,Ignacio ayende
3707,3,2,3,1,8,,1,No hay ninguna persona en educacion media,,3,No hay ninguna persona en educacion superior,,3,2,1,2,2,2,2,2,2,2,2,2,2,2,2,2,-99,-99,1,-99,-99,-99,-99,,-99,3,,7,8,8,9,8,9,8,5,5,8,7,7,7,2,0,,8,5,2,0,,9,3,2,0,,8,7,8,2,0,,5,2,0,,7,3,6,4,4,3,5,11,11,5,1,2,3,2,2,la x,La X,1,2,,,,1,-99,-99,-99,-99,-99,1,-99,-99,-99,-99,-99,,-99,-99,-99,-99,-99,-99,-99,1,-99,-99,-99,,2,,-99,-99,-99,-99,-99,-99,-99,,2,,-99,-99,-99,-99,-99,-99,-99,,3,5,,6,,3,2,,,3,2,7,5,5,6,2,2,2,2,2,,2,2,0,0,0,1,,37,2,2,6,1,1,,2,,Ignacio ayende
3707,3,3,2,2,,,0,,,0,,,0,2,2,2,1,2,2,2,2,2,2,2,2,2,2,2,1,-99,-99,-99,-99,-99,-99,,-99,1,,8,6,9,5,6,7,10,9,10,9,9,9,7,2,0,,3,5,2,0,,9,3,2,0,,7,9,6,2,0,,5,2,0,,7,2,4,8,4,4,6,11,11,4,8,4,3,2,3,catedral,La Catedral,0,2,,,,2,-99,-99,-99,-99,-99,-99,-99,-99,-99,-99,-99,,-99,-99,-99,-99,-99,-99,-99,-99,-99,-99,1,SE RESERVA,2,,-99,-99,-99,-99,-99,-99,-99,,2,,-99,-99,-99,-99,-99,-99,-99,,3,6,,5,,1,2,,,3,2,6,9,7,4,2,1,2,2,6,,2,2,0,0,0,1,,71,4,1,3,1,1,,1,,ignacio ayende
3707,3,3,1,1,9,,1,9,,1,No hay ninguna persona en educacion superior,,3,1,1,1,1,2,1,2,2,2,2,2,2,2,1,1,-99,-99,-99,1,-99,-99,-99,,-99,4,,6,8,8,11,8,10,8,8,8,10,6,9,7,2,0,,9,1,2,0,,9,3,2,0,,7,7,6,2,0,,4,2,0,,3,5,10,9,2,1,7,0,4,9,0,4,4,2,1,ka x,La X,2,2,,,,2,-99,-99,-99,-99,-99,-99,-99,-99,-99,-99,-99,,-99,-99,-99,-99,-99,-99,-99,1,-99,-99,-99,,2,,-99,-99,-99,-99,-99,-99,-99,,2,,-99,-99,-99,-99,-99,-99,-99,,4,7,,4,,3,1,militares,golpes,3,2,6,7,7,10,2,1,1,1,5,,2,2,0,0,0,2,,47,3,4,5,2,19,,19,,ignacio Allende
3707,3,3,2,2,,,0,,,0,,,0,1,1,1,1,2,2,2,2,1,2,2,2,2,2,1,-99,-99,-99,1,-99,-99,-99,,-99,4,,7,8,8,5,7,8,7,9,6,10,7,10,7,2,0,,8,5,2,0,,9,3,2,0,,8,1,7,2,0,,1,2,0,,2,5,9,9,8,8,3,5,9,5,5,4,4,4,4,la x,La X,2,2,,,,1,1,-99,-99,-99,-99,-99,-99,-99,-99,-99,-99,,-99,-99,-99,-99,-99,-99,-99,1,-99,-99,-99,,2,,-99,-99,-99,-99,-99,-99,-99,,2,,-99,-99,-99,-99,-99,-99,-99,,4,2,,6,,1,2,,,3,1,6,8,7,4,1,1,1,1,5,,2,2,0,0,0,2,,58,3,2,3,1,1,,1,,ignacio allende
3707,3,3,2,1,8,,1,No hay ninguna persona en educacion media,,3,No hay ninguna persona en educacion superior,,3,1,1,1,1,2,1,2,2,2,2,2,2,2,2,1,1,-99,-99,-99,-99,-99,-99,,-99,1,,9,8,8,9,5,9,7,7,9,10,9,9,7,2,0,,10,5,2,0,,8,1,2,0,,8,8,8,2,0,,8,2,0,,6,5,2,7,7,1,9,9,8,8,5,4,4,4,2,la catedral,La Catedral,2,1,1,0,1,1,-99,-99,-99,-99,-99,-99,-99,1,-99,-99,-99,,-99,-99,-99,-99,-99,-99,-99,1,-99,-99,-99,,2,,-99,-99,-99,-99,-99,-99,-99,,2,,-99,-99,-99,-99,-99,-99,-99,,4,5,,6,,1,2,,,2,10,7,6,7,9,2,1,2,1,5,,2,2,0,0,0,1,,30,2,1,6,1,1,,1,,Ignacio allende
3707,3,3,2,1,10,,1,No hay ninguna persona en educacion media,,3,No hay ninguna persona en educacion superior,,3,1,2,1,1,2,2,2,2,2,2,2,2,2,2,2,-99,-99,-99,-99,1,-99,-99,,-99,5,,10,10,10,10,10,8,10,7,8,7,10,10,7,2,0,,10,2,2,0,,10,3,2,0,,7,7,5,2,0,,1,2,0,,5,1,1,1,1,1,0,0,0,0,0,4,5,5,5,monumento a zapata,El monumento a Benito Juárez,0,1,3,0,1,2,-99,-99,-99,-99,-99,-99,-99,-99,-99,-99,-99,,-99,-99,-99,-99,-99,1,-99,-99,-99,-99,-99,,1,8,-99,-99,-99,-99,-99,-99,-99,,1,8,-99,-99,-99,-99,-99,-99,-99,,4,5,,15,,1,2,,,1,9,7,8,6,7,2,1,1,1,6,,2,2,0,0,0,1,,25,1,1,6,1,2,,1,,ignacio allende
3707,3,3,2,2,,,0,,,0,,,0,1,2,2,1,2,2,2,2,2,2,2,2,2,2,1,1,-99,-99,-99,1,-99,-99,,1,5,,8,8,10,8,10,8,10,10,10,5,10,10,7,2,0,,10,2,1,1,9,10,3,2,0,,8,6,7,2,0,,1,2,0,,1,1,1,1,1,1,0,0,11,0,0,4,4,4,4,monumeto a juarez,El monumento a Benito Juárez,2,2,,,,1,-99,-99,-99,-99,-99,-99,-99,1,-99,-99,-99,,-99,-99,-99,-99,-99,-99,-99,1,-99,-99,-99,,2,,-99,-99,-99,-99,-99,-99,-99,,2,,-99,-99,-99,-99,-99,-99,-99,,4,5,,19,el trafico,1,2,,,1,9,7,7,3,8,2,2,1,2,7,perros callejeros,2,2,0,0,0,2,,56,3,9,4,1,1,,3,,ignacio allende
3707,3,3,1,2,,,0,,,0,,,0,1,1,1,1,1,1,2,1,1,2,1,2,2,1,1,1,-99,1,-99,-99,-99,-99,,-99,3,,8,8,7,10,8,8,10,7,10,7,9,10,7,2,0,,9,4,2,0,,10,3,2,0,,6,7,7,2,0,,6,2,0,,8,5,7,8,7,8,7,0,8,6,2,4,5,5,5,la presidencia,La Presidencia,5,2,,,,1,-99,-99,-99,-99,-99,-99,-99,1,-99,-99,-99,,-99,-99,-99,-99,-99,-99,-99,1,-99,-99,-99,,2,,-99,-99,-99,-99,-99,-99,-99,,2,,-99,-99,-99,-99,-99,-99,-99,,4,5,,6,,1,1,pomicias,quisn dinero,2,2,9,6,5,8,2,1,1,1,6,,2,2,0,0,0,2,,24,1,9,8,1,3,,3,,ignacio allende
119A,3,2,2,2,,,0,,,0,,,0,1,2,1,1,2,2,2,2,1,2,2,2,2,2,2,1,-99,-99,-99,-99,-99,-99,,-99,1,,8,9,4,8,10,8,10,7,10,9,10,8,7,2,0,,10,3,2,0,,10,3,2,0,,8,9,9,2,0,,6,2,0,,8,7,8,6,6,5,8,11,11,6,6,3,5,5,3,monumento abenito Juárez,El monumento a Benito Juárez,1,2,,,,2,-99,-99,-99,-99,-99,-99,-99,-99,-99,-99,-99,,-99,-99,-99,-99,-99,-99,-99,1,-99,-99,-99,,2,,-99,-99,-99,-99,-99,-99,-99,,2,,-99,-99,-99,-99,-99,-99,-99,,4,6,,1,,1,2,,,2,9,7,5,7,10,2,1,2,2,1,,2,2,0,0,0,2,,69,4,8,3,1,1,,1,,ignacio aldama
119A,3,4,2,2,,,0,,,0,,,0,1,1,1,1,2,2,2,2,1,2,2,1,2,2,1,1,-99,-99,-99,-99,-99,-99,,-99,1,,8,8,8,9,10,9,10,7,9,8,9,8,7,2,0,,10,3,2,0,,10,2,2,0,,8,7,8,2,0,,6,2,0,,9,8,8,6,6,5,7,10,10,8,8,4,5,4,4,chamizal,El Chamizal,0,2,,,,2,-99,-99,-99,-99,-99,-99,-99,-99,-99,-99,-99,,-99,-99,-99,-99,-99,-99,-99,-99,1,-99,-99,,1,9,-99,-99,-99,-99,-99,-99,-99,,2,,-99,-99,-99,-99,-99,-99,-99,,4,5,,2,,1,2,,,2,9,8,8,6,10,2,1,1,1,5,,2,2,0,0,0,1,,72,4,8,8,1,1,,1,,aldama
119A,3,2,2,1,5,,1,7,,1,9,,1,1,1,1,2,2,2,1,1,1,2,2,1,1,1,1,1,-99,-99,-99,-99,-99,-99,,-99,1,,7,7,7,7,7,8,8,8,8,7,7,5,7,2,0,,6,2,2,0,,7,3,2,0,,8,8,7,2,0,,5,2,0,,2,3,3,5,2,3,5,11,6,5,4,3,3,3,3,la x,La X,1,2,,,,1,-99,-99,-99,1,-99,-99,-99,-99,1,-99,-99,,-99,-99,-99,-99,-99,1,-99,-99,1,-99,-99,,1,6,1,-99,1,-99,-99,-99,-99,,2,,-99,-99,-99,-99,-99,-99,-99,,4,6,,5,,1,2,,,2,2,7,6,4,5,2,1,2,1,2,,2,2,0,0,0,2,,19,1,6,9,1,1,,2,,ignacio aldama
119A,3,4,2,2,,,0,,,0,,,0,1,1,1,1,1,2,2,2,2,2,1,1,2,2,1,-99,1,-99,-99,1,-99,-99,,-99,5,,10,10,10,10,10,10,10,10,10,10,10,10,7,2,0,,10,3,2,0,,10,3,2,0,,5,5,9,2,0,,4,2,0,,9,5,10,10,10,5,10,5,9,9,5,4,3,5,5,monumento a bento juarez,El monumento a Benito Juárez,2,2,,,,1,-99,-99,-99,-99,-99,-99,-99,-99,1,1,-99,,-99,-99,-99,-99,-99,1,-99,-99,1,1,-99,,1,4,-99,1,-99,1,1,-99,-99,,1,10,-99,-99,-99,-99,-99,-99,-99,,4,5,,3,,1,2,,,1,8,5,5,5,8,2,1,1,1,6,,2,2,0,0,0,1,,25,1,2,6,1,2,,3,,ignacio aldama
119A,3,4,2,1,No hay ninguna persona en nivel basico,,3,No hay ninguna persona en educacion media,,3,7,,1,1,2,1,1,2,2,2,2,2,2,2,2,2,1,1,-99,-99,-99,-99,1,-99,-99,,-99,5,,9,9,9,9,10,8,10,10,10,8,9,9,7,2,0,,10,5,2,0,,9,2,2,0,,9,7,9,2,0,,6,2,0,,6,8,8,7,7,7,8,11,8,8,6,4,4,4,4,la x,La X,1,1,0,0,2,1,1,-99,-99,-99,-99,-99,-99,-99,-99,-99,-99,,-99,-99,-99,-99,-99,-99,-99,1,-99,-99,-99,,2,,-99,-99,-99,-99,-99,-99,-99,,2,,-99,-99,-99,-99,-99,-99,-99,,4,15,,16,,1,2,,,3,9,8,8,7,9,1,1,2,1,5,,2,2,0,0,0,2,,50,3,9,11,1,2,,2,,ignqcio aldama
119A,3,4,2,2,,,0,,,0,,,0,1,2,1,1,2,2,2,2,2,2,2,2,2,2,1,1,-99,-99,-99,-99,-99,-99,,-99,1,,5,4,5,3,10,8,10,10,10,9,10,10,7,2,0,,10,4,2,0,,10,3,2,0,,10,10,7,2,0,,8,2,0,,8,9,8,8,8,8,8,0,11,8,0,4,5,5,5,lel chamizal,El Chamizal,0,2,,,,2,-99,-99,-99,-99,-99,-99,-99,-99,-99,-99,-99,,-99,-99,-99,-99,-99,-99,-99,-99,1,-99,-99,,1,6,1,1,-99,-99,-99,-99,-99,,2,,-99,-99,-99,-99,-99,-99,-99,,4,5,,9,,1,2,,,2,1,10,5,5,10,1,1,2,2,6,,2,2,0,0,0,1,,64,4,1,1,1,1,,1,,colonia aodama
119A,3,2,2,2,,,0,,,0,,,0,1,2,1,1,1,1,2,2,1,2,2,2,2,2,2,-99,-99,-99,1,-99,-99,-99,,-99,4,,7,7,4,7,6,7,7,7,7,8,9,6,6,2,0,,7,2,1,1,6,9,3,2,0,,6,1,9,2,0,,1,2,0,,4,6,8,8,8,7,5,1,5,0,0,1,4,4,1,la x,La X,1,2,,,,1,-99,-99,-99,-99,-99,-99,-99,1,-99,-99,-99,,-99,-99,-99,-99,-99,-99,-99,1,-99,-99,-99,,2,,-99,-99,-99,-99,-99,-99,-99,,2,,-99,-99,-99,-99,-99,-99,-99,,2,5,,2,,4,1,trancito,soborno,1,9,6,5,5,5,2,1,2,2,2,,2,2,0,0,0,1,,30,2,2,4,1,1,,1,,aldama
119A,3,4,2,1,No hay ninguna persona en nivel basico,,3,9,,2,No hay ninguna persona en educacion superior,,3,1,1,1,2,2,1,2,2,1,2,2,2,2,2,2,-99,-99,-99,-99,1,-99,-99,,-99,5,,8,11,9,6,9,10,8,7,6,10,2,10,7,2,0,,10,5,2,0,,10,3,2,0,,5,4,7,2,0,,7,2,0,,3,8,2,8,3,3,9,3,4,0,0,4,4,4,4,la x,La X,0,2,,,,2,-99,-99,-99,-99,-99,-99,-99,-99,-99,-99,-99,,-99,-99,-99,-99,-99,1,-99,-99,-99,-99,-99,,2,,-99,-99,-99,-99,-99,-99,-99,,2,,-99,-99,-99,-99,-99,-99,-99,,4,6,,4,,1,2,,,3,4,5,6,5,8,1,1,1,1,4,,2,2,0,0,0,1,,47,3,1,2,1,1,,1,,aldama
119A,3,2,3,2,,,0,,,0,,,0,1,2,1,1,2,2,2,2,2,2,2,2,2,2,1,1,-99,-99,-99,-99,-99,-99,,-99,1,,6,6,6,6,7,8,6,6,9,10,7,7,7,2,0,,9,5,2,0,,9,3,2,0,,7,2,4,2,0,,6,2,0,,6,9,9,9,9,9,9,6,6,6,5,4,4,4,4,lq x,La X,1,1,1,0,0,2,-99,-99,-99,-99,-99,-99,-99,-99,-99,-99,-99,,-99,-99,-99,-99,-99,-99,-99,1,-99,-99,-99,,2,,-99,-99,-99,-99,-99,-99,-99,,2,,-99,-99,-99,-99,-99,-99,-99,,3,9,,6,,1,2,,,3,3,6,3,6,9,1,1,1,1,1,,2,2,0,0,0,1,,53,3,1,2,2,19,,19,,Aldama
119A,3,2,3,1,8,,1,No hay ninguna persona en educacion media,,3,No hay ninguna persona en educacion superior,,3,2,2,2,1,2,2,2,2,2,2,2,2,2,2,2,1,-99,-99,-99,-99,-99,-99,,-99,1,,7,7,9,9,7,7,10,9,10,10,9,9,7,2,0,,10,5,2,0,,10,3,2,0,,9,8,8,2,0,,5,2,0,,9,3,4,7,3,7,6,8,8,3,3,4,3,3,3,catedral,La Catedral,2,1,2,0,1,2,-99,-99,-99,-99,-99,-99,-99,-99,-99,-99,-99,,-99,-99,-99,-99,-99,-99,-99,1,-99,-99,-99,,2,,-99,-99,-99,-99,-99,-99,-99,,2,,-99,-99,-99,-99,-99,-99,-99,,3,5,,7,,1,2,,,3,2,5,5,6,5,2,2,2,1,2,,2,2,0,0,0,1,,65,4,1,3,1,1,,19,,Aldama
119A,3,3,1,2,,,0,,,0,,,0,2,2,2,1,2,2,2,2,2,2,2,2,2,2,2,1,-99,-99,-99,-99,-99,-99,,-99,1,,8,7,9,7,9,9,10,8,9,8,10,9,7,2,0,,9,5,2,0,,9,3,2,0,,8,9,8,2,0,,7,2,0,,8,3,4,7,3,5,8,11,8,5,2,4,3,2,3,catedral,La Catedral,0,2,,,,1,-99,-99,-99,-99,-99,-99,-99,-99,-99,-99,1,SE RESERVA,-99,-99,-99,-99,-99,-99,-99,-99,-99,-99,1,SE RESERVA,2,,-99,-99,-99,-99,-99,-99,-99,,2,,-99,-99,-99,-99,-99,-99,-99,,3,9,,2,,1,2,,,3,1,7,4,2,7,2,1,2,1,1,,2,2,0,0,0,2,,73,4,9,3,1,1,,4,,aldama
119A,3,6,5,1,8,,1,No hay ninguna persona en educacion media,,3,No hay ninguna persona en educacion superior,,3,2,2,1,2,2,2,2,2,2,2,2,2,2,2,2,-99,-99,-99,-99,-99,1,-99,,-99,6,,,,,,,,9,9,9,7,9,9,7,2,0,,5,2,2,0,,9,3,2,0,,9,3,9,2,0,,5,2,0,,8,3,4,4,3,6,5,11,7,7,1,4,2,3,2,la x,La X,1,2,,,,1,-99,-99,-99,-99,-99,-99,-99,-99,-99,-99,1,SE RESERVA,-99,-99,-99,-99,-99,-99,-99,-99,-99,-99,1,SE RESERVA,2,,-99,-99,-99,-99,-99,-99,-99,,2,,-99,-99,-99,-99,-99,-99,-99,,3,7,,9,,1,2,,,1,2,9,7,5,7,2,1,2,1,6,,2,2,0,0,0,1,,49,3,1,3,2,19,,19,,aldama
119A,3,3,1,1,6,mas clases,1,No hay ninguna persona en educacion media,,3,8,,1,1,2,1,1,2,2,2,2,2,2,2,2,2,1,1,1,-99,-99,-99,-99,-99,-99,,-99,1,,7,8,8,7,9,8,10,10,10,10,10,10,7,2,0,,9,5,2,0,,10,3,2,0,,8,8,9,2,0,,9,2,0,,9,11,0,0,0,0,8,3,2,10,0,4,4,4,4,la presidenciq,La Presidencia,1,2,,,,1,-99,-99,-99,-99,-99,-99,-99,1,-99,-99,-99,,-99,-99,-99,-99,-99,-99,-99,1,-99,-99,-99,,2,,-99,-99,-99,-99,-99,-99,-99,,2,,-99,-99,-99,-99,-99,-99,-99,,4,5,,6,,1,1,municipaled,plantat cosas,3,6,8,8,4,8,1,2,1,1,7,baches,2,2,0,0,0,2,,49,3,2,4,1,2,,2,,del carmen
119A,3,3,3,1,10,,1,No hay ninguna persona en educacion media,,3,No hay ninguna persona en educacion superior,,3,1,2,2,2,2,2,2,2,2,2,2,2,2,2,1,-99,-99,-99,1,-99,-99,-99,,-99,4,,10,10,7,10,10,10,10,7,8,10,10,10,7,2,0,,8,5,2,0,,10,3,2,0,,10,10,8,2,0,,3,2,0,,6,11,0,0,0,0,0,0,9,9,8,4,5,5,5,la x,La X,0,2,,,,1,1,-99,-99,-99,-99,-99,-99,-99,-99,-99,-99,,1,-99,-99,-99,-99,-99,-99,-99,-99,-99,-99,,2,,-99,-99,-99,-99,-99,-99,-99,,2,,-99,-99,-99,-99,-99,-99,-99,,4,15,,13,,1,2,,,1,6,8,7,8,9,1,1,1,1,7,pavimentación,2,2,0,0,0,2,,49,3,9,3,1,1,,2,,del carmen
119A,3,3,2,1,8,,1,No hay ninguna persona en educacion media,,3,No hay ninguna persona en educacion superior,,3,1,1,1,1,1,2,2,2,2,2,2,2,2,2,1,-99,-99,-99,-99,-99,1,-99,,-99,6,,,,,,,,10,8,10,10,9,10,7,2,0,,10,5,2,0,,9,3,2,0,,10,6,10,2,0,,7,2,0,,2,11,0,0,0,0,0,0,6,0,0,4,5,5,5,la x,La X,1,2,,,,2,-99,-99,-99,-99,-99,-99,-99,-99,-99,-99,-99,,-99,-99,-99,-99,-99,-99,1,-99,-99,-99,-99,,1,8,-99,-99,-99,-99,-99,-99,-99,,2,,-99,-99,-99,-99,-99,-99,-99,,4,6,,9,,3,2,,,3,9,8,8,5,9,1,1,1,1,6,,2,2,0,0,0,1,,32,2,1,2,1,1,,2,,aldams
1293,3,2,3,2,,,0,,,0,,,0,1,2,2,1,2,2,2,2,2,2,2,2,2,2,1,-99,-99,-99,-99,1,-99,-99,,-99,5,,10,10,10,10,9,10,10,7,10,10,9,8,7,1,1,9,10,4,1,1,5,10,3,2,0,,10,10,8,2,0,,7,2,0,,8,11,0,0,0,0,0,0,0,6,0,4,2,3,2,los antros,OTRO,1,2,,,,2,-99,-99,-99,-99,-99,-99,-99,-99,-99,-99,-99,,1,-99,-99,-99,-99,-99,-99,1,1,-99,-99,,1,2,-99,-99,1,1,1,-99,-99,,2,,-99,-99,-99,-99,-99,-99,-99,,4,9,,5,,2,2,,,3,9,5,3,3,6,1,2,1,1,7,drenaje y topes,2,2,0,0,0,1,,57,3,1,4,1,1,,2,,obrera
1293,3,3,3,1,10,,1,No hay ninguna persona en educacion media,,3,No hay ninguna persona en educacion superior,,3,1,1,1,1,2,2,2,2,1,1,1,2,2,2,1,-99,-99,1,-99,-99,-99,-99,,-99,3,,8,8,7,8,8,8,9,6,8,10,10,10,7,2,0,,9,5,2,0,,10,3,2,0,,8,8,8,2,0,,9,2,0,,2,10,8,8,8,3,0,0,0,8,0,3,2,2,2,la x,La X,1,2,,,,1,-99,-99,-99,-99,-99,-99,-99,1,-99,-99,-99,,-99,-99,-99,-99,-99,-99,-99,1,-99,-99,-99,,2,,-99,-99,-99,-99,-99,-99,-99,,2,,-99,-99,-99,-99,-99,-99,-99,,4,5,,7,,1,2,,,3,10,6,5,3,6,2,1,1,2,7,perro callejero,2,2,0,0,0,2,,40,2,2,2,1,2,,2,,obrera
1293,3,3,1,1,8,,1,No hay ninguna persona en educacion media,,3,No hay ninguna persona en educacion superior,,3,1,2,1,1,2,1,2,2,2,2,2,2,2,2,1,1,-99,-99,1,-99,-99,-99,,-99,4,,8,7,9,6,7,8,8,8,9,8,10,8,7,2,0,,9,5,2,0,,8,3,2,0,,7,5,6,2,0,,5,2,0,,5,5,4,3,3,3,4,3,2,3,3,4,4,4,2,monumento a juarez,El monumento a Benito Juárez,0,1,0,0,1,2,-99,-99,-99,-99,-99,-99,-99,-99,-99,-99,-99,,-99,-99,-99,-99,-99,1,-99,-99,-99,-99,-99,,2,,-99,-99,-99,-99,-99,-99,-99,,2,,-99,-99,-99,-99,-99,-99,-99,,4,6,,5,,1,2,,,3,9,6,2,6,6,2,2,1,1,1,,1,0,4,4,4,2,,48,3,7,9,1,4,,2,,obrera
1293,3,2,2,2,,,0,,,0,,,0,1,1,1,1,1,1,1,2,1,2,2,2,2,1,1,1,-99,-99,-99,-99,-99,-99,,-99,1,,8,7,8,7,8,9,7,8,8,8,9,2,7,2,0,,7,5,2,0,,10,3,2,0,,5,6,5,2,0,,4,2,0,,11,6,5,5,5,5,6,7,6,8,4,1,4,4,1,lq x,La X,2,2,,,,2,-99,-99,-99,-99,-99,-99,-99,-99,-99,-99,-99,,-99,-99,-99,-99,-99,-99,-99,1,-99,-99,-99,,2,,-99,-99,-99,-99,-99,-99,-99,,2,,-99,-99,-99,-99,-99,-99,-99,,4,6,,2,,1,1,policía,golpes,3,1,7,2,2,6,2,2,2,2,2,,2,2,0,0,0,1,,25,1,2,8,1,1,,1,,obrera
1293,3,3,3,1,No hay ninguna persona en nivel basico,,3,6,,1,5,,1,1,2,1,1,2,1,2,2,1,2,2,1,2,2,1,1,-99,-99,-99,-99,-99,-99,,-99,1,,7,8,4,10,10,10,9,10,10,10,5,10,7,2,0,,10,4,2,0,,10,3,2,0,,10,10,10,2,0,,10,2,0,,10,2,9,11,7,5,6,11,8,9,10,4,4,4,4,catedral,La Catedral,0,2,,,,2,-99,-99,-99,-99,-99,-99,-99,-99,-99,-99,-99,,-99,-99,-99,-99,-99,-99,-99,-99,1,-99,-99,,1,8,-99,-99,-99,-99,-99,-99,-99,,1,10,-99,-99,-99,-99,-99,-99,-99,,4,7,,5,,3,2,,,2,9,8,4,6,8,2,2,2,1,2,,2,2,0,0,0,2,,18,1,4,6,2,19,,3,,obrera
1293,3,2,3,2,,,0,,,0,,,0,1,2,2,2,2,2,2,2,2,2,2,2,2,2,2,-99,-99,-99,-99,-99,-99,-99,,1,8,,3,4,5,5,7,5,10,10,10,10,7,1,7,2,0,,11,0,0,0,,10,3,2,0,,6,10,8,2,0,,6,2,0,,9,6,9,9,6,4,5,11,4,5,5,1,1,2,2,la x,La X,0,2,,,,2,-99,-99,-99,-99,-99,-99,-99,-99,-99,-99,-99,,-99,-99,-99,-99,-99,-99,-99,-99,1,-99,-99,,1,5,-99,-99,1,-99,1,-99,-99,,2,,-99,-99,-99,-99,-99,-99,-99,,2,2,,5,,1,2,,,2,1,5,5,5,5,1,1,2,1,2,,2,2,0,0,0,2,,65,4,1,2,2,19,,1,,obrera
1293,3,1,3,2,,,0,,,0,,,0,2,1,2,2,2,2,2,2,2,2,2,2,2,2,2,-99,-99,-99,-99,-99,-99,1,TODOS SOMOS MEXICANOS,-99,7,TODOS SOMOS MEXICANOS,5,9,9,1,8,9,10,7,10,6,5,8,7,2,0,,7,5,2,0,,9,3,2,0,,7,10,8,2,0,,3,2,0,,8,3,5,8,3,4,7,11,8,4,8,4,3,2,4,la x,La X,0,2,,,,2,-99,-99,-99,-99,-99,-99,-99,-99,-99,-99,-99,,-99,-99,-99,-99,-99,-99,-99,-99,-99,-99,1,SE RESERVA,2,,-99,-99,-99,-99,-99,-99,-99,,2,,-99,-99,-99,-99,-99,-99,-99,,4,6,,9,,1,2,,,3,3,6,3,6,7,2,1,2,1,2,,2,2,0,0,0,1,,65,4,1,2,1,1,,1,,obrera
1293,3,2,2,2,,,0,,,0,,,0,2,2,1,2,2,2,2,2,2,2,2,2,2,2,2,1,-99,-99,-99,-99,-99,-99,,-99,1,,9,9,10,5,10,8,10,9,10,7,1,9,7,2,0,,9,5,2,0,,9,3,2,0,,8,9,9,2,0,,8,2,0,,8,3,4,6,3,7,8,11,8,6,10,4,3,2,3,momento,El monumento a Benito Juárez,1,2,,,,2,-99,-99,-99,-99,-99,-99,-99,-99,-99,-99,-99,,-99,-99,-99,-99,-99,-99,-99,1,-99,-99,-99,,2,,-99,-99,-99,-99,-99,-99,-99,,2,,-99,-99,-99,-99,-99,-99,-99,,4,2,,5,,4,2,,,1,2,7,6,5,7,2,2,2,2,2,,2,2,0,0,0,1,,55,3,1,4,1,1,,19,,obrera
1293,3,4,1,1,10,,1,No hay ninguna persona en educacion media,,3,No hay ninguna persona en educacion superior,,3,1,1,1,1,1,1,2,2,2,1,1,1,1,1,2,1,-99,-99,-99,-99,-99,-99,,-99,1,,8,7,5,7,8,8,10,10,10,10,10,10,7,2,0,,10,5,2,0,,10,3,2,0,,8,10,9,2,0,,8,2,0,,8,11,0,0,0,0,0,0,11,8,0,2,5,5,5,elchamizal,El Chamizal,1,1,0,0,1,1,1,-99,-99,-99,-99,-99,-99,-99,1,-99,-99,,1,-99,-99,-99,-99,-99,-99,-99,1,-99,-99,,1,5,1,1,-99,-99,1,-99,-99,,2,,-99,-99,-99,-99,-99,-99,-99,,4,5,,6,,1,2,,,2,1,7,4,7,8,1,1,2,1,5,,2,2,0,0,0,2,,40,2,2,4,1,1,,1,,obrera
1293,3,2,3,2,,,0,,,0,,,0,1,1,1,1,2,1,2,2,2,2,2,2,2,1,2,1,-99,-99,-99,-99,-99,-99,,-99,1,,10,10,10,8,10,10,6,6,10,8,10,10,7,2,0,,9,3,2,0,,10,3,2,0,,7,8,7,2,0,,1,2,0,,7,11,0,0,0,0,0,0,11,5,0,4,5,5,5,la x,La X,0,2,,,,2,-99,-99,-99,-99,-99,-99,-99,-99,-99,-99,-99,,-99,-99,-99,-99,-99,-99,-99,-99,1,-99,-99,,1,5,1,1,-99,-99,1,-99,1,teminas temtano,1,10,-99,-99,-99,-99,-99,-99,-99,,4,5,,7,,1,2,,,2,2,8,6,6,8,2,1,1,1,6,,2,2,0,0,0,1,,69,4,1,4,1,1,,1,,obrera
1452,3,3,2,2,,,0,,,0,,,0,1,2,1,1,2,2,2,2,2,2,2,2,2,2,2,1,-99,-99,-99,1,-99,-99,,-99,5,,7,7,7,8,10,8,10,10,10,10,8,7,7,2,0,,8,2,2,0,,10,3,2,0,,10,10,10,2,0,,1,2,0,,7,11,0,0,0,0,0,0,11,8,0,4,5,5,5,la torre centinela,La torre centinela,1,1,1,0,0,2,-99,-99,-99,-99,-99,-99,-99,-99,-99,-99,-99,,-99,-99,-99,-99,-99,-99,-99,1,-99,-99,-99,,2,,-99,-99,-99,-99,-99,-99,-99,,2,,-99,-99,-99,-99,-99,-99,-99,,4,5,,2,,1,2,,,3,9,6,7,1,10,1,1,1,1,1,,2,2,0,0,0,1,,62,4,1,13,1,1,,1,,mariano escobedo
1452,3,4,2,2,,,0,,,0,,,0,1,2,1,2,2,2,2,2,2,2,2,2,2,1,1,1,-99,-99,1,-99,-99,-99,,-99,4,,7,8,7,5,8,10,10,10,5,9,6,10,7,2,0,,9,5,2,0,,9,3,2,0,,7,7,6,2,0,,4,2,0,,4,6,6,6,5,3,0,0,0,7,0,1,5,5,5,la x,La X,1,2,,,,1,-99,-99,-99,-99,-99,-99,-99,1,-99,1,-99,,-99,-99,-99,-99,-99,-99,-99,1,-99,1,-99,,2,,-99,-99,-99,-99,-99,-99,-99,,1,7,-99,-99,-99,-99,-99,-99,1,van llenos,4,5,,19,los gobernantes,1,1,imss,en el area de oftalmología nunca hay citas,2,1,7,5,5,6,2,1,1,2,3,,2,2,0,0,0,2,,60,4,9,4,1,1,,1,,mariano escibedo
1452,3,3,3,1,No hay ninguna persona en nivel basico,,3,No hay ninguna persona en educacion media,,3,9,,1,1,2,1,2,2,2,2,2,2,2,2,2,2,2,2,1,-99,-99,1,-99,-99,-99,,-99,4,,7,8,8,8,9,8,8,7,10,7,8,9,7,2,0,,8,2,2,0,,8,4,2,0,,7,8,9,2,0,,1,1,2,1,8,11,0,0,0,0,11,0,7,5,0,4,5,3,3,la x,La X,2,2,,,,1,-99,-99,-99,-99,-99,-99,-99,1,-99,-99,-99,,-99,-99,-99,-99,-99,-99,-99,1,-99,-99,-99,,2,,-99,-99,-99,-99,-99,-99,-99,,2,,-99,-99,-99,-99,-99,-99,-99,,4,5,,15,,1,2,,,2,9,1,5,5,8,1,1,1,1,1,,2,2,0,0,0,2,,48,3,2,7,1,2,,2,,mariano escobedo
1452,3,3,2,2,,,0,,,0,,,0,2,1,2,2,2,2,2,1,2,2,2,1,2,1,1,-99,-99,-99,-99,-99,1,-99,,-99,6,,,,,,,,7,9,7,7,10,8,7,2,0,,8,5,2,0,,10,3,2,0,,6,9,8,2,0,,8,2,0,,6,8,10,10,10,10,10,11,11,5,7,4,5,5,3,catedral,La Catedral,0,1,0,0,1,1,-99,-99,-99,-99,-99,1,-99,-99,1,-99,-99,,-99,-99,-99,-99,-99,-99,-99,-99,1,-99,-99,,1,8,-99,-99,-99,-99,-99,-99,-99,,2,,-99,-99,-99,-99,-99,-99,-99,,4,5,,9,,2,2,,,2,9,7,7,5,1,2,2,2,2,2,,2,2,0,0,0,2,,58,3,9,2,1,1,,1,,mariano escobedo
1452,3,4,2,2,,,0,,,0,,,0,1,1,1,1,1,2,2,1,1,2,1,1,1,2,1,1,-99,-99,-99,-99,-99,-99,,-99,1,,5,5,8,5,10,9,7,8,10,9,10,9,7,2,0,,10,4,2,0,,10,3,2,0,,9,10,8,2,0,,10,2,0,,9,8,10,10,10,8,10,11,8,5,7,4,5,4,3,la x,La X,0,2,,,,2,-99,-99,-99,-99,-99,-99,-99,-99,-99,-99,-99,,1,-99,-99,-99,-99,-99,-99,-99,-99,-99,-99,,1,8,-99,-99,-99,-99,-99,-99,-99,,2,,-99,-99,-99,-99,-99,-99,-99,,4,5,,2,,1,2,,,2,9,8,8,7,8,2,2,2,2,2,,2,2,0,0,0,2,,75,4,8,4,1,1,,1,,mariano escobed
1452,3,3,2,2,,,0,,,0,,,0,1,1,1,1,2,2,1,1,1,2,1,2,2,2,1,1,-99,-99,-99,-99,-99,-99,,-99,1,,8,8,9,9,10,10,10,10,10,10,10,9,7,2,0,,10,4,2,0,,10,3,2,0,,8,10,8,2,0,,4,1,1,5,8,5,8,8,6,7,7,11,11,8,8,4,4,5,4,monumento a Juárez,El monumento a Benito Juárez,2,2,,,,1,-99,-99,-99,-99,-99,1,-99,-99,-99,-99,-99,,-99,-99,-99,-99,-99,1,-99,1,-99,-99,-99,,2,,-99,-99,-99,-99,-99,-99,-99,,2,,-99,-99,-99,-99,-99,-99,-99,,4,9,,5,,4,2,,,2,9,8,10,8,8,1,2,2,1,6,,2,1,2,2,2,2,,60,4,9,4,1,1,,2,,mariano escobedo
1452,3,3,2,2,,,0,,,0,,,0,1,2,2,2,2,2,2,2,1,2,2,2,2,2,1,-99,-99,-99,-99,-99,-99,1,CENTRO COMUNITARIO,-99,7,CENTRO COMUNITARIO,10,9,9,8,10,9,10,10,10,9,10,8,7,2,0,,10,4,2,0,,10,3,2,0,,8,10,8,2,0,,8,2,0,,9,8,8,8,6,6,7,11,11,10,8,4,5,5,5,monumento a Juárez,El monumento a Benito Juárez,1,2,,,,2,-99,-99,-99,-99,-99,-99,-99,-99,-99,-99,-99,,-99,-99,-99,-99,-99,-99,-99,-99,1,-99,-99,,1,8,-99,-99,-99,-99,-99,-99,-99,,2,,-99,-99,-99,-99,-99,-99,-99,,4,5,,2,,1,2,,,2,1,10,8,5,10,2,2,2,2,1,,2,2,0,0,0,2,,75,4,8,3,1,1,,3,,mariano escobedo
1452,3,2,3,2,,,0,,,0,,,0,1,1,2,2,2,2,2,2,1,2,2,2,2,2,1,1,-99,-99,-99,-99,-99,-99,,-99,1,,8,9,8,10,10,3,10,10,10,10,10,10,7,2,0,,10,4,3,0,,10,3,2,0,,9,8,9,2,0,,5,1,2,5,6,6,5,5,4,4,8,11,11,9,5,4,5,5,5,monumento a zapata,El monumento a Benito Juárez,0,1,0,0,1,1,1,-99,-99,-99,-99,-99,-99,-99,1,-99,-99,,-99,-99,-99,-99,-99,-99,-99,-99,1,-99,-99,,1,8,-99,-99,-99,-99,-99,-99,-99,,2,,-99,-99,-99,-99,-99,-99,-99,,4,5,,2,,1,2,,,2,9,8,5,9,10,2,1,2,2,7,baches,2,2,0,0,0,1,,50,3,2,2,1,1,,1,,mariano Escobedo
1452,3,1,2,2,,,0,,,0,,,0,1,1,1,1,2,2,2,2,1,2,2,2,2,2,1,-99,-99,-99,-99,1,-99,-99,,-99,5,,10,10,10,10,10,5,10,10,10,10,10,10,7,2,0,,10,5,2,0,,10,3,2,0,,10,9,9,2,0,,7,2,0,,10,11,0,0,0,0,0,0,7,9,2,3,5,5,5,el chamizal,El Chamizal,0,2,,,,1,1,-99,-99,-99,-99,-99,-99,-99,1,-99,-99,,-99,-99,-99,-99,-99,1,-99,-99,1,-99,-99,,1,7,-99,-99,-99,-99,-99,-99,-99,,2,,-99,-99,-99,-99,-99,-99,-99,,4,7,,4,,4,2,,,3,1,8,9,5,9,2,2,1,2,7,alumbrado,2,2,0,0,0,1,,59,3,9,2,1,1,,1,,marianoescobedo
1452,3,4,1,2,,,0,,,0,,,0,1,1,1,1,1,1,2,1,1,1,1,1,1,2,1,-99,-99,-99,-99,-99,1,-99,,-99,6,,,,,,,,10,8,8,6,10,10,7,2,0,,10,5,2,0,,10,3,2,0,,8,10,9,2,0,,4,2,0,,5,11,0,0,0,0,0,0,5,6,9,4,5,5,5,monumento,El monumento a Benito Juárez,1,2,,,,2,-99,-99,-99,-99,-99,-99,-99,-99,-99,-99,-99,,-99,-99,-99,-99,-99,-99,-99,1,-99,-99,-99,,2,,-99,-99,-99,-99,-99,-99,-99,,2,,-99,-99,-99,-99,-99,-99,-99,,4,15,,5,,1,2,,,3,8,5,4,5,9,1,1,2,1,7,la pavimentada,2,2,0,0,0,1,,60,4,1,6,1,1,,1,,mariano escobedo
1452,3,2,2,1,5,mas clases,1,No hay ninguna persona en educacion media,,3,No hay ninguna persona en educacion superior,,3,1,2,2,1,2,2,2,2,1,1,1,2,2,2,2,1,-99,1,-99,-99,-99,-99,,-99,3,,1,8,5,5,11,8,1,8,8,10,10,10,7,2,0,,7,5,1,1,4,8,3,2,0,,5,5,10,2,0,,8,2,0,,7,11,0,0,0,0,0,0,0,9,4,4,5,5,2,la casa juan gabrik,La casa de Juan Gabriel,0,2,,,,2,-99,-99,-99,-99,-99,-99,-99,-99,-99,-99,-99,,1,-99,-99,-99,-99,-99,-99,-99,1,-99,-99,,1,1,1,1,1,1,1,1,-99,,2,,-99,-99,-99,-99,-99,-99,-99,,3,5,,6,,1,1,municipales,registro sin consultar,1,4,1,1,1,4,2,1,1,1,7,perrs callejeros,2,2,0,0,0,1,,55,3,1,4,1,1,,2,,mariamo escobedo
1452,3,5,2,1,4,mas clasesy buenos maestros,1,No hay ninguna persona en educacion media,,3,No hay ninguna persona en educacion superior,,3,1,1,2,2,2,2,2,2,2,2,1,1,1,1,1,-99,-99,-99,1,-99,-99,-99,,-99,4,,7,6,9,10,8,7,10,10,10,10,10,10,7,2,0,,10,5,2,0,,10,3,2,0,,4,4,9,2,0,,2,2,0,,7,11,0,0,0,0,5,0,2,8,0,3,2,2,2,Chamizal,El Chamizal,2,2,,,,1,-99,-99,-99,-99,-99,-99,-99,1,-99,-99,-99,,-99,-99,-99,-99,-99,-99,-99,1,-99,-99,-99,,2,,-99,-99,-99,-99,-99,-99,-99,,2,,-99,-99,-99,-99,-99,-99,-99,,4,19,gobierno,5,,4,1,municipales,lo retienen,3,10,8,8,3,4,1,1,1,1,7,pavimentación,2,2,0,0,0,2,,60,4,2,4,1,1,,1,,mariano escobedo
1452,3,4,2,2,,,0,,,0,,,0,1,1,1,1,1,1,1,2,1,2,1,2,2,1,1,1,-99,-99,-99,-99,-99,-99,,-99,1,,8,8,8,10,10,6,10,10,10,10,10,10,7,2,0,,10,5,2,0,,10,3,2,0,,8,10,9,2,0,,7,2,0,,10,11,0,0,0,0,0,0,9,5,0,3,2,2,2,la catedral,La Catedral,1,2,,,,2,-99,-99,-99,-99,-99,-99,-99,-99,-99,-99,-99,,-99,-99,-99,-99,-99,-99,-99,1,-99,-99,-99,,2,,-99,-99,-99,-99,-99,-99,-99,,2,,-99,-99,-99,-99,-99,-99,-99,,3,5,,4,,1,2,,,3,10,8,3,9,9,2,2,1,1,7,pavimento,2,2,0,0,0,1,,63,4,1,2,1,1,,1,,mariano escobedo
1452,3,4,3,2,,,0,,,0,,,0,1,1,1,1,1,1,1,2,1,2,2,2,2,2,1,-99,-99,-99,-99,-99,1,-99,,-99,6,,,,,,,,9,7,9,10,9,7,7,2,0,,10,5,2,0,,10,3,2,0,,7,5,6,2,0,,5,2,0,,7,6,9,9,9,9,3,2,6,5,5,4,4,4,1,zapata,El monumento a Zapata,2,1,0,0,2,1,-99,-99,-99,-99,-99,-99,-99,1,-99,-99,-99,,-99,-99,-99,-99,-99,-99,-99,1,-99,-99,-99,,2,,-99,-99,-99,-99,-99,-99,-99,,2,,-99,-99,-99,-99,-99,-99,-99,,3,5,,9,,1,1,municipal,abusos,3,9,5,7,5,8,2,2,2,1,7,perros,2,2,0,0,0,2,,27,1,2,6,1,1,,1,,mariano escobedo
1452,3,3,2,2,,,0,,,0,,,0,1,1,1,2,2,2,2,2,2,2,2,2,2,2,1,1,-99,-99,-99,-99,-99,-99,,-99,1,,6,8,9,6,8,9,7,8,6,4,10,9,7,2,0,,9,5,2,0,,10,3,2,0,,8,8,6,2,0,,5,2,0,,6,6,3,3,3,3,5,3,5,6,4,4,4,4,4,la x,La X,1,2,,,,2,-99,-99,-99,-99,-99,-99,-99,-99,-99,-99,-99,,-99,-99,-99,-99,-99,-99,-99,1,-99,-99,-99,,2,,-99,-99,-99,-99,-99,-99,-99,,2,,-99,-99,-99,-99,-99,-99,-99,,3,3,,4,,1,2,,,3,9,7,7,9,9,1,1,2,1,5,,2,2,0,0,0,1,,64,4,1,2,1,1,,1,,mariano escobedo
1452,3,2,2,2,,,0,,,0,,,0,1,1,1,1,2,2,2,2,2,2,2,2,2,2,1,-99,-99,-99,1,-99,-99,-99,,-99,4,,6,8,8,7,9,10,10,10,10,10,9,7,7,2,0,,7,5,2,0,,6,3,2,0,,5,8,6,2,0,,6,2,0,,6,8,3,2,2,2,4,0,6,4,5,4,4,3,4,la x,La X,0,2,,,,2,-99,-99,-99,-99,-99,-99,-99,-99,-99,-99,-99,,-99,-99,-99,-99,-99,1,-99,-99,-99,-99,-99,,2,,-99,-99,-99,-99,-99,-99,-99,,2,,-99,-99,-99,-99,-99,-99,-99,,4,7,,4,,1,2,,,3,5,5,7,10,8,2,1,2,2,2,,2,2,0,0,0,2,,69,4,8,2,1,1,,1,,mariano escobedo
1452,3,3,2,1,8,,1,No hay ninguna persona en educacion media,,3,No hay ninguna persona en educacion superior,,3,1,1,1,1,2,1,1,1,1,1,1,1,2,2,1,1,-99,-99,-99,-99,-99,-99,,-99,1,,6,8,7,6,8,10,9,6,9,10,10,10,7,2,0,,10,5,2,0,,9,3,2,0,,7,6,8,2,0,,6,2,0,,8,6,2,2,2,11,3,1,3,4,7,4,4,4,4,catedral,La Catedral,1,2,,,,1,-99,-99,-99,1,-99,-99,-99,-99,-99,-99,-99,,-99,-99,-99,-99,-99,-99,-99,1,-99,-99,-99,,2,,-99,-99,-99,-99,-99,-99,-99,,2,,-99,-99,-99,-99,-99,-99,-99,,4,2,,5,,1,2,,,3,2,6,8,8,10,1,1,1,1,1,,2,2,0,0,0,1,,37,2,2,4,1,1,,1,,mariano escobedo
1452,3,3,1,2,,,0,,,0,,,0,1,1,1,1,2,2,2,2,2,2,2,2,2,2,1,1,-99,-99,-99,-99,-99,-99,,-99,1,,7,8,4,6,3,5,10,10,10,10,10,10,7,2,0,,10,5,2,0,,10,3,2,0,,5,4,9,2,0,,2,2,0,,3,5,9,9,9,9,4,5,5,4,4,4,4,4,4,chamizal,El Chamizal,1,2,,,,2,-99,-99,-99,-99,-99,-99,-99,-99,-99,-99,-99,,-99,-99,-99,-99,-99,-99,-99,1,-99,-99,-99,,2,,-99,-99,-99,-99,-99,-99,-99,,2,,-99,-99,-99,-99,-99,-99,-99,,3,4,,6,,1,2,,,2,9,6,2,5,5,2,1,2,1,6,,2,2,0,0,0,2,,67,4,8,1,1,1,,1,,mariano escovedo
1452,3,2,3,2,,,0,,,0,,,0,1,2,2,2,2,2,2,2,2,2,2,2,2,2,2,-99,-99,-99,1,-99,-99,-99,,-99,4,,7,8,7,8,8,8,10,10,10,10,10,10,7,2,0,,10,5,2,0,,10,3,2,0,,10,10,10,2,0,,1,2,0,,10,5,3,2,3,3,2,3,2,9,10,4,4,4,4,Zapata,El monumento a Zapata,3,1,0,0,1,2,-99,-99,-99,-99,-99,-99,-99,-99,-99,-99,-99,,-99,-99,-99,-99,-99,-99,-99,1,-99,-99,-99,,2,,-99,-99,-99,-99,-99,-99,-99,,2,,-99,-99,-99,-99,-99,-99,-99,,4,8,,4,,1,2,,,3,9,10,4,8,10,1,1,1,1,1,,2,2,0,0,0,2,,43,2,4,1,1,1,,1,,mariano escobedo
1452,3,4,2,2,,,0,,,0,,,0,1,1,1,1,2,2,2,1,2,2,2,2,2,2,1,1,-99,-99,-99,-99,-99,-99,,-99,1,,6,8,8,7,7,8,7,8,8,9,8,8,6,2,0,,7,5,2,0,,9,3,2,0,,7,6,5,2,0,,6,2,0,,5,7,9,5,7,6,3,4,3,6,5,4,4,4,4,Zapata,El monumento a Zapata,1,2,,,,1,1,-99,-99,-99,-99,-99,1,-99,-99,-99,-99,,-99,-99,-99,-99,-99,-99,1,-99,-99,-99,-99,,2,,-99,-99,-99,-99,-99,-99,-99,,2,,-99,-99,-99,-99,-99,-99,-99,,4,4,,9,,1,2,,,3,9,8,3,4,9,2,1,2,1,5,,2,2,0,0,0,2,,64,4,7,4,1,1,,1,,mareano escobedo
1452,3,2,3,2,,,0,,,0,,,0,2,2,2,1,2,2,2,2,2,2,2,2,2,2,2,-99,-99,-99,-99,-99,-99,-99,,1,8,,9,9,6,9,9,9,7,9,10,10,9,9,7,2,0,,9,5,2,0,,9,2,2,0,,9,9,8,2,0,,4,2,0,,9,3,6,5,4,7,7,6,6,8,8,4,3,4,2,la x,La X,2,2,,,,1,1,-99,-99,-99,-99,-99,-99,-99,-99,-99,-99,,-99,-99,-99,-99,-99,-99,-99,1,-99,-99,-99,,2,,-99,-99,-99,-99,-99,-99,-99,,2,,-99,-99,-99,-99,-99,-99,-99,,4,2,,5,,1,2,,,3,2,4,3,4,7,2,1,2,1,2,,2,2,0,0,0,1,,43,2,9,9,1,1,,1,,Mariano Escobedo
1452,3,4,1,2,,,0,,,0,,,0,2,2,2,2,2,1,2,2,2,2,2,2,2,2,2,1,-99,-99,-99,-99,-99,-99,,-99,1,,8,9,7,8,7,10,10,10,10,10,9,8,7,2,0,,10,5,2,0,,10,2,2,0,,9,8,6,2,0,,6,2,0,,8,3,4,7,3,6,8,11,6,6,7,4,2,2,2,la x,La X,1,2,,,,1,-99,-99,-99,-99,-99,-99,-99,1,-99,-99,-99,,-99,-99,-99,-99,-99,-99,-99,1,-99,-99,-99,,2,,-99,-99,-99,-99,-99,-99,-99,,2,,-99,-99,-99,-99,-99,-99,-99,,4,6,,7,,1,2,,,3,2,6,3,5,7,2,2,2,2,1,,2,2,0,0,0,1,,26,1,2,8,1,1,,2,,mariano escobedo
1452,3,3,2,2,,,0,,,0,,,0,2,2,1,2,2,2,2,2,2,2,2,2,2,2,2,-99,-99,-99,1,-99,-99,-99,,-99,4,,9,9,9,10,9,10,10,9,10,9,8,9,7,2,0,,9,5,2,0,,10,3,2,0,,8,9,8,2,0,,5,2,0,,9,3,6,3,6,5,8,11,11,5,2,4,3,3,3,catedral,La Catedral,1,2,,,,1,1,-99,-99,-99,-99,-99,-99,-99,-99,-99,-99,,-99,-99,-99,-99,-99,-99,-99,1,-99,-99,-99,,2,,-99,-99,-99,-99,-99,-99,-99,,2,,-99,-99,-99,-99,-99,-99,-99,,4,7,,9,,1,2,,,3,2,6,8,2,2,2,1,2,1,6,,2,2,0,0,0,1,,71,4,9,3,1,2,,2,,mariano escobedo
1452,3,4,2,2,,,0,,,0,,,0,2,2,1,2,2,2,2,2,2,2,2,2,2,2,2,1,-99,-99,-99,-99,-99,-99,,-99,1,,9,8,9,8,8,9,7,9,9,9,8,9,7,2,0,,9,5,2,0,,9,2,2,0,,8,9,8,2,0,,3,2,0,,8,4,5,7,5,7,9,8,9,9,8,4,2,3,2,la x,La X,0,2,,,,1,-99,-99,-99,-99,-99,-99,-99,-99,-99,-99,1,SE RESERVA,-99,-99,-99,-99,1,-99,-99,-99,-99,-99,-99,,2,,-99,-99,-99,-99,-99,-99,-99,,2,,-99,-99,-99,-99,-99,-99,-99,,1,6,,7,,1,2,,,3,2,3,7,5,9,2,1,2,1,1,,2,2,0,0,0,1,,49,3,9,4,1,1,,1,,Mariano escobedo
1452,3,3,3,2,,,0,,,0,,,0,2,2,1,2,2,2,2,2,2,2,2,2,2,2,2,1,-99,-99,-99,-99,-99,-99,,-99,1,,8,4,8,10,9,9,10,10,10,9,8,9,7,2,0,,10,5,2,0,,10,3,2,0,,9,9,8,2,0,,7,2,0,,8,3,6,4,5,6,6,9,8,7,9,4,3,2,4,catedral,La Catedral,2,2,,,,1,-99,-99,-99,-99,-99,-99,-99,-99,-99,-99,1,SE RESERVA,-99,-99,-99,-99,-99,-99,-99,1,-99,-99,-99,,2,,-99,-99,-99,-99,-99,-99,-99,,2,,-99,-99,-99,-99,-99,-99,-99,,1,5,,2,,1,2,,,1,2,6,2,5,9,2,1,2,1,1,,2,2,0,0,0,1,,50,3,2,6,1,1,,1,,mariano escobedo
1471,3,2,2,2,,,0,,,0,,,0,1,2,2,1,2,2,2,2,2,2,2,2,2,2,2,1,-99,-99,-99,-99,-99,-99,,-99,1,,7,7,9,7,8,9,10,9,9,9,9,8,7,2,0,,7,5,2,0,,8,3,2,0,,7,8,6,2,0,,6,2,0,,3,5,8,8,8,3,7,2,5,5,5,4,4,4,4,gimnasio,Gimnasios públicos,2,2,,,,1,-99,-99,-99,-99,-99,-99,-99,1,-99,-99,-99,,-99,-99,-99,-99,-99,-99,-99,1,-99,-99,-99,,2,,-99,-99,-99,-99,-99,-99,-99,,2,,-99,-99,-99,-99,-99,-99,-99,,4,4,,6,,1,2,,,3,9,6,5,3,9,2,1,2,1,4,,2,2,0,0,0,1,,65,4,7,2,1,1,,1,,ermenejildo galena
1471,3,3,2,2,,,0,,,0,,,0,1,1,1,1,2,1,2,1,1,2,1,2,2,1,1,1,-99,-99,-99,-99,-99,-99,,-99,1,,6,8,2,3,5,7,10,9,9,10,10,9,6,2,0,,9,5,2,0,,8,3,2,0,,5,5,5,2,0,,5,2,0,,5,7,8,8,8,8,7,5,10,5,3,4,4,4,4,la x,La X,2,2,,,,1,-99,-99,-99,-99,-99,-99,-99,1,-99,-99,-99,,-99,-99,-99,-99,-99,-99,-99,1,-99,-99,-99,,2,,-99,-99,-99,-99,-99,-99,-99,,2,,-99,-99,-99,-99,-99,-99,-99,,4,10,,6,,4,2,,,3,2,10,5,10,8,1,1,2,1,2,,2,2,0,0,0,2,,48,3,2,2,1,1,,1,,gsleana
1471,3,3,3,2,,,0,,,0,,,0,1,1,1,1,2,1,2,1,1,2,2,1,1,1,1,-99,-99,-99,-99,-99,1,-99,,-99,6,,,,,,,,10,9,10,8,10,10,7,2,0,,10,5,2,0,,8,3,2,0,,5,6,7,2,0,,7,2,0,,7,5,5,5,7,8,10,5,4,8,5,4,4,4,4,la x,La X,4,2,,,,1,-99,-99,-99,-99,-99,-99,1,1,-99,-99,-99,,-99,-99,-99,-99,-99,-99,-99,1,-99,-99,-99,,2,,-99,-99,-99,-99,-99,-99,-99,,2,,-99,-99,-99,-99,-99,-99,-99,,4,7,,5,,1,2,,,3,2,7,7,7,9,2,1,2,2,3,,2,2,0,0,0,2,,21,1,2,6,1,2,,2,,Ermenegildo galeana
1471,3,3,2,2,,,0,,,0,,,0,1,2,1,1,2,2,2,2,2,2,2,2,2,2,2,1,-99,-99,-99,-99,-99,-99,,-99,1,,6,8,7,5,7,8,9,8,6,9,9,6,7,2,0,,7,5,2,0,,10,3,2,0,,7,8,7,2,0,,7,2,0,,5,10,8,8,8,8,3,1,5,5,5,4,4,4,4,chamizal,El Chamizal,2,2,,,,2,-99,-99,-99,-99,-99,-99,-99,-99,-99,-99,-99,,-99,-99,-99,-99,-99,1,-99,-99,-99,-99,-99,,2,,-99,-99,-99,-99,-99,-99,-99,,2,,-99,-99,-99,-99,-99,-99,-99,,4,4,,6,,3,2,,,4,5,5,2,2,10,1,1,2,1,5,,2,2,0,0,0,1,,66,4,1,2,1,1,,1,,galena
1471,3,3,2,2,,,0,,,0,,,0,2,1,2,2,2,2,2,2,2,2,2,2,2,2,2,1,-99,-99,-99,-99,-99,-99,,-99,1,,9,8,9,4,9,9,5,5,5,9,6,5,7,2,0,,9,5,2,0,,10,3,2,0,,9,9,8,2,0,,5,2,0,,8,3,6,6,4,4,7,11,7,7,5,4,2,3,3,la x,La X,2,2,,,,1,-99,-99,-99,-99,-99,1,-99,-99,-99,-99,-99,,-99,-99,-99,-99,-99,-99,-99,1,-99,-99,-99,,2,,-99,-99,-99,-99,-99,-99,-99,,2,,-99,-99,-99,-99,-99,-99,-99,,4,7,,2,,1,2,,,3,2,4,4,6,7,2,2,2,2,1,,2,2,0,0,0,1,,64,4,2,2,1,1,,2,,galeana
1471,3,3,2,2,,,0,,,0,,,0,2,1,2,2,2,2,2,2,2,2,2,2,2,2,2,1,-99,-99,-99,-99,-99,-99,,-99,1,,9,9,8,8,9,9,9,8,10,10,8,6,7,2,0,,5,5,2,0,,10,2,2,0,,7,9,8,2,0,,3,2,0,,8,3,4,8,4,4,7,11,11,5,6,4,3,2,3,catedral,La Catedral,0,2,,,,2,-99,-99,-99,-99,-99,-99,-99,-99,-99,-99,-99,,-99,-99,-99,-99,-99,-99,-99,-99,-99,-99,1,sus hijos,2,,-99,-99,-99,-99,-99,-99,-99,,2,,-99,-99,-99,-99,-99,-99,-99,,4,7,,7,,1,2,,,3,2,4,5,3,8,2,1,2,2,1,,2,2,0,0,0,1,,76,4,8,2,1,1,,2,,galeana
1471,3,4,2,2,,,0,,,0,,,0,2,2,1,2,2,2,2,2,2,2,2,2,2,2,2,1,-99,-99,-99,-99,-99,-99,,-99,1,,9,7,9,9,9,9,9,9,7,10,9,6,7,2,0,,9,5,2,0,,10,3,2,0,,9,10,8,2,0,,8,2,0,,8,2,6,4,6,6,4,11,11,8,2,4,3,2,4,la x,La X,2,2,,,,1,-99,-99,-99,-99,-99,-99,-99,-99,-99,-99,1,SE RESERVA,-99,-99,-99,-99,-99,-99,-99,1,-99,-99,-99,,2,,-99,-99,-99,-99,-99,-99,-99,,2,,-99,-99,-99,-99,-99,-99,-99,,1,9,,7,,1,2,,,3,2,4,7,3,9,2,2,2,1,2,,2,2,0,0,0,1,,39,2,2,4,1,1,,2,,galeana
1471,3,2,2,2,,,0,,,0,,,0,2,2,2,2,2,2,2,2,2,2,2,2,2,2,2,-99,-99,-99,1,-99,-99,-99,,-99,4,,9,9,6,9,9,7,10,7,7,10,10,8,7,2,0,,10,5,2,0,,10,3,2,0,,8,10,8,2,0,,6,2,0,,8,3,5,8,5,8,6,11,3,2,5,4,3,3,3,catedral,La Catedral,1,2,,,,1,-99,-99,-99,-99,-99,-99,-99,1,-99,-99,-99,,-99,-99,-99,-99,-99,-99,-99,1,-99,-99,-99,,2,,-99,-99,-99,-99,-99,-99,-99,,2,,-99,-99,-99,-99,-99,-99,-99,,4,5,,6,,1,2,,,3,2,5,5,2,7,2,1,2,1,6,,2,2,0,0,0,1,,45,3,9,3,1,1,,1,,Galeana
1471,3,5,2,2,,,0,,,0,,,0,1,1,1,1,2,2,2,2,2,2,2,2,2,1,1,1,-99,-99,-99,-99,-99,-99,,-99,1,,3,8,3,3,3,4,10,10,10,10,8,10,7,2,0,,10,5,2,0,,9,3,2,0,,7,4,4,2,0,,3,2,0,,4,11,0,0,0,0,4,4,6,2,0,4,5,2,5,el centro,El centro,2,2,,,,2,-99,-99,-99,-99,-99,-99,-99,-99,-99,-99,-99,,-99,-99,-99,-99,-99,-99,-99,1,-99,-99,-99,,2,,-99,-99,-99,-99,-99,-99,-99,,2,,-99,-99,-99,-99,-99,-99,-99,,4,5,,19,perros callejeros,1,2,,,3,1,7,8,3,6,2,2,2,2,5,,2,2,0,0,0,1,,68,4,1,1,1,3,bim,2,,galeana
1471,3,1,4,1,10,,1,10,,1,No hay ninguna persona en educacion superior,,3,1,1,2,1,2,2,2,2,2,1,1,1,2,1,2,1,-99,-99,-99,-99,-99,-99,,-99,1,,10,7,9,7,7,10,10,10,10,10,10,10,7,2,0,,10,5,2,0,,10,3,2,0,,9,5,8,2,0,,8,2,0,,8,10,10,9,10,5,9,4,7,9,0,4,5,2,2,la x,La X,2,2,,,,1,1,-99,-99,-99,-99,-99,-99,-99,-99,-99,-99,,1,-99,-99,-99,-99,-99,-99,1,-99,-99,-99,,2,,-99,-99,-99,-99,-99,-99,-99,,2,,-99,-99,-99,-99,-99,-99,-99,,4,15,,5,,2,1,municipal,reten obligado,1,5,8,9,9,3,2,2,2,2,5,,2,2,0,0,0,1,,35,2,9,6,1,1,,2,,galeans
1471,3,3,3,2,,,0,,,0,,,0,1,1,1,1,1,1,1,1,1,1,1,1,1,1,1,1,-99,-99,-99,-99,-99,-99,,-99,1,,1,1,1,8,8,3,10,10,10,10,10,10,6,2,0,,10,5,2,0,,8,3,2,0,,2,9,3,2,0,,3,2,0,,2,10,5,5,5,5,9,3,8,0,1,4,5,5,5,la centinela,La torre centinela,1,2,,,,1,-99,-99,-99,-99,-99,-99,-99,1,-99,-99,-99,,-99,-99,-99,-99,-99,-99,-99,1,-99,-99,-99,,2,,-99,-99,-99,-99,-99,-99,-99,,2,,-99,-99,-99,-99,-99,-99,-99,,4,5,,7,,1,1,municipales,registro sin deber y exceso de fuerza,1,1,8,3,9,9,2,2,2,1,7,pavimentación,2,2,0,0,0,2,,25,1,2,6,1,1,,2,,galean
1471,3,4,2,1,10,,1,No hay ninguna persona en educacion media,,3,No hay ninguna persona en educacion superior,,3,1,2,1,1,2,2,2,2,2,2,1,2,2,2,1,-99,-99,-99,-99,-99,1,-99,,-99,6,,,,,,,,8,8,10,10,10,10,7,2,0,,10,4,2,0,,10,3,2,0,,9,9,7,2,0,,3,2,0,,8,10,10,10,10,4,0,0,8,4,0,4,1,1,1,la x,La X,1,2,,,,1,-99,-99,-99,-99,-99,-99,-99,1,-99,-99,-99,,-99,-99,-99,-99,-99,-99,-99,1,-99,-99,-99,,2,,-99,-99,-99,-99,-99,-99,-99,,2,,-99,-99,-99,-99,-99,-99,-99,,2,5,,17,,1,2,,,3,9,9,9,9,10,2,2,2,1,7,inseguridad,2,2,0,0,0,1,,42,2,2,4,1,1,,2,,galeana
1471,3,3,3,1,No hay ninguna persona en nivel basico,,3,No hay ninguna persona en educacion media,,3,9,,1,1,1,1,2,2,2,2,2,2,1,2,2,1,1,1,-99,-99,-99,-99,1,-99,-99,,-99,5,,8,9,8,9,9,8,10,8,10,10,9,9,7,2,0,,9,5,2,0,,9,3,2,0,,7,7,6,2,0,,3,2,0,,7,8,8,8,8,8,8,11,5,5,5,1,2,3,3,la x,La X,2,2,,,,2,-99,-99,-99,-99,-99,-99,-99,-99,-99,-99,-99,,-99,-99,-99,-99,-99,-99,-99,1,-99,-99,-99,,2,,-99,-99,-99,-99,-99,-99,-99,,2,,-99,-99,-99,-99,-99,-99,-99,,3,15,,5,,2,2,,,2,7,3,7,7,8,2,2,2,2,2,,2,2,0,0,0,1,,27,1,5,9,1,1,,1,,galeana
1471,3,2,2,1,9,,1,No hay ninguna persona en educacion media,,3,No hay ninguna persona en educacion superior,,3,1,1,1,1,2,1,1,2,1,1,1,1,2,2,1,-99,-99,-99,-99,1,-99,-99,,-99,5,,9,9,8,9,10,1,9,10,9,9,8,8,7,2,0,,8,2,1,1,8,9,2,2,0,,8,5,5,2,0,,1,2,0,,8,11,0,0,0,0,0,0,11,0,0,3,4,4,2,parquvcentral,El Parque Central,3,2,,,,2,-99,-99,-99,-99,-99,-99,-99,-99,-99,-99,-99,,-99,-99,-99,-99,-99,-99,-99,1,-99,-99,-99,,2,,-99,-99,-99,-99,-99,-99,-99,,2,,-99,-99,-99,-99,-99,-99,-99,,4,15,,10,,1,2,,,1,5,9,5,1,5,1,1,1,1,4,,2,2,0,0,0,1,,33,2,1,6,1,2,,2,,galeana
1471,3,2,2,2,,,0,,,0,,,0,1,1,1,1,2,1,2,2,2,2,2,2,2,2,2,-99,-99,-99,-99,-99,-99,1,CENTRO COMUNITARIO,-99,7,CENTRO COMUNITARIO,9,9,8,10,10,9,10,10,10,10,10,10,7,2,0,,10,5,2,0,,10,3,2,0,,7,6,6,2,0,,4,2,0,,7,11,0,0,0,0,0,0,8,4,4,4,4,4,5,monumento a juarez,El monumento a Benito Juárez,0,2,,,,2,-99,-99,-99,-99,-99,-99,-99,-99,-99,-99,-99,,-99,-99,-99,-99,-99,-99,-99,1,-99,-99,-99,,2,,-99,-99,-99,-99,-99,-99,-99,,2,,-99,-99,-99,-99,-99,-99,-99,,4,5,,6,,1,2,,,2,4,7,8,1,8,1,1,1,1,5,,2,2,0,0,0,1,,74,4,1,2,1,1,,1,,galeana
1471,3,3,1,2,,,0,,,0,,,0,1,2,1,2,2,2,2,2,2,2,2,2,2,2,1,-99,-99,-99,-99,-99,-99,1,CENTRO COMUNITARIO,-99,7,CENTRO COMUNITARIO,9,9,9,8,10,8,10,10,10,10,10,6,7,2,0,,7,3,2,0,,10,3,2,0,,7,7,7,2,0,,5,2,0,,9,11,0,0,0,0,0,0,0,8,8,4,5,5,5,la x,La X,1,2,,,,2,-99,-99,-99,-99,-99,-99,-99,-99,-99,-99,-99,,-99,-99,-99,-99,-99,-99,-99,1,-99,-99,-99,,2,,-99,-99,-99,-99,-99,-99,-99,,2,,-99,-99,-99,-99,-99,-99,-99,,4,15,,13,,1,2,,,3,2,7,5,5,5,2,1,1,1,2,,2,2,0,0,0,1,,45,3,1,3,1,2,,2,,galeana
1471,3,4,2,1,8,,1,9,,1,No hay ninguna persona en educacion superior,,3,1,1,1,1,2,2,2,2,1,2,2,2,2,2,1,1,-99,-99,-99,-99,-99,-99,,-99,1,,7,7,7,6,8,8,9,9,10,9,10,10,7,1,1,8,10,4,2,0,,10,3,2,0,,8,9,8,2,0,,8,2,0,,7,6,7,7,7,7,7,11,9,8,8,4,5,5,4,la x,La X,0,2,,,,2,-99,-99,-99,-99,-99,-99,-99,-99,-99,-99,-99,,-99,-99,-99,-99,-99,-99,-99,-99,1,-99,-99,,1,8,-99,-99,-99,-99,-99,-99,-99,,2,,-99,-99,-99,-99,-99,-99,-99,,3,2,,5,,1,2,,,3,9,7,7,6,9,2,2,2,2,2,,2,2,0,0,0,2,,70,4,1,4,1,1,,1,,galeana
1471,3,2,2,2,,,0,,,0,,,0,1,2,2,2,2,2,2,2,2,2,2,2,2,2,1,-99,-99,1,-99,-99,-99,-99,,-99,3,,10,10,10,8,10,8,10,8,9,8,10,10,7,2,0,,10,3,2,0,,10,3,2,0,,8,9,9,2,0,,9,2,0,,10,7,9,9,5,5,8,11,11,9,8,4,5,5,5,la x,La X,1,1,1,0,0,1,1,-99,-99,-99,-99,-99,-99,-99,-99,-99,-99,,-99,-99,-99,-99,1,-99,-99,-99,-99,-99,-99,,2,,-99,-99,-99,-99,-99,-99,-99,,2,,-99,-99,-99,-99,-99,-99,-99,,4,5,,2,,1,2,,,3,9,10,7,6,9,2,1,2,2,6,,2,2,0,0,0,2,,61,4,1,2,1,1,,2,,galeana
1471,3,4,2,2,,,0,,,0,,,0,1,2,2,2,2,2,2,2,2,2,2,2,2,2,1,1,-99,-99,-99,-99,-99,-99,,-99,1,,8,8,8,8,10,10,10,10,10,7,7,7,7,2,0,,8,2,2,0,,7,1,2,0,,7,8,8,2,0,,1,1,2,3,10,10,9,9,7,7,7,11,11,8,3,3,5,5,3,monumento a emiliano Zapata,El monumento a Benito Juárez,2,2,,,,1,1,-99,-99,-99,-99,-99,-99,-99,-99,-99,-99,,-99,-99,-99,-99,-99,-99,-99,1,-99,-99,-99,,2,,-99,-99,-99,-99,-99,-99,-99,,2,,-99,-99,-99,-99,-99,-99,-99,,2,9,,5,,1,2,,,4,9,8,8,6,7,2,2,2,1,1,,2,2,0,0,0,1,,52,3,1,4,1,1,,2,,galeana
1471,3,4,2,1,8,,1,8,,1,8,,1,1,1,1,2,2,2,2,2,2,2,2,2,2,1,1,1,-99,-99,-99,-99,-99,-99,,-99,1,,7,8,5,5,8,8,8,9,8,10,10,10,7,2,0,,8,4,1,1,4,10,3,2,0,,10,10,8,2,0,,7,2,0,,9,10,7,10,7,9,8,10,10,9,8,3,5,5,3,la x,La X,1,2,,,,1,-99,-99,-99,-99,-99,1,-99,-99,-99,-99,-99,,-99,-99,-99,-99,-99,1,-99,1,-99,-99,-99,,2,,-99,-99,-99,-99,-99,-99,-99,,2,,-99,-99,-99,-99,-99,-99,-99,,4,2,,5,,1,2,,,4,1,10,8,8,10,1,1,2,1,6,,2,2,0,0,0,2,,42,2,2,4,1,2,,2,,galeana
3887,6,3,2,2,,,0,,,0,,,0,1,1,1,1,1,1,2,1,1,2,2,2,2,1,1,1,-99,-99,-99,-99,-99,-99,,-99,1,,6,8,8,6,5,8,7,7,9,10,9,9,7,2,0,,10,5,2,0,,10,3,2,0,,6,10,8,2,0,,6,2,0,,6,7,8,8,8,8,4,1,8,4,4,4,4,4,4,la x,La X,1,2,,,,1,-99,-99,-99,1,-99,-99,-99,-99,-99,-99,-99,,-99,-99,-99,-99,-99,-99,-99,1,-99,-99,-99,,2,,-99,-99,-99,-99,-99,-99,-99,,2,,-99,-99,-99,-99,-99,-99,-99,,4,5,,5,,1,1,policía,abusos,3,2,7,7,9,10,1,1,2,1,2,,2,2,0,0,0,2,,20,1,2,3,1,1,,1,,astecas
3887,6,3,2,2,,,0,,,0,,,0,1,1,1,1,2,1,1,1,1,1,1,1,2,1,1,1,-99,-99,-99,-99,-99,-99,,-99,1,,6,8,9,2,9,9,10,10,10,10,9,6,5,2,0,,8,5,2,0,,7,3,2,0,,4,5,6,2,0,,7,2,0,,7,7,5,5,5,5,5,5,8,2,3,4,4,4,4,la x,La X,5,2,,,,1,-99,-99,-99,-99,-99,-99,-99,1,-99,-99,-99,,-99,-99,-99,-99,-99,-99,-99,1,-99,-99,-99,,2,,-99,-99,-99,-99,-99,-99,-99,,2,,-99,-99,-99,-99,-99,-99,-99,,4,4,,6,,1,1,guardia nacional,infraccion,3,9,8,2,7,10,1,1,1,1,5,,2,2,0,0,0,2,,53,3,2,6,1,5,,11,,aztecas
3887,6,3,2,2,,,0,,,0,,,0,2,1,2,2,2,2,2,2,2,2,2,2,2,2,2,1,-99,-99,-99,-99,-99,-99,,-99,1,,9,8,9,5,6,9,9,5,9,9,8,9,7,2,0,,7,5,2,0,,9,3,2,0,,8,9,8,2,0,,7,2,0,,7,3,5,7,3,7,5,11,7,5,5,4,2,2,2,catedral,La Catedral,1,2,,,,1,-99,-99,-99,-99,-99,-99,-99,1,-99,-99,-99,,-99,-99,-99,-99,-99,-99,-99,1,-99,-99,-99,,2,,-99,-99,-99,-99,-99,-99,-99,,2,,-99,-99,-99,-99,-99,-99,-99,,4,2,,6,,1,2,,,3,2,5,5,2,6,2,2,2,1,1,,2,2,0,0,0,2,,74,4,9,2,1,1,,1,,azteca
3887,6,3,3,2,,,0,,,0,,,0,2,1,2,2,2,2,2,2,2,2,2,2,2,2,2,1,-99,-99,-99,-99,-99,-99,,-99,1,,9,8,9,4,6,9,10,9,10,10,8,6,7,2,0,,9,5,2,0,,10,3,2,0,,8,9,9,2,0,,5,2,0,,8,3,5,7,5,4,7,11,7,4,3,4,3,2,3,la x,La X,0,2,,,,2,-99,-99,-99,-99,-99,-99,-99,-99,-99,-99,-99,,-99,-99,-99,-99,-99,-99,-99,-99,-99,-99,1,SE RESERVA,2,,-99,-99,-99,-99,-99,-99,-99,,2,,-99,-99,-99,-99,-99,-99,-99,,4,5,,9,,1,2,,,3,2,6,5,3,6,2,1,2,1,6,,2,2,0,0,0,1,,62,4,1,4,1,1,,1,,axteca
3887,6,3,2,2,,,0,,,0,,,0,2,1,2,2,2,2,2,2,2,2,2,2,2,2,2,1,-99,-99,-99,-99,-99,-99,,-99,1,,9,9,7,5,5,5,9,8,5,9,6,6,7,2,0,,10,5,2,0,,9,3,2,0,,8,10,6,2,0,,8,2,0,,9,3,5,7,5,7,7,11,8,8,8,4,3,2,3,la x,La X,0,2,,,,1,1,-99,-99,-99,-99,-99,-99,-99,-99,-99,-99,,-99,-99,-99,-99,-99,-99,-99,-99,-99,-99,1,SE RESERVA,2,,-99,-99,-99,-99,-99,-99,-99,,2,,-99,-99,-99,-99,-99,-99,-99,,4,2,,7,,1,2,,,3,2,8,5,5,5,2,1,2,1,2,,2,2,0,0,0,2,,45,3,9,4,1,1,,1,,azteca
3887,6,4,2,2,,,0,,,0,,,0,1,1,1,1,2,2,2,2,2,2,2,2,2,2,1,1,-99,-99,-99,-99,-99,-99,,-99,1,,7,7,1,5,10,8,10,10,10,8,8,5,7,2,0,,10,3,2,0,,10,3,2,0,,6,8,6,2,0,,2,2,0,,6,6,8,7,5,5,6,11,8,5,6,4,3,5,4,la x,La X,4,2,,,,1,-99,-99,-99,-99,-99,-99,-99,1,-99,-99,-99,,-99,-99,-99,-99,-99,-99,-99,1,-99,-99,-99,,2,,-99,-99,-99,-99,-99,-99,-99,,2,,-99,-99,-99,-99,-99,-99,-99,,4,16,,15,,1,2,,,3,2,8,8,6,10,2,2,2,2,1,,2,2,0,0,0,2,,43,2,2,2,1,3,,3,,aztecas
3887,6,3,2,2,,,0,,,0,,,0,1,1,1,2,2,2,2,2,1,2,2,2,2,1,2,1,-99,-99,-99,-99,-99,-99,,-99,1,,5,8,5,5,5,8,10,8,10,10,10,10,7,2,0,,10,3,2,0,,5,1,2,0,,4,4,5,2,0,,7,2,0,,5,5,5,5,4,4,5,11,11,5,4,4,3,4,4,la x,La X,0,2,,,,1,-99,-99,-99,-99,-99,-99,-99,-99,1,-99,-99,,-99,-99,-99,-99,-99,1,-99,-99,1,-99,-99,,1,4,-99,-99,-99,1,-99,-99,-99,,2,,-99,-99,-99,-99,-99,-99,-99,,3,7,,5,,3,2,,,1,9,5,4,4,8,1,1,2,1,6,,2,2,0,0,0,2,,44,2,2,4,1,1,,2,,aztecas
3887,6,2,2,1,5,mas clases,1,No hay ninguna persona en educacion media,,3,No hay ninguna persona en educacion superior,,3,1,2,2,2,1,2,2,2,2,2,2,2,2,2,1,-99,-99,-99,-99,-99,1,-99,,-99,6,,,,,,,,10,10,10,10,10,10,7,2,0,,10,5,2,0,,10,3,2,0,,10,5,6,2,0,,2,2,0,,7,10,10,10,10,8,10,0,0,9,10,4,3,3,3,la x,La X,1,2,,,,1,-99,-99,-99,-99,-99,-99,-99,1,-99,-99,-99,,-99,-99,-99,-99,-99,-99,-99,1,-99,-99,-99,,2,,-99,-99,-99,-99,-99,-99,-99,,2,,-99,-99,-99,-99,-99,-99,-99,,3,15,,5,,2,1,municipales,regdtro,3,8,9,8,2,7,2,1,2,2,7,pavimento,2,2,0,0,0,2,,50,3,9,4,1,2,,2,,aztecas
3887,6,2,4,1,10,,1,No hay ninguna persona en educacion media,,3,No hay ninguna persona en educacion superior,,3,1,1,1,1,1,2,2,2,2,2,2,2,1,1,1,1,-99,-99,-99,-99,-99,-99,,-99,1,,2,5,3,4,4,3,10,8,10,10,10,9,7,2,0,,10,4,2,0,,5,4,2,0,,9,8,4,2,0,,8,2,0,,9,11,0,0,0,0,0,0,0,9,1,4,2,2,3,la ex aduan,El monumento a Benito Juárez,0,2,,,,1,1,-99,-99,-99,-99,-99,-99,-99,1,-99,-99,,-99,-99,-99,-99,-99,-99,-99,-99,1,-99,-99,,1,4,1,1,1,1,1,1,-99,,2,,-99,-99,-99,-99,-99,-99,-99,,4,15,,5,,2,1,municipales,quiado vel y dinero,3,6,8,2,3,7,1,1,1,1,7,pavimento,2,2,0,0,0,2,,47,3,2,4,1,1,,1,,aztecas
3887,6,3,2,2,,,0,,,0,,,0,1,1,1,1,2,2,2,2,2,2,1,1,1,1,1,1,-99,-99,-99,-99,-99,-99,,-99,1,,6,9,4,8,9,7,9,10,8,10,10,10,7,2,0,,9,5,2,0,,8,3,2,0,,8,8,6,2,0,,2,2,0,,8,11,0,0,0,0,5,6,9,3,0,2,3,3,3,el central,El Parque Central,3,2,,,,1,1,-99,-99,-99,-99,-99,-99,1,-99,-99,-99,,1,-99,-99,-99,-99,-99,-99,1,-99,-99,-99,,2,,-99,-99,-99,-99,-99,-99,-99,,2,,-99,-99,-99,-99,-99,-99,-99,,3,9,,11,,4,2,,,1,4,8,9,4,7,2,2,2,1,7,pavimnto,2,2,0,0,0,2,,35,2,2,6,1,2,,2,,aztecas
3887,6,3,2,2,,,0,,,0,,,0,1,1,1,1,2,2,2,2,2,2,2,2,2,1,2,1,-99,-99,-99,-99,-99,-99,,-99,1,,7,7,7,5,7,7,8,8,10,8,10,10,7,2,0,,5,3,2,0,,10,3,2,0,,8,8,8,2,0,,8,2,0,,1,11,0,0,0,0,11,0,11,7,0,4,5,5,5,monumento,El monumento a Benito Juárez,1,1,0,0,1,2,-99,-99,-99,-99,-99,-99,-99,-99,-99,-99,-99,,-99,-99,-99,-99,-99,-99,-99,1,-99,-99,-99,,2,,-99,-99,-99,-99,-99,-99,-99,,2,,-99,-99,-99,-99,-99,-99,-99,,4,5,,2,,1,2,,,2,9,8,5,5,1,1,1,1,1,5,,2,2,0,0,0,2,,75,4,8,2,1,1,,1,,azteca
3887,6,3,3,1,10,,1,No hay ninguna persona en educacion media,,3,No hay ninguna persona en educacion superior,,3,1,1,1,1,2,2,2,2,1,2,1,1,2,1,1,-99,-99,-99,-99,1,-99,-99,,-99,5,,8,9,10,9,9,10,9,2,8,7,10,10,7,2,0,,8,5,2,0,,10,3,2,0,,9,5,8,2,0,,4,2,0,,6,7,8,8,8,2,7,0,5,5,3,4,4,4,4,wki Romer,Gimnasios públicos,0,1,1,0,0,1,-99,1,-99,-99,-99,-99,-99,-99,1,-99,-99,,-99,-99,-99,-99,-99,1,-99,-99,1,-99,-99,,1,8,-99,-99,-99,-99,-99,-99,-99,,2,,-99,-99,-99,-99,-99,-99,-99,,4,2,,6,,4,2,,,4,2,8,9,6,10,1,2,1,1,2,,2,2,0,0,0,2,,25,1,7,4,1,1,,1,,azteca
3887,6,3,4,1,7,,1,No hay ninguna persona en educacion media,,3,No hay ninguna persona en educacion superior,,3,1,1,1,1,1,1,2,1,1,1,1,1,1,1,1,-99,-99,-99,1,-99,-99,-99,,-99,4,,9,9,5,10,10,8,7,5,4,9,7,9,7,2,0,,7,2,1,1,5,9,3,2,0,,8,8,7,2,0,,9,2,0,,6,11,0,0,0,0,6,0,0,7,8,4,5,5,2,monumento a juarez,El monumento a Benito Juárez,0,2,,,,1,1,-99,-99,-99,-99,-99,-99,-99,-99,-99,-99,,1,-99,-99,-99,-99,1,-99,-99,-99,-99,-99,,2,,-99,-99,-99,-99,-99,-99,-99,,2,,-99,-99,-99,-99,-99,-99,-99,,4,5,,19,abuzo hacia las personas,1,2,,,3,9,4,9,5,4,1,1,1,1,1,,2,2,0,0,0,1,,54,3,2,3,1,1,,1,,aztes
1698,6,3,2,2,,,0,,,0,,,0,2,1,2,2,2,2,2,2,2,2,2,2,2,2,2,1,-99,-99,-99,-99,-99,-99,,-99,1,,9,9,9,9,9,9,8,7,7,9,6,7,7,2,0,,9,5,2,0,,10,3,2,0,,8,9,8,2,0,,5,2,0,,8,3,6,8,5,7,6,11,8,5,4,4,3,2,2,la x,La X,0,2,,,,2,-99,-99,-99,-99,-99,-99,-99,-99,-99,-99,-99,,-99,-99,-99,-99,-99,1,-99,-99,-99,-99,-99,,2,,-99,-99,-99,-99,-99,-99,-99,,2,,-99,-99,-99,-99,-99,-99,-99,,4,2,,7,,1,2,,,3,2,5,4,3,9,2,2,1,2,6,,2,2,0,0,0,2,,76,4,8,3,1,1,,1,,independenca 2
1698,6,4,2,2,,,0,,,0,,,0,2,2,2,1,2,2,2,2,2,2,2,2,2,2,2,-99,-99,-99,-99,1,-99,-99,,-99,5,,10,9,10,9,9,10,9,8,9,10,9,4,7,2,0,,5,5,2,0,,8,3,2,0,,8,8,9,2,0,,3,2,0,,9,3,4,8,3,4,7,11,8,4,4,4,2,3,3,la x,La X,1,2,,,,2,-99,-99,-99,-99,-99,-99,-99,-99,-99,-99,-99,,-99,-99,-99,-99,-99,-99,-99,1,-99,-99,-99,,2,,-99,-99,-99,-99,-99,-99,-99,,2,,-99,-99,-99,-99,-99,-99,-99,,4,7,,5,,1,2,,,3,2,5,5,3,9,2,1,2,2,6,,2,2,0,0,0,1,,26,1,1,6,1,2,,3,,independencia 2
1698,6,3,2,2,,,0,,,0,,,0,2,2,2,2,2,1,2,2,2,2,2,2,2,2,2,-99,-99,-99,1,-99,-99,-99,,-99,4,,9,9,9,9,9,7,9,7,10,7,9,9,7,2,0,,9,5,2,0,,10,3,2,0,,9,9,8,2,0,,4,2,0,,9,3,4,6,4,5,9,11,8,4,2,4,2,3,2,la x,La X,1,2,,,,2,-99,-99,-99,-99,-99,-99,-99,-99,-99,-99,-99,,-99,-99,-99,-99,-99,-99,-99,-99,-99,-99,1,SE RESERVA,2,,-99,-99,-99,-99,-99,-99,-99,,2,,-99,-99,-99,-99,-99,-99,-99,,4,2,,6,,1,2,,,3,2,4,3,2,7,2,2,2,2,6,,2,2,0,0,0,2,,32,2,4,6,1,1,,1,,independencia 2
1698,6,3,2,2,,,0,,,0,,,0,2,2,2,1,2,2,2,2,2,2,2,2,2,2,2,1,-99,-99,-99,-99,-99,-99,,-99,1,,9,8,7,9,9,9,10,7,9,9,9,7,7,2,0,,9,5,2,0,,9,2,2,0,,9,9,8,2,0,,5,2,0,,9,3,6,8,5,4,7,11,8,4,6,4,3,2,3,la x,La X,0,2,,,,1,-99,-99,-99,-99,-99,-99,-99,-99,-99,-99,1,SE RESERVA,-99,-99,-99,-99,-99,1,-99,-99,-99,-99,-99,,2,,-99,-99,-99,-99,-99,-99,-99,,2,,-99,-99,-99,-99,-99,-99,-99,,4,2,,7,,1,2,,,3,2,3,5,2,9,2,2,2,2,6,,2,2,0,0,0,2,,54,3,2,3,1,1,,1,,independencia 2
1698,6,4,1,2,,,0,,,0,,,0,1,1,1,1,2,1,2,2,1,2,2,2,2,2,1,1,-99,-99,-99,-99,-99,-99,,-99,1,,6,6,7,5,8,9,7,9,9,10,8,8,7,2,0,,7,5,2,0,,7,3,2,0,,7,9,8,2,0,,7,2,0,,6,9,3,2,8,8,6,6,7,5,5,4,4,4,4,la x,La X,2,2,,,,1,-99,-99,-99,1,-99,-99,-99,-99,-99,-99,-99,,-99,-99,-99,-99,-99,-99,-99,1,-99,-99,-99,,2,,-99,-99,-99,-99,-99,-99,-99,,2,,-99,-99,-99,-99,-99,-99,-99,,4,2,,4,,1,2,,,1,1,10,2,3,10,1,1,2,1,5,,1,0,1,1,1,2,,68,4,2,6,1,1,,1,,independencia 2
1698,6,3,1,2,,,0,,,0,,,0,1,2,1,1,2,1,1,1,1,2,1,2,1,1,1,-99,-99,-99,1,-99,-99,-99,,-99,4,,6,9,7,6,9,10,10,10,9,10,9,10,7,2,0,,8,5,2,0,,6,3,2,0,,9,7,6,2,0,,8,2,0,,5,6,8,8,8,8,4,3,8,5,5,4,4,4,4,la x,La X,2,2,,,,2,-99,-99,-99,-99,-99,-99,-99,-99,-99,-99,-99,,-99,-99,-99,-99,-99,-99,-99,1,-99,-99,-99,,2,,-99,-99,-99,-99,-99,-99,-99,,2,,-99,-99,-99,-99,-99,-99,-99,,4,5,,4,,1,2,,,3,9,5,1,5,7,1,1,1,1,1,,2,2,0,0,0,1,,62,4,1,2,1,1,,1,,independencia 2
1698,6,2,3,2,,,0,,,0,,,0,1,1,1,1,2,2,2,2,2,2,2,2,2,2,1,-99,-99,-99,1,-99,-99,-99,,-99,4,,8,7,8,7,8,10,10,9,10,10,7,8,7,2,0,,9,5,2,0,,9,3,2,0,,8,2,5,2,0,,7,2,0,,5,7,3,4,3,3,4,4,2,3,2,4,4,4,3,la x,La X,1,2,,,,1,-99,-99,-99,1,-99,-99,-99,-99,-99,-99,-99,,-99,-99,-99,-99,-99,-99,-99,1,-99,-99,-99,,2,,-99,-99,-99,-99,-99,-99,-99,,2,,-99,-99,-99,-99,-99,-99,-99,,4,6,,7,,4,2,,,3,9,8,2,6,10,1,2,2,1,2,,2,2,0,0,0,2,,62,4,2,4,1,1,,1,,independencia 2
1698,6,2,1,2,,,0,,,0,,,0,2,2,1,1,1,2,2,2,2,2,2,2,2,2,1,1,-99,-99,1,-99,-99,-99,,-99,4,,7,7,9,6,4,10,10,8,10,10,8,7,7,2,0,,10,5,2,0,,9,3,2,0,,5,5,6,2,0,,6,2,0,,7,8,8,8,8,2,10,1,1,0,5,1,4,4,1,tintan,Monumento a Tintan,0,2,,,,1,-99,-99,-99,1,-99,-99,-99,-99,-99,-99,-99,,1,-99,-99,-99,-99,-99,-99,-99,-99,-99,-99,,2,,-99,-99,-99,-99,-99,-99,-99,,2,,-99,-99,-99,-99,-99,-99,-99,,4,2,,6,,1,2,,,4,1,8,2,5,10,2,2,2,2,2,,2,2,0,0,0,2,,44,2,2,2,1,1,,3,,independencia 2
1698,6,4,2,2,,,0,,,0,,,0,1,1,2,2,2,2,2,2,2,2,2,2,2,2,2,-99,-99,-99,-99,1,-99,-99,,-99,5,,8,9,8,8,9,10,8,8,8,8,8,8,6,2,0,,8,2,2,0,,8,3,2,0,,10,8,6,2,0,,9,2,0,,9,9,7,8,8,8,10,2,0,5,8,2,4,4,4,x,La X,1,2,,,,1,-99,-99,-99,-99,-99,-99,-99,-99,-99,-99,1,SE RESERVA,-99,-99,-99,-99,-99,-99,-99,-99,-99,-99,1,SE RESERVA,2,,-99,-99,-99,-99,-99,-99,-99,,2,,-99,-99,-99,-99,-99,-99,-99,,4,5,,2,,1,2,,,1,1,10,8,7,8,2,2,2,2,1,,2,2,0,0,0,2,,61,4,9,2,1,2,,3,,infependencia 2
1698,6,1,4,2,,,0,,,0,,,0,2,1,1,1,2,2,2,2,2,2,2,2,2,2,1,-99,-99,-99,-99,-99,-99,-99,,1,8,,10,10,10,10,10,10,10,10,10,8,10,10,7,2,0,,10,5,2,0,,10,3,2,0,,10,10,10,2,0,,5,2,0,,10,11,0,0,0,0,10,11,10,8,8,2,5,5,5,la x,La X,0,2,,,,1,1,-99,-99,-99,-99,-99,-99,-99,-99,-99,-99,,1,-99,-99,-99,-99,-99,-99,-99,-99,-99,-99,,2,,-99,-99,-99,-99,-99,-99,-99,,2,,-99,-99,-99,-99,-99,-99,-99,,4,5,,2,,1,2,,,3,3,10,7,7,10,1,1,1,1,3,,2,2,0,0,0,2,,22,1,2,4,1,1,,1,,independencia 2
1698,6,3,2,1,7,,1,No hay ninguna persona en educacion media,,3,No hay ninguna persona en educacion superior,,3,1,1,1,2,2,2,2,2,2,2,2,2,2,2,2,-99,-99,-99,-99,1,-99,-99,,-99,5,,10,10,10,10,10,5,8,8,9,10,6,10,7,2,0,,10,4,2,0,,10,3,2,0,,6,6,4,2,0,,8,2,0,,9,7,9,9,9,9,9,11,9,8,7,4,5,5,5,la x,La X,4,1,2,0,2,1,1,-99,-99,-99,-99,-99,-99,-99,-99,-99,-99,,-99,-99,-99,-99,-99,-99,-99,1,-99,-99,-99,,2,,-99,-99,-99,-99,-99,-99,-99,,2,,-99,-99,-99,-99,-99,-99,-99,,4,5,,10,,1,2,,,3,2,10,8,5,10,1,2,2,1,5,,2,2,0,0,0,2,,48,3,9,6,1,3,,2,,independncia 2
1698,6,2,3,2,,,0,,,0,,,0,1,2,2,2,2,2,2,2,2,2,2,2,2,2,2,1,-99,1,-99,-99,-99,-99,,-99,3,,9,9,8,6,8,6,10,9,10,10,9,4,7,1,2,3,8,4,2,0,,9,3,2,0,,7,9,7,2,0,,8,2,0,,7,11,0,0,0,0,3,0,4,9,0,4,5,5,5,el centro,El centro,0,2,,,,2,-99,-99,-99,-99,-99,-99,-99,-99,-99,-99,-99,,-99,-99,-99,-99,-99,1,-99,-99,-99,-99,-99,,2,,-99,-99,-99,-99,-99,-99,-99,,2,,-99,-99,-99,-99,-99,-99,-99,,3,5,,7,,1,2,,,3,8,3,5,4,5,2,2,2,2,7,violencia,2,2,0,0,0,1,,61,4,1,4,1,1,,2,,aztecas
1698,6,3,2,2,,,0,,,0,,,0,1,1,1,1,2,2,2,2,2,2,2,2,2,2,1,-99,-99,-99,-99,-99,1,-99,,-99,6,,,,,,,,5,9,10,10,8,8,7,2,0,,6,5,2,0,,8,3,2,0,,9,6,8,2,0,,7,2,0,,1,11,0,0,0,0,3,0,1,8,0,4,5,2,1,la catedral,La Catedral,1,2,,,,1,-99,-99,-99,-99,-99,-99,-99,1,-99,-99,-99,,-99,-99,-99,-99,-99,-99,-99,1,-99,-99,-99,,2,,-99,-99,-99,-99,-99,-99,-99,,2,,-99,-99,-99,-99,-99,-99,-99,,4,5,,7,,1,2,,,3,9,2,2,2,5,1,1,2,1,7,parques sucios,2,2,0,0,0,1,,55,3,2,4,1,2,,2,,aztecas
1698,6,2,3,1,10,,1,No hay ninguna persona en educacion media,,3,No hay ninguna persona en educacion superior,,3,1,1,2,1,2,2,2,2,2,2,2,2,2,1,2,-99,-99,1,-99,-99,-99,-99,,-99,3,,5,6,5,4,9,7,8,7,8,10,10,10,7,2,0,,10,5,1,1,7,10,3,2,0,,8,10,8,2,0,,5,2,0,,8,5,5,10,5,4,2,0,0,10,1,4,5,5,4,la x,La X,1,2,,,,1,-99,-99,-99,-99,-99,-99,-99,1,-99,-99,-99,,-99,-99,-99,-99,-99,-99,-99,1,-99,-99,-99,,2,,-99,-99,-99,-99,-99,-99,-99,,2,,-99,-99,-99,-99,-99,-99,-99,,4,5,,15,,1,2,,,5,9,9,3,3,8,2,2,2,2,7,la inseguridad,2,2,0,0,0,1,,25,1,2,6,1,1,,2,,aztecas
1698,6,3,2,2,,,0,,,0,,,0,1,1,1,1,1,1,2,2,2,2,2,2,2,2,2,-99,-99,-99,-99,-99,1,-99,,-99,6,,,,,,,,9,6,4,10,1,10,7,2,0,,2,5,2,0,,10,3,2,0,,7,8,9,2,0,,5,2,0,,4,11,0,0,0,0,4,0,8,1,4,4,5,4,4,la plaza de toros,La plaza de Toros,1,2,,,,1,-99,-99,-99,-99,-99,-99,-99,1,-99,-99,-99,,-99,-99,-99,-99,-99,-99,-99,1,-99,-99,-99,,2,,-99,-99,-99,-99,-99,-99,-99,,2,,-99,-99,-99,-99,-99,-99,-99,,4,1,,2,,4,2,,,3,9,9,2,4,9,2,2,2,2,7,chismosos,2,2,0,0,0,2,,50,3,9,7,1,1,,2,,aztecas
1698,6,2,3,2,,,0,,,0,,,0,1,1,2,1,2,2,2,2,1,2,2,2,2,1,1,1,-99,-99,1,-99,-99,-99,,-99,4,,8,8,9,6,9,4,10,10,8,8,9,9,7,2,0,,8,3,2,0,,10,3,2,0,,6,6,6,2,0,,7,2,0,,4,4,6,6,2,5,7,10,8,6,4,4,3,3,2,catedral,La Catedral,1,2,,,,1,1,-99,-99,-99,-99,-99,-99,-99,1,-99,-99,,-99,-99,-99,-99,1,-99,-99,-99,1,-99,-99,,1,8,-99,-99,-99,-99,-99,-99,-99,,2,,-99,-99,-99,-99,-99,-99,-99,,4,7,,15,,1,2,,,4,9,4,4,4,10,2,1,1,1,2,,2,2,0,0,0,2,,58,3,1,8,1,1,,1,,independencia 2
1698,6,1,3,2,,,0,,,0,,,0,1,1,1,1,2,2,2,2,2,2,2,2,2,2,1,-99,-99,-99,1,-99,-99,-99,,-99,4,,8,8,8,8,10,8,8,9,7,7,7,8,7,2,0,,8,3,2,0,,10,3,2,0,,6,9,6,2,0,,7,2,0,,8,6,6,6,6,3,7,11,4,8,5,3,3,3,3,la x,La X,0,1,2,0,0,1,1,-99,-99,-99,-99,-99,-99,-99,-99,-99,-99,,-99,-99,-99,-99,1,-99,-99,-99,-99,-99,-99,,2,,-99,-99,-99,-99,-99,-99,-99,,2,,-99,-99,-99,-99,-99,-99,-99,,2,2,,6,,1,2,,,2,4,8,5,3,9,2,1,2,1,2,,2,2,0,0,0,2,,52,3,2,1,1,1,,1,,independencia 2
1698,6,3,2,1,No hay ninguna persona en nivel basico,,3,No hay ninguna persona en educacion media,,3,7,,1,1,1,2,2,2,2,2,2,1,2,2,2,2,2,1,-99,-99,-99,-99,-99,1,-99,,-99,6,,,,,,,,8,8,9,10,5,5,5,2,0,,10,3,2,0,,10,3,2,0,,6,7,4,2,0,,6,2,0,,7,5,2,1,1,2,6,11,11,6,4,4,4,3,3,chamizal,El Chamizal,1,2,,,,1,-99,-99,-99,-99,-99,1,-99,-99,1,-99,-99,,-99,-99,-99,-99,-99,1,-99,-99,1,-99,-99,,1,4,1,-99,-99,1,1,-99,-99,,2,,-99,-99,-99,-99,-99,-99,-99,,4,9,,1,,1,2,,,3,9,5,1,6,3,1,1,1,1,6,,2,2,0,0,0,1,,38,2,9,8,1,1,,2,,independencia 2
1698,6,3,2,1,7,,1,No hay ninguna persona en educacion media,,3,No hay ninguna persona en educacion superior,,3,1,2,1,2,2,2,2,2,2,2,2,2,2,2,2,-99,-99,-99,1,1,-99,-99,,-99,4,,10,9,8,9,10,9,9,10,10,10,10,9,7,2,0,,7,5,2,0,,9,3,2,0,,10,10,9,2,0,,7,2,0,,10,8,6,7,7,5,8,11,10,7,5,4,5,5,3,monumento benito Juárez,El monumento a Benito Juárez,2,2,,,,2,-99,-99,-99,-99,-99,-99,-99,-99,-99,-99,-99,,-99,-99,-99,-99,-99,-99,-99,1,-99,-99,-99,,2,,-99,-99,-99,-99,-99,-99,-99,,2,,-99,-99,-99,-99,-99,-99,-99,,4,16,,5,,1,2,,,1,2,7,7,5,6,2,2,2,1,6,,2,2,0,0,0,1,,39,2,1,4,2,19,,2,,independencia 2
749A,2,3,3,1,No hay ninguna persona en nivel basico,,3,10,,1,No hay ninguna persona en educacion superior,,3,1,1,2,1,2,2,2,2,2,2,2,2,2,2,1,-99,-99,-99,-99,1,-99,-99,,-99,5,,9,7,10,9,8,10,10,4,3,10,10,8,7,2,0,,5,3,1,1,4,10,3,2,0,,8,10,9,2,0,,1,2,0,,1,11,0,0,0,0,9,3,0,9,3,4,5,5,5,la x,La X,1,2,,,,1,-99,-99,-99,-99,-99,-99,-99,1,-99,-99,-99,,-99,-99,-99,-99,-99,-99,-99,1,-99,-99,-99,,2,,-99,-99,-99,-99,-99,-99,-99,,2,,-99,-99,-99,-99,-99,-99,-99,,4,16,,15,,4,2,,,5,9,8,2,3,10,2,1,1,1,7,pavimnto,2,2,0,0,0,2,,57,3,9,2,1,3,,3,,valle de allende
749A,2,4,1,2,,,0,,,0,,,0,1,1,1,1,2,2,1,2,1,1,1,1,1,2,1,1,-99,-99,-99,-99,-99,-99,,-99,1,,8,8,5,4,9,10,7,6,8,10,8,9,7,2,0,,10,4,2,0,,9,3,2,0,,9,1,2,2,0,,2,2,0,,2,10,1,1,1,1,0,2,2,1,6,4,5,5,5,la x,La X,1,2,,,,1,-99,-99,-99,-99,-99,-99,-99,1,-99,-99,-99,,-99,-99,-99,-99,-99,-99,-99,1,-99,-99,-99,,2,,-99,-99,-99,-99,-99,-99,-99,,2,,-99,-99,-99,-99,-99,-99,-99,,4,5,,3,,2,2,,,1,1,7,3,2,2,2,1,1,1,7,drenaje y luz,2,2,0,0,0,2,,27,1,2,6,1,2,,3,,vallende allende
749A,2,3,2,2,,,0,,,0,,,0,1,2,2,2,2,2,2,2,2,2,2,2,2,2,1,-99,-99,-99,-99,1,-99,-99,,-99,5,,9,8,9,9,9,9,10,6,10,4,9,10,7,2,0,,10,4,2,0,,10,3,2,0,,10,10,7,2,0,,10,2,0,,10,11,0,0,0,0,0,3,3,3,6,4,5,5,4,la precidenciq,La Presidencia,1,2,,,,2,-99,-99,-99,-99,-99,-99,-99,-99,-99,-99,-99,,-99,-99,-99,-99,-99,-99,-99,1,-99,-99,-99,,2,,-99,-99,-99,-99,-99,-99,-99,,2,,-99,-99,-99,-99,-99,-99,-99,,4,5,,16,,1,2,,,3,9,6,3,2,9,2,1,1,2,7,mucha gente ue se cuelad la lx,2,2,0,0,0,2,,54,3,4,6,1,2,,2,,valle de allende
749A,2,3,2,2,,,0,,,0,,,0,1,2,1,1,2,2,2,2,2,2,2,2,2,2,1,-99,-99,-99,-99,-99,1,-99,,-99,6,,,,,,,,8,9,9,9,10,10,7,2,0,,10,5,2,0,,10,3,2,0,,8,10,8,2,0,,6,2,0,,3,6,1,4,1,1,8,3,3,8,0,4,2,2,2,la asa de juan gabriel,La casa de Juan Gabriel,2,2,,,,2,-99,-99,-99,-99,-99,-99,-99,-99,-99,-99,-99,,-99,-99,-99,-99,-99,-99,-99,1,-99,-99,-99,,2,,-99,-99,-99,-99,-99,-99,-99,,2,,-99,-99,-99,-99,-99,-99,-99,,3,5,,7,,1,2,,,3,6,8,2,2,10,2,2,2,2,7,pavimento,2,2,0,0,0,1,,58,3,1,2,1,1,,2,,valle de allende
749A,2,2,2,2,,,0,,,0,,,0,2,2,2,2,2,1,2,2,2,2,2,2,2,2,2,1,-99,-99,-99,-99,-99,-99,,-99,1,,5,5,7,5,5,6,8,6,9,9,7,5,7,2,0,,7,5,2,0,,9,3,2,0,,9,8,7,2,0,,5,2,0,,7,3,7,5,3,3,5,11,8,5,1,4,3,4,2,la x,La X,0,2,,,,1,1,-99,-99,-99,-99,-99,-99,-99,-99,-99,-99,,-99,-99,-99,-99,-99,1,-99,-99,-99,-99,-99,,2,,-99,-99,-99,-99,-99,-99,-99,,2,,-99,-99,-99,-99,-99,-99,-99,,4,5,,7,,1,2,,,3,2,3,4,3,4,2,2,2,1,1,,2,2,0,0,0,1,,40,2,9,4,1,1,,2,,valle de allende
749A,2,3,2,2,,,0,,,0,,,0,2,2,2,2,2,1,2,2,2,2,2,2,2,2,2,1,-99,-99,-99,-99,-99,-99,,-99,1,,8,6,5,5,5,7,8,8,8,7,7,7,7,2,0,,8,5,2,0,,8,2,2,0,,8,7,7,2,0,,5,2,0,,7,3,3,4,3,5,6,11,8,5,1,4,3,3,3,la x,La X,1,2,,,,2,-99,-99,-99,-99,-99,-99,-99,-99,-99,-99,-99,,-99,-99,-99,-99,-99,-99,-99,1,-99,-99,-99,,2,,-99,-99,-99,-99,-99,-99,-99,,2,,-99,-99,-99,-99,-99,-99,-99,,4,5,,9,,1,2,,,3,2,4,4,7,7,2,1,2,1,3,,2,2,0,0,0,1,,23,1,1,6,1,1,,1,,valle de allende
749A,2,1,2,2,,,0,,,0,,,0,2,2,2,1,2,2,2,2,2,2,2,2,2,2,2,1,-99,-99,-99,-99,-99,-99,,-99,1,,3,6,6,5,7,4,9,9,6,7,9,9,7,2,0,,10,5,2,0,,8,2,2,0,,7,7,7,2,0,,7,2,0,,9,3,5,8,3,4,5,11,7,7,1,4,3,3,3,la x,La X,1,2,,,,1,1,-99,-99,-99,-99,-99,-99,-99,-99,-99,-99,,-99,-99,-99,-99,-99,-99,-99,1,-99,-99,-99,,2,,-99,-99,-99,-99,-99,-99,-99,,2,,-99,-99,-99,-99,-99,-99,-99,,4,7,,5,,1,2,,,3,2,5,5,3,5,2,1,2,2,1,,2,2,0,0,0,1,,50,3,9,3,1,1,,1,,valle de allende
749A,2,3,3,2,,,0,,,0,,,0,2,2,2,2,2,1,2,2,2,2,2,2,2,2,2,1,-99,-99,-99,-99,-99,-99,,-99,1,,9,9,6,9,6,7,7,7,5,9,6,6,7,2,0,,8,5,2,0,,8,2,2,0,,9,7,8,2,0,,6,2,0,,7,3,6,5,4,6,6,11,8,5,5,4,3,4,2,la x,La X,0,2,,,,1,-99,-99,-99,1,-99,-99,-99,-99,-99,-99,-99,,1,-99,-99,-99,-99,-99,-99,-99,-99,-99,-99,,2,,-99,-99,-99,-99,-99,-99,-99,,2,,-99,-99,-99,-99,-99,-99,-99,,4,2,,7,,1,2,,,3,3,5,5,4,6,2,2,2,2,6,,2,2,0,0,0,2,,40,2,2,4,1,2,,2,,valle de ayende
749A,2,4,1,2,,,0,,,0,,,0,2,1,1,2,1,1,2,2,2,2,2,2,2,2,1,1,-99,-99,-99,-99,-99,-99,,-99,1,,6,6,5,6,7,7,8,8,8,8,8,9,7,2,0,,10,1,2,0,,8,2,2,0,,8,7,8,2,0,,6,2,0,,7,7,8,8,8,6,0,1,0,6,1,4,4,3,2,la x EL MUSEO HISTÓRICO,El museo de la Ex-Aduana,0,2,,,,1,-99,-99,-99,-99,-99,1,-99,-99,-99,-99,-99,,-99,-99,-99,-99,-99,1,-99,-99,-99,-99,-99,,2,,-99,-99,-99,-99,-99,-99,-99,,2,,-99,-99,-99,-99,-99,-99,-99,,2,2,,17,,1,2,,,2,10,8,3,3,5,2,1,2,1,5,,2,2,0,0,0,2,,29,1,2,4,1,1,,1,,Ignacio Allende
749A,2,4,2,2,,,0,,,0,,,0,2,2,2,2,2,2,2,2,2,2,2,2,2,2,2,1,-99,-99,-99,-99,-99,-99,,-99,1,,8,7,6,5,6,4,9,8,6,6,4,6,7,2,0,,10,1,2,0,,10,3,2,0,,8,9,7,2,0,,6,2,0,,7,7,9,9,9,9,8,3,5,6,3,4,3,4,4,,NINGUNO,1,2,,,,1,-99,-99,-99,-99,-99,-99,-99,-99,-99,-99,1,SE RESERVA,-99,-99,-99,-99,-99,-99,-99,1,-99,-99,-99,,2,,-99,-99,-99,-99,-99,-99,-99,,2,,-99,-99,-99,-99,-99,-99,-99,,3,7,,17,,3,2,,,3,11,3,4,4,3,2,2,2,1,2,,2,2,0,0,0,2,,49,3,2,4,1,1,,1,,valle Allende
749A,2,2,1,2,,,0,,,0,,,0,1,2,1,1,2,1,2,2,2,2,2,2,2,1,2,1,-99,-99,-99,-99,-99,-99,,-99,1,,7,8,6,6,7,7,7,5,8,2,6,6,7,2,0,,8,1,2,0,,8,3,2,0,,7,8,8,2,0,,5,2,0,,7,2,2,6,3,3,3,3,4,2,1,4,3,2,3,la x,La X,1,2,,,,1,-99,-99,-99,-99,-99,-99,-99,1,-99,-99,-99,,-99,-99,-99,-99,-99,-99,-99,1,-99,-99,-99,,2,,-99,-99,-99,-99,-99,-99,-99,,2,,-99,-99,-99,-99,-99,-99,-99,,3,5,,15,,1,2,,,1,10,3,4,2,2,2,2,2,2,2,,2,2,0,0,0,2,,23,1,2,6,1,1,,1,,valle dn?e
749A,2,2,2,2,,,0,,,0,,,0,2,2,1,1,1,1,2,2,2,2,2,2,2,1,1,-99,-99,-99,-99,1,-99,-99,,-99,5,,7,9,9,10,9,10,10,10,10,10,10,9,7,2,0,,9,1,2,0,,10,3,2,0,,9,8,7,2,0,,9,2,0,,8,8,8,8,8,8,2,0,0,11,0,4,3,3,3,parque venta,OTRO,4,2,,,,1,-99,-99,-99,-99,-99,-99,-99,1,-99,-99,-99,,-99,-99,-99,-99,-99,-99,-99,1,-99,-99,-99,,2,,-99,-99,-99,-99,-99,-99,-99,,2,,-99,-99,-99,-99,-99,-99,-99,,2,2,,6,,1,2,,,1,10,6,3,6,3,2,2,2,2,2,,2,2,0,0,0,2,,33,2,9,10,1,4,,4,,valld Allende
749A,2,2,2,1,8,,1,7,,1,8,,1,1,1,1,1,2,2,2,2,1,2,2,1,2,1,1,1,-99,-99,-99,-99,-99,-99,,-99,1,,6,8,6,5,8,7,9,8,8,5,5,5,4,2,0,,6,2,2,0,,8,3,2,0,,7,8,7,2,0,,6,2,0,,6,6,5,5,5,5,5,11,11,6,5,4,4,3,3,catedral,La Catedral,1,2,,,,1,-99,-99,-99,1,-99,-99,-99,-99,-99,-99,-99,,-99,-99,-99,-99,-99,-99,-99,1,-99,-99,-99,,2,,-99,-99,-99,-99,-99,-99,-99,,2,,-99,-99,-99,-99,-99,-99,-99,,3,5,,2,,1,2,,,2,1,6,6,5,7,2,2,2,1,2,,2,2,0,0,0,2,,52,3,9,6,1,1,,1,,balle de allende
749A,2,3,2,1,9,,1,No hay ninguna persona en educacion media,,3,No hay ninguna persona en educacion superior,,3,1,1,1,2,2,2,1,2,2,2,2,2,2,1,1,1,-99,-99,-99,-99,-99,-99,,-99,1,,8,8,8,8,9,9,10,8,8,6,8,8,7,2,0,,8,3,2,0,,10,3,2,0,,6,8,8,2,0,,8,2,0,,8,6,5,5,4,2,5,11,11,8,7,4,3,3,2,la x,La X,1,1,1,1,0,1,-99,-99,-99,1,-99,-99,-99,-99,1,-99,-99,,-99,-99,-99,-99,-99,1,-99,1,1,-99,-99,,1,8,-99,-99,-99,-99,-99,-99,-99,,2,,-99,-99,-99,-99,-99,-99,-99,,3,5,,13,,1,2,,,2,9,8,7,5,9,2,1,2,1,2,,2,2,0,0,0,2,,48,3,2,4,1,1,,1,,balle de Allende
749A,2,2,2,2,,,0,,,0,,,0,1,2,2,1,2,1,2,2,1,2,2,2,2,1,2,1,-99,-99,-99,-99,-99,-99,,-99,1,,8,7,8,7,9,8,7,7,8,9,8,5,7,2,0,,8,4,2,0,,9,3,2,0,,7,7,6,2,0,,8,2,0,,9,7,6,8,5,4,7,11,5,6,9,2,2,2,2,la x,La X,1,1,0,0,1,1,-99,-99,-99,1,-99,-99,-99,-99,-99,-99,-99,,-99,-99,-99,-99,-99,-99,-99,1,-99,-99,-99,,2,,-99,-99,-99,-99,-99,-99,-99,,2,,-99,-99,-99,-99,-99,-99,-99,,3,9,,3,,1,2,,,2,8,5,5,6,9,2,2,2,2,6,,2,2,0,0,0,1,,22,1,2,4,1,1,,2,,balle de allende
6580,2,2,2,1,5,maestros respondables,1,No hay ninguna persona en educacion media,,3,10,,1,1,1,1,1,1,1,2,2,1,2,2,1,1,1,1,1,-99,-99,-99,-99,-99,-99,,-99,1,,5,5,1,5,5,9,9,9,9,10,8,8,7,1,2,1,10,5,2,0,,10,3,2,0,,4,4,3,2,0,,3,2,0,,1,10,8,8,7,2,5,0,7,4,0,2,3,4,3,la x,La X,2,2,,,,1,1,-99,-99,-99,-99,-99,-99,1,-99,-99,-99,,1,-99,-99,-99,-99,-99,-99,1,-99,-99,-99,,2,,-99,-99,-99,-99,-99,-99,-99,,2,,-99,-99,-99,-99,-99,-99,-99,,2,5,,19,trafico,2,1,los doctres,despotas,1,9,3,3,4,8,2,2,2,2,7,dremaje,2,2,0,0,0,2,,55,3,2,4,1,1,,2,,mezquital
6580,2,3,2,2,,,0,,,0,,,0,1,2,2,1,1,1,2,2,2,2,2,2,2,2,2,1,-99,-99,-99,-99,-99,-99,,-99,1,,5,9,8,5,7,6,1,4,8,10,10,10,7,2,0,,5,3,2,0,,10,3,2,0,,5,5,5,2,0,,5,2,0,,3,10,5,5,5,3,2,7,8,7,6,3,3,3,3,la catedral,La Catedral,1,2,,,,1,-99,-99,-99,-99,-99,-99,-99,1,-99,-99,-99,,-99,-99,-99,-99,-99,-99,-99,1,-99,-99,-99,,2,,-99,-99,-99,-99,-99,-99,-99,,2,,-99,-99,-99,-99,-99,-99,-99,,4,5,,7,,1,1,ministeriales,discrimiscion,3,9,1,5,7,9,2,2,2,2,4,,2,2,0,0,0,2,,36,2,2,6,1,1,,1,,mexquital
6580,2,4,1,1,10,,1,No hay ninguna persona en educacion media,,3,No hay ninguna persona en educacion superior,,3,1,1,1,2,1,1,1,1,1,2,2,2,2,2,1,-99,-99,-99,1,-99,-99,-99,,-99,4,,8,10,6,10,10,10,10,9,10,10,10,5,7,2,0,,9,4,1,1,5,10,3,2,0,,8,5,5,2,0,,10,2,0,,9,10,5,1,5,5,1,1,1,8,1,4,5,5,5,la x,La X,1,2,,,,1,-99,-99,-99,1,-99,-99,-99,-99,-99,-99,-99,,-99,-99,-99,-99,-99,-99,-99,1,-99,-99,-99,,2,,-99,-99,-99,-99,-99,-99,-99,,2,,-99,-99,-99,-99,-99,-99,-99,,4,5,,18,,1,2,,,3,9,9,3,3,3,2,1,1,1,7,alumbrado,2,2,0,0,0,1,,23,1,2,4,1,1,,2,,mexquital
6580,2,2,2,1,9,,1,No hay ninguna persona en educacion media,,3,No hay ninguna persona en educacion superior,,3,1,1,1,1,2,1,2,2,2,2,2,2,2,1,1,-99,-99,-99,1,-99,-99,-99,,-99,4,,10,9,10,10,10,10,10,7,10,10,9,10,7,2,0,,8,4,2,0,,8,3,2,0,,9,9,9,2,0,,8,2,0,,10,10,5,9,5,2,5,4,5,5,3,4,4,4,4,la x,La X,1,1,1,0,0,1,1,-99,-99,-99,-99,-99,-99,1,-99,-99,-99,,-99,-99,-99,-99,-99,-99,-99,1,-99,-99,-99,,2,,-99,-99,-99,-99,-99,-99,-99,,2,,-99,-99,-99,-99,-99,-99,-99,,2,19,sobrepoblacion,5,,3,2,,,1,9,8,2,5,5,1,1,2,1,7,drrnaje,2,2,0,0,0,2,,26,1,2,4,1,1,,2,,mezquital
6580,2,3,2,2,,,0,,,0,,,0,1,1,1,1,2,2,2,2,2,2,2,2,2,2,1,-99,-99,1,-99,-99,-99,-99,,-99,3,,8,8,9,6,8,6,10,9,8,8,9,9,7,2,0,,10,3,2,0,,10,3,2,0,,8,8,7,2,0,,8,2,0,,9,10,10,10,10,9,8,0,8,5,5,4,5,5,5,monumento a benito Juárez,El monumento a Benito Juárez,1,2,,,,1,-99,-99,-99,-99,-99,-99,-99,1,-99,-99,-99,,-99,-99,-99,-99,-99,-99,-99,1,-99,-99,-99,,2,,-99,-99,-99,-99,-99,-99,-99,,2,,-99,-99,-99,-99,-99,-99,-99,,4,18,,5,,1,2,,,3,4,5,7,7,10,1,1,2,1,2,,2,2,0,0,0,2,,68,4,2,3,1,1,,1,,mezquital
6580,2,3,2,2,,,0,,,0,,,0,1,2,1,1,2,2,2,2,1,2,2,2,2,2,1,1,-99,-99,-99,-99,-99,-99,,-99,1,,8,9,10,7,10,7,10,10,10,9,9,8,7,2,0,,9,3,2,0,,10,3,2,0,,8,9,9,2,0,,5,2,0,,10,10,9,9,8,8,7,5,10,8,6,4,5,5,3,chamizal,El Chamizal,0,2,,,,1,-99,-99,-99,-99,-99,1,-99,-99,-99,-99,-99,,-99,-99,-99,-99,-99,1,-99,-99,-99,-99,-99,,2,,-99,-99,-99,-99,-99,-99,-99,,2,,-99,-99,-99,-99,-99,-99,-99,,4,9,,6,,1,2,,,4,9,7,6,5,10,2,2,2,2,5,,2,2,0,0,0,1,,41,2,2,2,1,1,,1,,mezquital
6580,2,3,3,2,,,0,,,0,,,0,1,1,1,1,2,2,2,1,1,2,2,2,2,2,1,1,-99,-99,-99,-99,-99,-99,,-99,1,,8,8,8,10,8,10,10,10,10,8,8,8,7,2,0,,10,3,2,0,,10,3,2,0,,8,9,7,2,0,,8,2,0,,10,10,10,8,10,10,10,8,10,8,10,3,5,5,3,la x,La X,2,2,,,,1,-99,-99,-99,-99,-99,-99,-99,1,-99,-99,-99,,-99,-99,-99,-99,-99,-99,-99,1,-99,-99,-99,,2,,-99,-99,-99,-99,-99,-99,-99,,2,,-99,-99,-99,-99,-99,-99,-99,,4,5,,2,,3,2,,,2,1,10,8,10,10,2,2,2,1,2,,2,2,0,0,0,2,,50,3,2,4,1,1,,2,,mezquital
6580,2,4,2,1,5,,1,8,,1,8,,1,1,1,1,1,2,2,2,2,2,2,2,2,2,2,2,-99,-99,-99,1,-99,-99,-99,,-99,4,,8,8,9,9,9,10,7,8,8,9,5,8,7,1,2,1,1,3,1,1,2,10,3,2,0,,7,7,5,2,0,,1,2,0,,7,8,6,7,4,1,6,8,8,5,2,3,3,3,3,la x,La X,1,2,,,,1,1,-99,-99,-99,-99,-99,-99,-99,-99,-99,-99,,-99,-99,-99,-99,-99,-99,-99,1,-99,-99,-99,,2,,-99,-99,-99,-99,-99,-99,-99,,2,,-99,-99,-99,-99,-99,-99,-99,,3,5,,3,,1,2,,,3,9,7,5,5,5,2,2,2,2,5,,2,2,0,0,0,1,,33,2,9,6,1,2,,2,,mazquital
6580,2,3,2,2,,,0,,,0,,,0,2,2,2,2,2,1,2,2,2,2,2,2,2,2,2,-99,-99,1,-99,-99,-99,-99,,-99,3,,10,10,10,9,6,6,9,10,10,10,7,5,7,2,0,,4,5,2,0,,10,3,2,0,,8,8,5,2,0,,2,2,0,,6,3,6,4,3,3,5,7,8,1,0,4,3,2,3,la x,La X,1,2,,,,1,1,-99,-99,-99,-99,-99,-99,-99,-99,-99,-99,,-99,-99,-99,-99,-99,-99,-99,1,-99,-99,-99,,2,,-99,-99,-99,-99,-99,-99,-99,,2,,-99,-99,-99,-99,-99,-99,-99,,3,7,,6,,1,2,,,3,2,5,5,6,8,2,2,2,1,1,,2,2,0,0,0,1,,53,3,9,4,1,2,,3,,mezquital
6580,2,2,2,2,,,0,,,0,,,0,2,2,2,2,2,1,2,2,2,2,2,2,2,2,2,1,-99,-99,-99,-99,-99,-99,,-99,1,,3,3,7,8,6,6,9,6,6,6,5,8,7,2,0,,5,5,2,0,,9,3,2,0,,9,9,8,2,0,,10,2,0,,8,3,4,6,4,7,9,5,8,7,6,4,4,2,3,la c,La x,1,2,,,,1,-99,-99,-99,-99,-99,-99,-99,-99,-99,-99,1,SE RESERVA,-99,-99,-99,-99,-99,-99,-99,1,-99,-99,-99,,2,,-99,-99,-99,-99,-99,-99,-99,,2,,-99,-99,-99,-99,-99,-99,-99,,1,7,,2,,1,2,,,3,2,5,6,6,6,2,1,2,2,1,,2,2,0,0,0,2,,51,3,2,3,1,1,,1,,el mezquital
6580,2,3,2,2,,,0,,,0,,,0,2,1,2,2,2,2,2,2,2,2,2,2,2,2,2,-99,-99,1,-99,-99,-99,-99,,-99,3,,6,9,6,9,5,9,6,6,9,7,9,6,7,2,0,,7,5,2,0,,9,3,2,0,,8,9,8,2,0,,5,2,0,,5,3,5,6,7,5,8,3,6,3,4,4,2,4,2,la x,La X,1,2,,,,2,-99,-99,-99,-99,-99,-99,-99,-99,-99,-99,-99,,-99,-99,-99,-99,-99,-99,-99,1,-99,-99,-99,,2,,-99,-99,-99,-99,-99,-99,-99,,2,,-99,-99,-99,-99,-99,-99,-99,,4,6,,2,,1,2,,,3,2,5,5,5,7,2,2,2,2,1,,2,2,0,0,0,1,,75,4,8,3,1,1,,1,,mezquital
6580,2,4,2,2,,,0,,,0,,,0,2,2,2,2,2,1,2,2,2,2,2,2,2,2,2,1,-99,-99,-99,-99,-99,-99,,-99,1,,8,6,6,6,8,6,10,9,6,7,9,9,7,2,0,,9,5,2,0,,9,3,2,0,,8,10,10,2,0,,5,2,0,,8,2,6,4,7,7,6,6,9,4,4,4,3,2,3,lax,La X,1,2,,,,1,1,-99,-99,-99,-99,-99,-99,-99,-99,-99,-99,,-99,-99,-99,-99,-99,-99,-99,1,-99,-99,-99,,2,,-99,-99,-99,-99,-99,-99,-99,,2,,-99,-99,-99,-99,-99,-99,-99,,4,2,,7,,1,2,,,3,2,5,5,5,9,2,1,1,2,6,,2,2,0,0,0,1,,46,3,2,2,1,1,,3,,mezquital
6580,2,4,2,2,,,0,,,0,,,0,2,1,1,1,1,1,2,1,1,2,2,2,2,2,1,1,-99,-99,-99,-99,-99,-99,,-99,1,,8,9,7,5,6,8,10,7,10,9,8,7,7,2,0,,9,1,2,0,,10,3,2,0,,9,8,7,2,0,,4,2,0,,6,11,0,0,0,0,0,0,9,8,5,4,4,4,4,la x,La X,1,2,,,,1,-99,-99,-99,-99,-99,-99,-99,1,-99,-99,-99,,-99,-99,-99,-99,-99,-99,-99,1,-99,-99,-99,,2,,-99,-99,-99,-99,-99,-99,-99,,2,,-99,-99,-99,-99,-99,-99,-99,,4,5,,17,,1,2,,,2,10,7,5,5,7,2,1,2,1,2,,2,2,0,0,0,1,,48,3,9,8,1,1,,2,,mezquital
6580,2,4,1,1,1,9,1,No hay ninguna persona en educacion media,,3,8,,1,1,1,1,1,2,1,2,2,2,2,2,2,2,2,1,1,-99,-99,-99,-99,-99,-99,,-99,1,,8,8,8,7,8,7,10,10,9,8,6,8,7,2,0,,8,1,2,0,,9,3,2,0,,8,5,6,2,0,,4,2,0,,7,8,7,7,7,7,7,0,7,5,4,4,4,3,2,mural juanga,El mural de Juan Gabriel,2,2,,,,1,-99,-99,-99,-99,-99,-99,-99,1,-99,-99,-99,,-99,-99,-99,-99,-99,-99,-99,1,-99,-99,-99,,2,,-99,-99,-99,-99,-99,-99,-99,,2,,-99,-99,-99,-99,-99,-99,-99,,4,5,,13,,1,2,,,2,10,5,2,2,7,2,1,2,1,2,,2,2,0,0,0,2,,21,1,2,6,1,1,,3,,mezquital
6580,2,4,1,2,,,0,,,0,,,0,1,2,1,2,2,2,2,2,2,2,2,2,2,2,2,-99,-99,-99,-99,-99,1,-99,,-99,6,,,,,,,,8,8,7,8,8,7,7,2,0,,9,1,2,0,,8,3,2,0,,8,6,7,2,0,,5,2,0,,5,11,0,0,0,0,4,0,7,3,2,4,4,3,3,la x,La X,2,2,,,,1,-99,-99,-99,-99,-99,-99,-99,1,-99,-99,-99,,-99,-99,-99,-99,-99,-99,-99,1,-99,-99,-99,,2,,-99,-99,-99,-99,-99,-99,-99,,2,,-99,-99,-99,-99,-99,-99,-99,,4,5,,2,,1,2,,,2,6,5,3,3,7,2,1,2,1,2,,2,2,0,0,0,2,,21,1,2,6,1,1,,3,,mezquital
6580,2,4,2,2,,,0,,,0,,,0,2,1,1,1,2,1,2,2,2,2,2,2,2,2,2,-99,-99,-99,-99,-99,1,-99,,-99,6,,,,,,,,8,8,9,8,8,8,7,2,0,,9,1,2,0,,9,3,2,0,,6,5,6,2,0,,2,2,0,,5,11,0,0,0,0,0,0,8,5,3,4,4,3,3,la x,La X,1,2,,,,1,-99,-99,-99,-99,-99,-99,-99,1,-99,-99,-99,,-99,-99,-99,-99,-99,-99,-99,1,-99,-99,-99,,2,,-99,-99,-99,-99,-99,-99,-99,,2,,-99,-99,-99,-99,-99,-99,-99,,3,5,,10,,2,2,,,2,9,3,6,4,5,1,1,2,1,2,,2,2,0,0,0,1,,56,3,9,4,1,1,,2,,mezquital
7150,9,3,2,1,9,,1,No hay ninguna persona en educacion media,,3,No hay ninguna persona en educacion superior,,3,1,1,1,1,1,1,2,2,2,2,2,2,2,2,1,1,-99,-99,-99,-99,-99,-99,,-99,1,,7,6,6,4,6,7,8,9,7,8,8,6,7,2,0,,10,1,2,0,,9,3,2,0,,8,7,8,2,0,,6,2,0,,6,7,7,7,7,7,0,0,6,7,5,4,4,3,3,la x,La X,1,2,,,,1,-99,-99,-99,-99,-99,-99,-99,1,-99,-99,-99,,-99,-99,-99,-99,-99,-99,-99,1,-99,-99,-99,,2,,-99,-99,-99,-99,-99,-99,-99,,2,,-99,-99,-99,-99,-99,-99,-99,,3,3,,5,,3,2,,,2,10,7,5,5,7,2,2,2,1,5,,2,2,0,0,0,1,,27,1,2,6,1,1,,2,,hacienda de las torrds
7150,9,3,2,1,8,,1,No hay ninguna persona en educacion media,,3,No hay ninguna persona en educacion superior,,3,1,1,1,1,2,1,2,1,2,2,2,2,2,2,2,1,-99,-99,-99,-99,-99,-99,,-99,1,,7,5,4,7,7,7,8,8,8,5,7,7,4,2,0,,10,1,2,0,,10,3,2,0,,7,8,7,2,0,,7,2,0,,7,7,7,7,7,7,0,0,8,7,3,4,4,2,3,el chamoxal,El Chamizal,2,2,,,,1,-99,-99,-99,-99,-99,-99,-99,1,-99,-99,-99,,-99,-99,-99,-99,-99,-99,-99,1,-99,-99,-99,,2,,-99,-99,-99,-99,-99,-99,-99,,2,,-99,-99,-99,-99,-99,-99,-99,,4,5,,15,,1,2,,,2,10,4,4,3,5,2,1,2,1,2,,2,2,0,0,0,1,,35,2,2,6,1,1,,2,,hacienda universidad
7150,9,3,2,2,,,0,,,0,,,0,1,1,1,1,1,1,2,1,2,2,2,2,2,2,1,-99,-99,-99,-99,-99,1,-99,,-99,6,,,,,,,,9,9,7,6,9,7,7,2,0,,10,1,2,0,,10,3,2,0,,5,7,8,2,0,,5,2,0,,7,9,9,9,9,9,8,0,8,7,7,4,4,4,4,la x chamizal,El Chamizal,1,2,,,,1,-99,-99,-99,-99,-99,-99,-99,1,-99,-99,-99,,-99,-99,-99,-99,-99,-99,-99,1,-99,-99,-99,,2,,-99,-99,-99,-99,-99,-99,-99,,2,,-99,-99,-99,-99,-99,-99,-99,,3,5,,15,,2,2,,,3,10,8,1,7,7,2,1,2,1,7,los perros,2,2,0,0,0,2,,44,2,2,4,1,1,,2,,hacienda de las torres
7150,9,3,2,2,,,0,,,0,,,0,1,2,1,1,1,1,2,2,2,2,2,2,2,2,2,-99,-99,-99,-99,-99,1,-99,,-99,6,,,,,,,,7,9,8,7,7,7,7,2,0,,10,1,2,0,,9,3,2,0,,8,8,5,2,0,,6,2,0,,7,8,8,8,8,8,0,0,7,7,3,4,4,4,4,la x,La X,2,2,,,,1,-99,-99,-99,-99,-99,-99,-99,1,-99,-99,-99,,-99,-99,-99,-99,-99,-99,-99,1,-99,-99,-99,,2,,-99,-99,-99,-99,-99,-99,-99,,2,,-99,-99,-99,-99,-99,-99,-99,,3,5,,15,,2,2,,,2,10,6,6,6,5,2,2,2,1,1,,2,2,0,0,0,2,,26,1,2,4,1,1,,2,,
7150,9,4,2,1,No hay ninguna persona en nivel basico,,3,8,,2,No hay ninguna persona en educacion superior,,3,2,2,2,2,2,1,2,2,2,2,2,2,2,2,2,-99,-99,1,-99,-99,-99,-99,,-99,3,,9,9,7,5,6,5,7,8,8,7,9,9,7,2,0,,8,5,2,0,,7,2,2,0,,7,9,8,2,0,,5,2,0,,8,3,5,8,3,5,8,8,8,4,2,4,3,2,4,catedral,La Catedral,1,2,,,,1,-99,-99,-99,-99,-99,-99,-99,1,-99,-99,-99,,-99,-99,-99,-99,-99,-99,-99,1,-99,-99,-99,,2,,-99,-99,-99,-99,-99,-99,-99,,2,,-99,-99,-99,-99,-99,-99,-99,,4,5,,2,,1,2,,,3,2,5,4,6,9,2,1,2,1,1,,2,2,0,0,0,2,,57,3,9,4,1,1,,2,,HAcienda universdad
7150,9,4,1,1,No hay ninguna persona en nivel basico,,3,7,,1,No hay ninguna persona en educacion superior,,3,2,2,2,1,2,2,2,2,2,2,2,2,2,2,2,1,-99,-99,-99,-99,-99,-99,,-99,1,,8,8,5,5,5,7,9,6,9,9,8,9,7,2,0,,10,5,2,0,,9,3,2,0,,9,9,9,2,0,,5,2,0,,9,2,4,7,7,7,8,7,8,9,2,4,3,4,2,la x,La X,0,1,0,1,0,1,-99,-99,-99,1,-99,-99,-99,-99,-99,-99,-99,,-99,-99,-99,-99,-99,-99,-99,-99,-99,-99,1,SE RESERVA,2,,-99,-99,-99,-99,-99,-99,-99,,2,,-99,-99,-99,-99,-99,-99,-99,,4,5,,7,,1,2,,,3,2,8,5,9,9,2,1,2,2,1,,2,2,0,0,0,1,,41,2,2,6,1,1,,2,,HDA unvirsda
7150,9,3,3,2,,,0,,,0,,,0,2,2,2,1,2,2,2,2,2,2,2,2,2,2,2,1,-99,-99,-99,-99,-99,-99,,-99,1,,8,8,6,6,7,9,10,9,9,9,5,5,7,2,0,,9,5,2,0,,10,3,2,0,,8,8,7,2,0,,8,2,0,,8,2,6,7,5,4,7,6,8,8,2,4,3,3,3,la x,La X,0,2,,,,1,-99,-99,-99,-99,-99,-99,-99,-99,-99,-99,1,SE RESERVA,-99,-99,-99,-99,-99,1,-99,-99,-99,-99,-99,,2,,-99,-99,-99,-99,-99,-99,-99,,2,,-99,-99,-99,-99,-99,-99,-99,,4,2,,9,,1,2,,,3,2,5,6,7,9,2,1,2,1,2,,1,0,4,3,3,1,,35,2,2,7,1,1,,2,,hacienda rreal
7150,9,3,2,2,,,0,,,0,,,0,2,2,2,2,2,1,2,2,2,2,2,2,2,2,2,1,-99,-99,-99,-99,-99,-99,,-99,1,,5,4,5,4,5,4,9,9,9,9,4,5,7,2,0,,10,5,2,0,,8,3,2,0,,8,9,10,2,0,,5,2,0,,8,2,6,6,4,5,7,8,8,4,2,4,3,3,3,la x,La X,1,2,,,,1,-99,-99,-99,1,-99,-99,-99,-99,-99,-99,-99,,-99,-99,-99,-99,-99,-99,-99,1,-99,-99,-99,,2,,-99,-99,-99,-99,-99,-99,-99,,2,,-99,-99,-99,-99,-99,-99,-99,,4,2,,5,,1,2,,,3,1,4,6,4,9,2,1,2,1,2,,2,2,0,0,0,2,,44,2,2,4,1,1,,1,,hacienda universidad
7150,9,4,2,2,,,0,,,0,,,0,2,2,2,2,2,1,2,2,2,2,2,2,2,2,2,1,-99,-99,-99,-99,-99,-99,,-99,1,,9,5,6,5,6,7,10,10,10,10,2,5,7,2,0,,10,5,2,0,,10,2,2,0,,8,9,9,2,0,,8,2,0,,5,2,5,7,5,5,8,7,9,5,1,4,3,3,3,la x,La X,2,2,,,,1,-99,-99,-99,1,-99,-99,-99,-99,-99,-99,-99,,-99,-99,-99,-99,-99,-99,-99,1,-99,-99,-99,,2,,-99,-99,-99,-99,-99,-99,-99,,2,,-99,-99,-99,-99,-99,-99,-99,,4,9,,2,,1,2,,,3,2,5,5,4,9,2,2,2,2,1,,2,2,0,0,0,2,,21,1,2,4,1,1,,2,,hacienda universidad
7150,9,4,2,1,8,,1,No hay ninguna persona en educacion media,,3,No hay ninguna persona en educacion superior,,3,2,2,2,2,2,1,2,2,2,2,2,2,2,2,2,1,-99,-99,-99,-99,-99,-99,,-99,1,,10,10,8,10,10,9,10,9,10,9,8,10,7,2,0,,9,5,2,0,,10,2,2,0,,8,10,10,2,0,,8,2,0,,10,3,6,7,5,5,8,7,8,8,2,4,2,4,2,la x,La X,1,1,2,1,0,1,-99,-99,-99,1,-99,-99,-99,-99,-99,-99,-99,,-99,-99,-99,-99,-99,1,-99,-99,-99,-99,-99,,2,,-99,-99,-99,-99,-99,-99,-99,,2,,-99,-99,-99,-99,-99,-99,-99,,4,6,,5,,1,2,,,3,2,10,4,8,8,2,1,2,1,3,,2,2,0,0,0,1,,29,1,2,4,1,1,,3,,hacienda universidad
7150,9,4,3,2,,,0,,,0,,,0,2,2,2,2,2,1,2,2,2,2,2,2,2,2,2,-99,-99,-99,-99,-99,1,-99,,-99,6,,,,,,,,10,10,10,10,5,5,7,2,0,,8,5,2,0,,9,3,2,0,,9,5,8,2,0,,1,2,0,,8,3,6,5,6,4,8,5,8,5,1,4,3,2,3,la x,La X,1,2,,,,2,-99,-99,-99,-99,-99,-99,-99,-99,-99,-99,-99,,-99,-99,-99,-99,-99,-99,-99,1,-99,-99,-99,,2,,-99,-99,-99,-99,-99,-99,-99,,2,,-99,-99,-99,-99,-99,-99,-99,,4,7,,2,,1,2,,,3,2,5,5,3,10,2,1,2,2,1,,2,2,0,0,0,1,,27,1,1,8,1,1,,2,,hacienda universidad
7150,9,3,3,2,,,0,,,0,,,0,2,2,2,2,2,1,2,2,2,2,2,2,2,2,2,-99,-99,-99,1,-99,-99,-99,,-99,4,,9,9,6,9,9,10,10,9,10,10,8,5,7,2,0,,3,5,2,0,,9,3,2,0,,9,9,8,2,0,,6,2,0,,8,3,6,7,5,7,8,8,8,4,1,4,3,4,3,la x,La X,1,2,,,,1,-99,-99,-99,-99,-99,-99,-99,1,-99,-99,-99,,-99,-99,-99,-99,-99,-99,-99,1,-99,-99,-99,,2,,-99,-99,-99,-99,-99,-99,-99,,2,,-99,-99,-99,-99,-99,-99,-99,,4,2,,7,,1,2,,,3,2,5,5,5,9,2,1,2,1,6,,2,2,0,0,0,2,,29,1,2,2,1,1,,1,,hacienda universidad
7150,9,3,2,2,,,0,,,0,,,0,2,2,2,2,2,1,2,2,2,2,2,2,2,2,2,1,-99,-99,-99,-99,-99,-99,,-99,1,,7,7,6,5,6,7,10,10,10,10,9,6,7,2,0,,9,5,2,0,,10,3,2,0,,9,9,6,2,0,,1,2,0,,5,2,7,6,4,5,5,6,8,1,2,4,3,2,4,la x,La X,1,2,,,,2,-99,-99,-99,-99,-99,-99,-99,-99,-99,-99,-99,,-99,-99,-99,-99,-99,-99,-99,1,-99,-99,-99,,2,,-99,-99,-99,-99,-99,-99,-99,,2,,-99,-99,-99,-99,-99,-99,-99,,2,2,,9,,1,2,,,1,2,4,2,5,10,2,2,2,1,2,,2,2,0,0,0,1,,49,3,1,4,1,1,,2,,hacienda universidad
7150,9,4,3,2,,,0,,,0,,,0,2,2,2,2,2,1,2,2,2,2,2,2,2,2,2,1,-99,-99,-99,-99,-99,-99,,-99,1,,10,9,6,5,5,7,9,9,8,9,3,8,7,2,0,,10,5,2,0,,9,3,2,0,,9,8,6,2,0,,3,2,0,,6,3,6,4,5,5,4,4,6,4,5,4,2,4,3,lax,La X,1,2,,,,1,-99,-99,-99,1,-99,-99,-99,-99,-99,-99,-99,,-99,-99,-99,-99,-99,-99,-99,1,-99,-99,-99,,2,,-99,-99,-99,-99,-99,-99,-99,,2,,-99,-99,-99,-99,-99,-99,-99,,4,2,,6,,1,2,,,3,2,4,5,6,10,2,2,2,1,1,,2,2,0,0,0,2,,42,2,2,4,1,1,,1,,haciendo universidad
7150,9,3,3,2,,,0,,,0,,,0,2,2,2,1,2,2,2,2,2,2,2,2,2,2,2,1,-99,-99,-99,-99,-99,-99,,-99,1,,6,5,7,6,6,7,9,9,10,10,6,5,7,2,0,,10,5,2,0,,9,3,2,0,,8,6,6,2,0,,1,2,0,,5,2,5,7,4,6,5,5,8,8,2,4,3,3,3,la x,La X,1,2,,,,1,-99,-99,-99,-99,-99,-99,-99,-99,-99,-99,1,SE RESERVA,-99,-99,-99,-99,-99,-99,-99,1,-99,-99,-99,,2,,-99,-99,-99,-99,-99,-99,-99,,2,,-99,-99,-99,-99,-99,-99,-99,,2,2,,5,,1,2,,,3,2,5,5,5,7,2,2,2,2,3,,2,2,0,0,0,1,,32,2,2,4,1,1,,1,,hacienda universidad
7150,9,2,2,2,,,0,,,0,,,0,2,2,2,2,2,1,2,2,2,2,2,2,2,2,2,1,-99,-99,-99,-99,-99,-99,,-99,1,,8,5,6,5,5,5,10,9,10,10,5,5,7,2,0,,10,5,2,0,,10,3,2,0,,9,10,8,2,0,,5,2,0,,8,3,7,4,7,5,7,7,8,6,2,4,3,2,2,la x,La X,2,2,,,,1,-99,-99,-99,-99,-99,-99,-99,1,-99,-99,-99,,-99,-99,-99,-99,-99,-99,-99,1,-99,-99,-99,,2,,-99,-99,-99,-99,-99,-99,-99,,2,,-99,-99,-99,-99,-99,-99,-99,,4,2,,6,,1,2,,,3,2,5,5,3,9,2,2,2,1,6,,2,2,0,0,0,1,,54,3,9,3,1,1,,1,,hacienda universidad
7150,9,4,1,1,9,,1,No hay ninguna persona en educacion media,,3,No hay ninguna persona en educacion superior,,3,1,1,1,1,2,1,1,2,2,2,2,2,2,2,1,-99,-99,-99,-99,-99,1,-99,,-99,6,,,,,,,,10,10,9,10,10,10,7,2,0,,9,5,2,0,,10,3,2,0,,8,9,8,2,0,,9,2,0,,10,10,8,10,3,3,7,0,7,8,3,4,3,3,3,la x,La X,2,2,,,,2,-99,-99,-99,-99,-99,-99,-99,-99,-99,-99,-99,,-99,-99,-99,-99,-99,-99,-99,1,-99,-99,-99,,2,,-99,-99,-99,-99,-99,-99,-99,,2,,-99,-99,-99,-99,-99,-99,-99,,3,13,,18,,1,2,,,3,9,8,5,5,10,1,1,1,1,5,,2,2,0,0,0,1,,25,1,1,6,1,1,,2,,haciendas de la torres
7150,9,4,2,2,,,0,,,0,,,0,1,1,1,1,1,2,2,2,2,2,2,2,2,1,1,1,-99,-99,-99,-99,-99,-99,,-99,1,,8,8,8,7,8,10,10,10,9,10,7,7,7,2,0,,9,5,2,0,,10,3,2,0,,9,9,9,2,0,,7,2,0,,7,8,8,8,8,6,9,7,9,8,8,2,2,5,5,la x,La X,0,1,2,0,2,1,-99,-99,-99,1,-99,-99,-99,-99,1,-99,-99,,-99,-99,-99,-99,-99,1,-99,-99,1,-99,-99,,1,9,-99,-99,-99,-99,-99,-99,-99,,2,,-99,-99,-99,-99,-99,-99,-99,,2,5,,15,,1,2,,,3,1,6,10,6,6,1,1,1,1,3,,2,2,0,0,0,2,,18,1,9,4,1,1,,2,,hacienda las torres
7150,9,2,2,1,No hay ninguna persona en nivel basico,,3,5,los libros,1,No hay ninguna persona en educacion superior,,3,1,1,1,1,2,1,1,2,2,1,1,2,1,2,1,1,-99,-99,-99,-99,-99,-99,,-99,1,,7,5,4,5,5,1,10,10,10,10,5,5,7,2,0,,9,5,2,0,,10,3,2,0,,8,8,8,2,0,,3,2,0,,8,10,7,7,7,3,8,0,8,7,0,4,5,5,5,la ptecidencia,La Presidencia,1,2,,,,1,-99,-99,-99,1,-99,-99,-99,-99,-99,-99,-99,,-99,-99,-99,-99,-99,-99,-99,1,-99,-99,-99,,2,,-99,-99,-99,-99,-99,-99,-99,,2,,-99,-99,-99,-99,-99,-99,-99,,4,5,,18,,1,2,,,3,9,5,5,1,4,2,2,2,1,2,,2,2,0,0,0,2,,31,2,2,6,1,1,,2,,haciendasde torres
7150,9,1,2,2,,,0,,,0,,,0,1,1,2,1,2,2,2,2,2,2,2,2,2,2,1,1,-99,-99,-99,-99,-99,-99,,-99,1,,5,5,5,5,8,3,10,8,6,10,5,9,7,2,0,,10,5,2,0,,10,3,2,0,,9,10,9,2,0,,3,2,0,,4,10,5,3,4,4,7,0,9,5,0,4,4,4,4,la presidencia,La Presidencia,0,2,,,,2,-99,-99,-99,-99,-99,-99,-99,-99,-99,-99,-99,,1,-99,-99,-99,-99,-99,-99,-99,1,-99,-99,,1,3,1,1,1,1,1,1,1,mas camiones,2,,-99,-99,-99,-99,-99,-99,-99,,3,18,,5,,4,2,,,4,6,7,3,4,4,2,2,2,2,7,distema de riego,2,2,0,0,0,1,,65,4,1,4,1,2,,2,,haciendas de la torres
7150,9,3,2,1,6,maestros responsables,1,6,becas para estudiantes,1,No hay ninguna persona en educacion superior,,3,1,1,1,1,1,1,1,1,2,2,2,2,1,1,1,1,-99,1,1,-99,-99,-99,,-99,1,,4,5,3,7,3,3,8,8,8,10,9,3,7,2,0,,10,5,2,0,,10,3,2,0,,8,5,9,2,0,,9,2,0,,9,10,10,10,10,2,8,0,0,6,2,2,4,4,3,la presidencia,La Presidencia,2,2,,,,1,-99,-99,-99,1,-99,-99,-99,-99,-99,-99,-99,,-99,-99,-99,-99,-99,-99,-99,1,-99,-99,-99,,2,,-99,-99,-99,-99,-99,-99,-99,,2,,-99,-99,-99,-99,-99,-99,-99,,4,15,,17,,3,2,,,1,4,8,8,4,3,2,2,2,2,2,,2,2,0,0,0,2,,45,3,2,6,1,3,,3,,hacienda d las torrrs
7150,9,3,2,1,8,,1,No hay ninguna persona en educacion media,,3,No hay ninguna persona en educacion superior,,3,1,1,1,1,2,2,2,2,1,2,2,2,2,2,1,-99,-99,-99,1,-99,-99,-99,,-99,4,,8,8,9,10,10,10,10,8,8,10,6,7,7,2,0,,8,5,2,0,,8,3,2,0,,8,10,9,2,0,,3,2,0,,2,10,10,10,6,2,10,4,5,7,2,4,3,3,3,la x,La X,0,2,,,,2,-99,-99,-99,-99,-99,-99,-99,-99,-99,-99,-99,,1,-99,-99,-99,-99,1,-99,-99,1,-99,-99,,1,8,-99,-99,-99,-99,-99,-99,-99,,2,,-99,-99,-99,-99,-99,-99,-99,,3,10,,9,,4,2,,,3,1,9,7,8,8,1,1,1,1,3,,2,2,0,0,0,1,,58,3,1,4,1,1,,2,,hacienda de las torrres
7150,9,4,2,1,No hay ninguna persona en nivel basico,,3,No hay ninguna persona en educacion media,,3,8,,2,1,2,1,1,1,1,2,1,1,1,1,1,1,1,1,-99,-99,-99,-99,-99,1,-99,,-99,6,,,,,,,,6,6,6,10,7,2,7,2,0,,7,4,2,0,,10,3,2,0,,9,9,9,2,0,,8,2,0,,3,10,8,8,3,2,3,0,7,8,0,3,5,5,4,la x,La X,1,2,,,,1,-99,-99,-99,-99,-99,-99,-99,1,-99,-99,-99,,-99,-99,-99,-99,-99,-99,-99,1,-99,-99,-99,,2,,-99,-99,-99,-99,-99,-99,-99,,2,,-99,-99,-99,-99,-99,-99,-99,,3,19,parques,2,,1,1,federales,retenciom acoso,1,9,10,3,3,7,2,2,2,2,5,,2,2,0,0,0,2,,35,2,9,4,1,1,,2,,hacienda de la torres
7150,9,3,2,2,,,0,,,0,,,0,1,1,1,1,1,2,2,2,2,2,2,2,2,2,2,1,-99,-99,-99,-99,-99,-99,,-99,1,,6,7,8,1,8,10,9,8,5,10,8,7,7,2,0,,8,5,2,0,,10,3,2,0,,8,8,5,2,0,,2,2,0,,5,11,0,0,0,0,0,0,0,5,0,3,5,5,5,la x,La X,2,2,,,,1,-99,-99,-99,1,-99,-99,-99,-99,-99,-99,-99,,-99,-99,-99,-99,-99,-99,-99,1,-99,-99,-99,,2,,-99,-99,-99,-99,-99,-99,-99,,2,,-99,-99,-99,-99,-99,-99,-99,,2,5,,12,,1,2,,,4,10,5,5,5,5,1,1,1,1,6,,2,2,0,0,0,1,,55,3,2,2,1,1,,2,,hacienda las torres
7150,9,4,3,1,9,,1,5,,1,No hay ninguna persona en educacion superior,,3,1,1,1,1,1,2,2,2,2,2,2,2,2,2,2,1,-99,1,1,-99,-99,-99,,-99,4,,9,9,10,9,8,10,8,8,9,10,9,10,7,2,0,,10,4,1,1,3,10,3,2,0,,10,4,8,2,0,,8,2,0,,9,10,10,10,10,8,3,4,2,3,9,3,5,3,4,la x,La X,2,2,,,,1,-99,-99,-99,1,-99,-99,-99,-99,-99,-99,-99,,1,-99,-99,-99,-99,-99,-99,1,-99,-99,-99,,2,,-99,-99,-99,-99,-99,-99,-99,,2,,-99,-99,-99,-99,-99,-99,-99,,4,11,,6,,3,2,,,4,6,4,4,9,8,2,1,1,1,5,,2,2,0,0,0,2,,56,3,2,6,1,1,,2,,hacienda de las torres
7150,9,4,1,1,10,,1,No hay ninguna persona en educacion media,,3,No hay ninguna persona en educacion superior,,3,1,1,2,1,1,1,2,2,2,2,2,2,2,2,1,1,-99,-99,-99,-99,-99,-99,,-99,1,,7,7,7,8,8,10,7,8,10,10,7,8,7,2,0,,10,5,2,0,,10,3,2,0,,10,10,8,2,0,,3,2,0,,3,10,10,10,10,3,9,10,9,6,8,4,5,5,5,la x,La X,0,2,,,,1,-99,-99,-99,1,-99,-99,-99,-99,1,-99,-99,,-99,-99,-99,-99,-99,-99,-99,-99,1,-99,-99,,1,10,-99,-99,-99,-99,-99,-99,-99,,2,,-99,-99,-99,-99,-99,-99,-99,,3,16,,15,,4,2,,,1,4,8,9,2,6,2,1,1,2,5,,2,2,0,0,0,2,,32,2,2,4,1,1,,2,,haciendasde las torrd
7150,9,3,3,2,,,0,,,0,,,0,1,1,1,1,1,1,2,2,2,2,2,2,2,1,1,1,-99,-99,-99,-99,-99,-99,,-99,1,,8,9,6,8,9,6,9,9,8,8,8,10,7,2,0,,9,5,2,0,,8,3,2,0,,9,10,8,2,0,,8,2,0,,9,10,5,5,4,5,9,1,4,4,0,4,4,4,4,la plaza de toros,La plaza de Toros,2,1,3,0,3,1,1,-99,-99,-99,-99,-99,-99,1,-99,-99,-99,,1,-99,-99,-99,-99,-99,1,1,-99,-99,-99,,2,,-99,-99,-99,-99,-99,-99,-99,,2,,-99,-99,-99,-99,-99,-99,-99,,4,12,,18,,4,2,,,4,3,8,2,8,8,2,2,2,2,3,,2,2,0,0,0,2,,45,3,2,6,1,3,,3,,hacienda torres
7150,9,3,2,2,,,0,,,0,,,0,1,1,1,1,2,2,2,2,2,2,2,2,2,2,2,-99,-99,-99,-99,-99,1,-99,,-99,6,,,,,,,,8,9,5,7,7,7,7,2,0,,10,1,2,0,,9,3,2,0,,6,8,5,2,0,,7,2,0,,5,8,8,8,8,8,7,0,8,6,6,2,4,4,4,lax,La X,1,2,,,,1,-99,-99,-99,-99,-99,-99,-99,1,-99,-99,-99,,-99,-99,-99,-99,-99,-99,-99,1,-99,-99,-99,,2,,-99,-99,-99,-99,-99,-99,-99,,2,,-99,-99,-99,-99,-99,-99,-99,,3,17,,5,,3,2,,,2,4,6,6,5,7,2,1,2,1,7,carros yonjeqeqdo,2,2,0,0,0,2,,42,2,9,4,1,1,,1,,hacienda universidad
7150,9,3,2,1,8,,1,No hay ninguna persona en educacion media,,3,No hay ninguna persona en educacion superior,,3,1,1,1,1,2,1,2,1,2,2,2,1,2,1,1,1,-99,-99,-99,-99,-99,-99,,-99,1,,7,8,4,8,8,8,7,7,8,8,9,7,7,2,0,,10,1,2,0,,10,3,2,0,,8,10,9,2,0,,8,2,0,,8,7,7,7,7,7,7,0,0,8,7,4,4,3,4,la x,La X,1,2,,,,1,-99,-99,-99,-99,-99,-99,-99,1,-99,-99,-99,,-99,-99,-99,-99,-99,-99,-99,1,-99,-99,-99,,2,,-99,-99,-99,-99,-99,-99,-99,,2,,-99,-99,-99,-99,-99,-99,-99,,3,5,,1,,3,2,,,2,10,7,9,8,9,2,1,2,2,2,,2,2,0,0,0,2,,35,2,2,8,1,1,,2,,haciendas universidad
7150,9,3,2,2,,,0,,,0,,,0,1,1,1,1,2,1,1,1,2,2,2,2,2,2,1,1,-99,-99,-99,-99,-99,-99,,-99,1,,8,9,6,7,8,9,9,9,6,7,8,7,7,2,0,,8,1,2,0,,10,3,2,0,,7,9,8,2,0,,5,2,0,,8,10,10,10,10,10,8,0,7,7,5,4,4,4,4,la x,La X,2,2,,,,1,-99,-99,-99,-99,-99,-99,-99,1,-99,-99,-99,,-99,-99,-99,-99,-99,-99,-99,1,-99,-99,-99,,2,,-99,-99,-99,-99,-99,-99,-99,,2,,-99,-99,-99,-99,-99,-99,-99,,3,5,,17,,2,2,,,3,10,7,8,8,8,1,1,2,1,2,,2,2,0,0,0,2,,24,1,2,6,1,1,,1,,hacienda las torres universidad
7150,9,4,2,2,,,0,,,0,,,0,1,1,1,1,1,1,2,1,1,2,2,2,2,2,1,-99,-99,-99,-99,-99,1,-99,,-99,6,,,,,,,,10,10,10,10,9,9,7,2,0,,10,1,2,0,,9,3,2,0,,8,10,8,2,0,,8,2,0,,7,9,7,7,7,7,7,0,9,6,8,4,4,2,2,la x,La X,2,2,,,,1,-99,-99,-99,-99,-99,-99,-99,1,-99,-99,-99,,-99,-99,-99,-99,-99,-99,-99,1,-99,-99,-99,,2,,-99,-99,-99,-99,-99,-99,-99,,2,,-99,-99,-99,-99,-99,-99,-99,,3,5,,15,,3,2,,,2,7,8,5,5,7,2,1,2,1,4,,2,2,0,0,0,1,,21,1,2,4,1,1,,3,,hacienda universidad
7150,9,4,1,2,,,0,,,0,,,0,1,1,1,1,2,1,1,1,2,2,2,2,2,1,1,1,-99,-99,1,-99,-99,-99,,-99,1,,10,10,8,8,8,8,10,9,8,8,10,9,7,2,0,,9,1,2,0,,10,3,2,0,,10,9,7,2,0,,8,2,0,,8,9,8,9,9,9,6,0,9,7,8,4,4,4,4,la x,La X,1,2,,,,1,-99,-99,-99,-99,-99,-99,-99,1,-99,-99,-99,,-99,-99,-99,-99,-99,-99,-99,1,-99,-99,-99,,2,,-99,-99,-99,-99,-99,-99,-99,,2,,-99,-99,-99,-99,-99,-99,-99,,2,2,,5,,1,2,,,2,10,8,4,4,8,2,2,2,2,2,,2,2,0,0,0,1,,21,1,1,6,1,2,,2,,hacieda universidad
7150,9,3,2,2,,,0,,,0,,,0,1,1,1,1,1,1,2,2,2,2,2,2,2,1,1,-99,-99,-99,-99,-99,1,-99,,-99,6,,,,,,,,8,8,4,2,8,7,7,2,0,,9,1,2,0,,10,3,2,0,,7,9,8,2,0,,7,2,0,,6,8,9,9,9,9,9,0,6,6,7,3,4,4,4,lq x,La X,1,2,,,,1,-99,-99,-99,-99,-99,-99,-99,1,-99,-99,-99,,-99,-99,-99,-99,-99,-99,-99,1,-99,-99,-99,,2,,-99,-99,-99,-99,-99,-99,-99,,2,,-99,-99,-99,-99,-99,-99,-99,,3,2,,5,,1,2,,,2,10,8,4,4,8,2,1,2,1,7,perros,2,2,0,0,0,2,,49,3,9,4,1,1,,1,,hacienda universidad
7150,9,4,1,1,10,,1,No hay ninguna persona en educacion media,,3,No hay ninguna persona en educacion superior,,3,1,1,1,1,2,1,1,1,2,2,2,2,2,1,2,1,-99,-99,-99,-99,-99,-99,,-99,1,,7,7,5,10,8,8,10,10,9,9,8,8,7,2,0,,9,1,2,0,,10,3,2,0,,8,9,8,2,0,,9,2,0,,3,8,9,9,9,9,8,0,8,9,7,4,4,4,4,la x,La X,1,1,2,0,0,1,-99,-99,-99,-99,-99,-99,-99,1,-99,-99,-99,,-99,-99,-99,-99,-99,-99,-99,1,-99,-99,-99,,2,,-99,-99,-99,-99,-99,-99,-99,,2,,-99,-99,-99,-99,-99,-99,-99,,2,5,,2,,2,2,,,2,10,6,8,5,7,1,1,2,1,2,,2,2,0,0,0,1,,25,1,2,4,1,1,,2,,hacienda universidad
7150,9,3,2,2,,,0,,,0,,,0,1,1,1,1,2,2,2,2,2,2,2,2,2,2,2,1,-99,-99,-99,-99,-99,-99,,-99,1,,6,7,7,6,11,7,9,9,9,8,6,6,7,2,0,,10,1,2,0,,8,3,2,0,,7,7,8,2,0,,5,2,0,,5,9,9,9,9,9,6,0,9,4,5,4,4,4,4,la x monumento,El monumento a Benito Juárez,1,2,,,,1,-99,-99,-99,-99,-99,-99,-99,1,-99,-99,-99,,-99,-99,-99,-99,-99,-99,-99,1,-99,-99,-99,,2,,-99,-99,-99,-99,-99,-99,-99,,2,,-99,-99,-99,-99,-99,-99,-99,,3,5,,4,,2,2,,,2,10,5,4,2,7,1,1,1,1,6,,2,2,0,0,0,1,,60,4,9,4,1,1,,3,,hacienda universidad
7150,9,2,2,1,7,,1,8,,1,8,,1,1,1,1,2,2,2,2,2,1,2,2,2,2,2,1,-99,-99,-99,-99,-99,-99,1,PENSIONES CIVILES DE CHIHUAHUA,-99,7,PENSIONES CIVILES DE CHIHUAHUA,10,10,10,8,10,5,10,10,6,7,8,8,7,1,1,9,10,3,2,0,,10,3,2,0,,8,10,8,2,0,,7,2,0,,9,7,8,8,8,8,7,7,7,8,8,4,4,4,4,chamizal,El Chamizal,2,2,,,,1,-99,-99,-99,-99,-99,-99,-99,1,-99,-99,-99,,-99,-99,-99,-99,-99,-99,-99,1,-99,-99,-99,,2,,-99,-99,-99,-99,-99,-99,-99,,2,,-99,-99,-99,-99,-99,-99,-99,,4,5,,6,,3,2,,,3,1,7,7,7,9,1,1,2,1,6,,2,2,0,0,0,2,,49,3,3,6,1,3,,5,,hacienda universidad
7150,9,4,2,2,,,0,,,0,,,0,1,1,1,1,2,2,2,2,2,2,2,2,2,1,1,1,-99,-99,-99,-99,-99,-99,,-99,1,,8,8,5,5,10,8,10,5,8,10,5,8,3,1,1,8,10,3,2,0,,10,3,2,0,,10,10,8,2,0,,10,2,0,,8,8,8,10,8,7,8,0,8,10,7,4,5,5,3,catedral,La Catedral,0,2,,,,1,-99,-99,-99,1,-99,-99,-99,-99,1,-99,-99,,-99,-99,-99,-99,-99,1,-99,-99,1,-99,-99,,1,8,-99,-99,-99,-99,-99,-99,-99,,2,,-99,-99,-99,-99,-99,-99,-99,,2,2,,5,,1,2,,,3,9,5,5,5,5,2,2,2,1,2,,2,2,0,0,0,1,,53,3,2,2,1,1,,2,,hacienda universidad
7150,9,2,1,1,7,,1,7,,1,10,,1,1,1,1,1,2,1,1,1,2,2,2,1,1,1,2,1,-99,-99,-99,-99,-99,-99,,-99,1,,7,7,7,7,8,5,9,9,9,9,10,10,7,2,0,,10,3,2,0,,10,3,2,0,,6,10,9,2,0,,5,2,0,,5,6,7,7,5,5,6,8,8,4,7,4,4,3,3,la x,La X,2,2,,,,1,-99,-99,-99,-99,-99,-99,-99,1,-99,-99,-99,,-99,-99,-99,-99,-99,-99,-99,1,-99,-99,-99,,2,,-99,-99,-99,-99,-99,-99,-99,,2,,-99,-99,-99,-99,-99,-99,-99,,3,5,,9,,1,2,,,2,4,5,7,7,8,2,2,2,2,1,,2,2,0,0,0,2,,18,1,2,6,1,1,,3,,hacienda universidad
7150,9,2,3,1,8,,1,8,,1,8,,1,1,1,1,1,2,2,2,2,1,2,2,2,2,2,1,1,-99,-99,-99,-99,-99,-99,,-99,1,,5,5,5,5,8,8,8,6,5,8,8,8,6,2,0,,10,3,2,0,,10,3,2,0,,10,10,9,2,0,,8,2,0,,8,10,8,8,8,8,8,7,10,7,6,4,5,5,2,parque central,El Parque Central,1,1,0,1,0,2,-99,-99,-99,-99,-99,-99,-99,-99,-99,-99,-99,,-99,-99,-99,-99,-99,-99,-99,-99,1,-99,-99,,1,8,-99,-99,-99,-99,-99,-99,-99,,2,,-99,-99,-99,-99,-99,-99,-99,,3,7,,5,,1,2,,,2,9,8,6,5,10,2,2,2,2,2,,2,2,0,0,0,2,,60,4,8,5,1,1,,1,,hacienda de las torres universidad
7150,9,3,2,1,10,,1,10,,1,10,,1,1,1,1,1,2,1,2,2,2,2,2,2,2,2,1,1,-99,-99,-99,-99,-99,-99,,-99,1,,10,10,9,10,10,8,10,10,10,8,7,9,5,2,0,,10,4,2,0,,10,3,2,0,,10,10,10,2,0,,8,2,0,,9,10,8,10,10,8,8,10,10,10,8,4,5,5,5,la x,La X,2,1,1,1,1,1,-99,-99,-99,1,-99,-99,-99,-99,-99,-99,-99,,-99,-99,-99,-99,-99,-99,-99,1,-99,-99,-99,,2,,-99,-99,-99,-99,-99,-99,-99,,2,,-99,-99,-99,-99,-99,-99,-99,,4,7,,9,,2,2,,,4,3,10,7,8,8,1,1,1,1,6,,2,2,0,0,0,2,,46,3,2,4,1,1,,1,,hacienda universidad
7150,9,4,2,1,9,,1,9,,1,10,,1,1,1,1,1,2,1,1,2,2,2,1,2,2,2,1,1,-99,-99,-99,-99,-99,-99,,-99,1,,6,7,3,8,7,8,10,10,10,10,10,10,7,1,1,8,10,4,2,0,,10,3,2,0,,8,9,9,2,0,,7,2,0,,9,8,8,8,7,6,9,1,9,9,5,4,5,5,1,la x,La X,1,1,2,0,0,1,-99,-99,-99,-99,-99,-99,-99,1,-99,-99,-99,,-99,-99,-99,-99,-99,-99,-99,1,-99,-99,-99,,2,,-99,-99,-99,-99,-99,-99,-99,,2,,-99,-99,-99,-99,-99,-99,-99,,4,5,,2,,1,2,,,2,9,8,8,5,6,2,1,2,1,2,,2,2,0,0,0,2,,29,1,2,6,1,2,,3,,hacienda universidad
7150,9,4,2,2,,,0,,,0,,,0,1,2,1,1,1,1,2,1,2,2,2,2,2,2,2,1,-99,-99,-99,-99,-99,-99,,-99,1,,9,5,5,5,5,9,10,10,10,10,2,10,7,2,0,,10,4,2,0,,10,3,2,0,,10,10,8,2,0,,5,2,0,,10,10,5,10,5,5,10,1,10,10,5,4,2,2,2,la x,La X,1,2,,,,1,-99,-99,-99,1,-99,-99,-99,-99,-99,-99,-99,,-99,-99,-99,-99,-99,-99,-99,1,-99,-99,-99,,2,,-99,-99,-99,-99,-99,-99,-99,,2,,-99,-99,-99,-99,-99,-99,-99,,4,9,,2,,1,2,,,2,9,10,5,5,5,2,2,2,2,6,,2,2,0,0,0,2,,20,1,2,8,1,2,,2,,hacienda universidad
7150,9,3,2,2,,,0,,,0,,,0,1,2,1,1,2,2,1,2,2,2,2,2,2,1,2,1,-99,-99,-99,-99,-99,-99,,-99,1,,3,5,1,3,4,4,8,8,8,8,3,8,7,2,0,,8,2,2,0,,10,2,2,0,,10,8,8,2,0,,8,2,0,,8,8,9,8,8,8,8,8,10,8,8,2,5,3,3,la x,La X,0,2,,,,1,-99,-99,-99,1,-99,-99,-99,-99,-99,-99,-99,,-99,-99,-99,-99,-99,1,-99,-99,-99,-99,-99,,2,,-99,-99,-99,-99,-99,-99,-99,,2,,-99,-99,-99,-99,-99,-99,-99,,4,5,,6,,1,2,,,2,9,10,8,8,8,2,1,2,2,6,,2,2,0,0,0,1,,27,1,2,6,1,1,,2,,hacienda universidad
7150,9,2,3,2,,,0,,,0,,,0,1,1,1,1,2,2,2,2,1,2,2,2,2,2,1,1,-99,-99,-99,-99,-99,-99,,-99,1,,7,7,5,5,9,5,9,7,7,7,9,8,7,2,0,,10,3,2,0,,10,3,2,0,,8,10,9,2,0,,8,2,0,,8,10,8,8,5,4,7,0,10,8,5,4,5,5,5,catedral,La Catedral,1,2,,,,2,-99,-99,-99,-99,-99,-99,-99,-99,-99,-99,-99,,-99,-99,-99,-99,-99,1,-99,-99,-99,-99,-99,,2,,-99,-99,-99,-99,-99,-99,-99,,2,,-99,-99,-99,-99,-99,-99,-99,,4,15,,5,,1,2,,,4,6,8,6,5,10,2,1,2,2,6,,2,2,0,0,0,2,,64,4,1,3,2,19,,1,,mezquital
7150,9,4,2,1,10,,1,10,,1,10,,1,1,1,1,1,2,2,2,2,2,1,2,2,2,2,1,1,-99,-99,-99,-99,-99,-99,,-99,1,,9,10,10,9,10,9,10,10,10,10,10,10,7,2,0,,10,4,2,0,,10,3,2,0,,9,10,10,2,0,,8,2,0,,8,10,10,10,8,8,10,10,10,10,8,2,5,5,5,monumento a Benito Juárez,El monumento a Benito Juárez,0,2,,,,2,-99,-99,-99,-99,-99,-99,-99,-99,-99,-99,-99,,-99,-99,-99,-99,1,-99,-99,-99,1,-99,-99,,1,9,-99,-99,-99,-99,-99,-99,-99,,2,,-99,-99,-99,-99,-99,-99,-99,,4,5,,2,,1,2,,,3,9,9,9,9,10,2,2,2,2,6,,1,0,2,2,2,1,,66,4,1,4,2,19,,19,,hacienda universidad
7150,9,3,3,1,10,,1,9,,1,9,,1,1,1,1,1,2,2,2,2,1,2,2,2,2,1,1,1,-99,-99,-99,-99,-99,-99,,-99,1,,10,10,10,10,9,9,10,10,8,10,8,10,4,3,0,,10,4,2,0,,10,3,2,0,,9,10,8,2,0,,7,2,0,,9,8,8,8,8,8,8,0,10,9,5,4,5,4,4,monumento a Juárez,El monumento a Benito Juárez,0,2,,,,1,1,-99,-99,-99,-99,-99,-99,-99,-99,-99,-99,,-99,-99,-99,-99,1,-99,-99,-99,-99,-99,-99,,2,,-99,-99,-99,-99,-99,-99,-99,,2,,-99,-99,-99,-99,-99,-99,-99,,4,5,,9,,1,2,,,3,9,9,5,7,7,2,2,2,2,2,,2,2,0,0,0,1,,53,3,2,4,1,1,,2,,hacienda universidad
7150,9,2,2,1,10,,1,8,,1,8,,1,1,1,1,1,2,2,2,2,2,2,2,2,2,2,1,-99,-99,-99,-99,-99,-99,-99,,1,8,,10,10,8,8,8,5,10,10,10,10,10,10,7,2,0,,10,4,2,0,,5,2,2,0,,9,10,9,2,0,,5,2,0,,10,10,10,10,5,5,9,1,9,9,9,4,3,3,3,parque central,El Parque Central,0,2,,,,1,-99,-99,-99,1,-99,-99,-99,-99,1,-99,-99,,-99,-99,-99,-99,-99,1,-99,-99,1,-99,-99,,1,9,-99,-99,-99,-99,-99,-99,-99,,2,,-99,-99,-99,-99,-99,-99,-99,,4,9,,5,,1,1,policia,robo,3,9,10,10,4,10,2,1,2,2,2,,2,2,0,0,0,2,,29,1,9,4,1,1,,1,,hacienda universidad
6398,9,4,1,2,,,0,,,0,,,0,2,2,2,2,2,1,2,2,2,2,2,2,2,2,2,1,-99,-99,-99,-99,-99,-99,,-99,1,,7,8,10,6,5,7,9,7,9,9,9,9,7,2,0,,9,5,2,0,,10,3,2,0,,8,8,7,2,0,,8,2,0,,8,2,6,5,5,7,9,6,8,6,2,4,3,2,3,la x,La X,0,2,,,,1,-99,-99,-99,1,-99,-99,-99,-99,-99,-99,-99,,-99,-99,-99,-99,-99,1,-99,-99,-99,-99,-99,,2,,-99,-99,-99,-99,-99,-99,-99,,2,,-99,-99,-99,-99,-99,-99,-99,,4,5,,9,,1,2,,,3,2,3,6,4,10,2,2,2,1,2,,2,2,0,0,0,1,,53,3,2,6,1,1,,1,,bosques de salvarca
6398,9,3,1,2,,,0,,,0,,,0,2,2,2,2,2,1,2,2,2,2,2,2,2,2,2,1,-99,-99,-99,-99,-99,-99,,-99,1,,8,7,7,8,6,7,8,8,6,10,8,7,7,2,0,,8,5,2,0,,8,3,2,0,,8,6,8,2,0,,6,2,0,,7,3,7,5,6,3,7,8,8,5,1,4,3,2,4,la x,La X,0,2,,,,2,-99,-99,-99,-99,-99,-99,-99,-99,-99,-99,-99,,-99,-99,-99,-99,-99,1,-99,-99,-99,-99,-99,,2,,-99,-99,-99,-99,-99,-99,-99,,2,,-99,-99,-99,-99,-99,-99,-99,,4,2,,7,,1,2,,,2,2,5,5,3,8,2,2,2,2,2,,2,2,0,0,0,1,,22,1,1,9,1,1,,1,,villas de salvarca
6398,9,3,2,2,,,0,,,0,,,0,2,2,2,2,2,2,2,2,2,2,2,2,2,2,2,1,-99,-99,-99,-99,-99,-99,,-99,1,,8,7,9,5,6,7,8,9,10,10,9,10,7,2,0,,7,3,2,0,,10,3,2,0,,8,8,7,2,0,,5,2,0,,9,2,6,7,5,5,8,8,8,8,2,4,2,4,2,la x,La X,2,2,,,,1,-99,-99,-99,-99,-99,-99,-99,1,-99,-99,-99,,-99,-99,-99,-99,-99,-99,-99,1,-99,-99,-99,,2,,-99,-99,-99,-99,-99,-99,-99,,2,,-99,-99,-99,-99,-99,-99,-99,,4,2,,6,,1,2,,,3,2,4,5,3,10,2,2,2,1,1,,2,2,0,0,0,1,,47,3,2,8,1,2,,2,,Villas de salvarca
6398,9,3,1,2,,,0,,,0,,,0,2,2,2,2,2,2,2,2,2,2,2,1,2,2,2,1,-99,-99,-99,-99,-99,-99,,-99,1,,8,5,5,5,7,5,10,10,10,10,8,8,7,2,0,,10,5,2,0,,10,2,2,0,,8,8,8,2,0,,4,2,0,,8,4,8,8,8,8,8,9,8,5,8,4,3,2,4,catedral,La Catedral,1,2,,,,1,1,-99,-99,-99,-99,-99,-99,-99,-99,-99,-99,,-99,-99,-99,-99,-99,-99,-99,1,-99,-99,-99,,2,,-99,-99,-99,-99,-99,-99,-99,,2,,-99,-99,-99,-99,-99,-99,-99,,4,5,,2,,1,2,,,1,2,4,6,5,9,2,1,2,1,2,,2,2,0,0,0,1,,52,3,9,4,1,1,,2,,villas de salvarca
6398,9,4,1,2,,,0,,,0,,,0,2,2,2,2,2,2,2,2,2,1,2,2,2,2,2,1,-99,-99,-99,-99,-99,-99,,-99,1,,9,9,7,10,10,7,10,10,10,10,9,6,7,2,0,,10,5,2,0,,9,2,2,0,,9,10,9,2,0,,8,2,0,,9,2,6,4,5,6,10,9,6,8,2,4,3,3,3,la x,La X,2,2,,,,2,-99,-99,-99,-99,-99,-99,-99,-99,-99,-99,-99,,-99,-99,-99,-99,-99,-99,-99,1,-99,-99,-99,,2,,-99,-99,-99,-99,-99,-99,-99,,2,,-99,-99,-99,-99,-99,-99,-99,,4,5,,9,,1,2,,,2,2,4,5,4,10,2,1,2,2,6,,2,2,0,0,0,2,,31,2,2,6,1,1,,2,,villas de salvarca
6398,9,4,3,1,No hay ninguna persona en nivel basico,,3,7,,1,No hay ninguna persona en educacion superior,,3,1,1,1,1,2,1,1,1,2,2,2,1,1,1,1,1,-99,-99,-99,-99,-99,-99,,-99,1,,8,7,7,9,8,10,2,7,7,8,9,9,7,2,0,,8,5,2,0,,5,3,2,0,,7,8,4,2,0,,6,2,0,,3,10,7,8,3,3,9,6,5,8,0,2,2,5,2,la x,La X,2,2,,,,1,-99,-99,-99,-99,-99,-99,-99,1,-99,-99,-99,,-99,-99,-99,-99,-99,-99,-99,1,-99,-99,-99,,2,,-99,-99,-99,-99,-99,-99,-99,,2,,-99,-99,-99,-99,-99,-99,-99,,2,5,,1,,1,2,,,3,1,7,7,3,5,2,1,1,2,2,,2,2,0,0,0,2,,18,1,6,6,1,1,,2,,villas de salvarcat
6398,9,3,2,2,,,0,,,0,,,0,1,1,1,2,2,2,2,2,2,2,2,2,2,2,2,-99,-99,-99,-99,-99,1,-99,,-99,6,,,,,,,,10,9,9,10,10,10,7,2,0,,8,5,2,0,,10,3,2,0,,10,10,10,2,0,,6,2,0,,2,10,6,10,6,8,10,4,9,8,9,4,5,5,5,la x,La X,1,1,2,0,3,1,1,-99,-99,-99,-99,-99,-99,-99,-99,-99,-99,,-99,-99,-99,-99,-99,-99,-99,1,-99,-99,-99,,2,,-99,-99,-99,-99,-99,-99,-99,,2,,-99,-99,-99,-99,-99,-99,-99,,3,15,,13,,3,2,,,3,2,7,8,8,10,2,1,1,1,5,,2,2,0,0,0,1,,27,1,9,4,1,2,,2,,villas de salvar ar
6398,9,2,2,2,,,0,,,0,,,0,1,1,1,2,2,2,2,2,1,2,2,2,2,2,1,1,-99,-99,-99,-99,-99,-99,,-99,1,,10,10,3,10,9,9,10,10,9,9,10,10,7,2,0,,10,5,2,0,,10,3,2,0,,10,10,10,2,0,,10,2,0,,10,10,10,10,8,8,9,10,10,10,9,4,5,5,5,elchamizal,El Chamizal,1,2,,,,2,-99,-99,-99,-99,-99,-99,-99,-99,-99,-99,-99,,-99,-99,-99,-99,-99,-99,-99,1,-99,-99,-99,,2,,-99,-99,-99,-99,-99,-99,-99,,2,,-99,-99,-99,-99,-99,-99,-99,,4,5,,4,,1,2,,,3,6,9,3,5,3,2,1,1,2,2,,2,2,0,0,0,2,,54,3,4,4,1,1,,1,,villas de sslcarcar
6398,9,2,2,2,,,0,,,0,,,0,1,1,1,1,2,2,2,2,2,2,2,2,2,2,2,1,-99,-99,-99,-99,-99,-99,,-99,1,,8,8,3,9,10,9,10,10,10,10,5,10,7,2,0,,5,4,1,1,6,10,3,2,0,,6,3,10,2,0,,3,2,0,,2,10,6,10,6,3,8,0,0,10,0,4,5,5,4,catedral,La Catedral,2,2,,,,2,-99,-99,-99,-99,-99,-99,-99,-99,-99,-99,-99,,-99,-99,-99,-99,-99,-99,-99,1,-99,-99,-99,,2,,-99,-99,-99,-99,-99,-99,-99,,2,,-99,-99,-99,-99,-99,-99,-99,,4,5,,3,,1,2,,,3,10,4,3,8,10,1,1,1,1,7,alumbrado,2,2,0,0,0,2,,57,3,4,2,1,1,,2,,hacienda salvarcar
6398,9,2,4,1,10,,1,No hay ninguna persona en educacion media,,3,10,,1,1,1,1,1,2,1,1,1,1,2,2,2,2,2,1,1,-99,-99,-99,-99,-99,-99,,-99,1,,3,7,2,3,9,10,10,7,8,10,10,10,7,2,0,,8,5,2,0,,10,3,2,0,,9,8,10,2,0,,9,2,0,,7,10,10,10,7,6,10,0,0,4,0,4,5,4,4,la x,La X,2,2,,,,2,-99,-99,-99,-99,-99,-99,-99,-99,-99,-99,-99,,-99,-99,-99,-99,-99,-99,-99,1,-99,-99,-99,,2,,-99,-99,-99,-99,-99,-99,-99,,2,,-99,-99,-99,-99,-99,-99,-99,,2,3,,4,,3,2,,,1,9,8,3,3,7,2,2,2,2,7,agua,2,2,0,0,0,1,,43,2,1,6,1,1,,2,,villas de salvarcar
6398,9,3,2,1,8,,1,No hay ninguna persona en educacion media,,3,No hay ninguna persona en educacion superior,,3,1,1,1,2,2,1,1,2,2,2,2,2,2,2,1,-99,-99,-99,-99,-99,1,-99,,-99,6,,,,,,,,10,10,10,9,10,8,7,2,0,,10,1,2,0,,10,3,2,0,,7,8,6,2,0,,5,2,0,,5,9,10,10,10,10,8,9,0,3,8,4,4,4,2,bebito jrz,El monumento a Benito Juárez,1,2,,,,1,-99,-99,-99,-99,-99,-99,-99,1,-99,-99,-99,,-99,-99,-99,-99,-99,-99,-99,1,-99,-99,-99,,2,,-99,-99,-99,-99,-99,-99,-99,,2,,-99,-99,-99,-99,-99,-99,-99,,4,5,,2,,3,2,,,2,10,5,1,4,3,2,1,2,1,2,,2,2,0,0,0,1,,51,3,2,4,1,1,,2,,villa de sa.
6398,9,3,2,2,,,0,,,0,,,0,1,1,1,1,1,1,2,2,2,2,2,2,2,2,1,-99,-99,-99,-99,-99,1,-99,,-99,6,,,,,,,,10,10,9,9,8,8,7,2,0,,10,1,2,0,,10,3,2,0,,10,10,7,2,0,,6,2,0,,7,9,8,8,8,8,8,8,0,6,9,4,4,4,4,la x parque central,El parque central,2,2,,,,1,-99,-99,-99,-99,-99,-99,-99,1,-99,-99,-99,,-99,-99,-99,-99,-99,-99,-99,1,-99,-99,-99,,2,,-99,-99,-99,-99,-99,-99,-99,,2,,-99,-99,-99,-99,-99,-99,-99,,4,2,,5,,1,2,,,2,10,5,2,6,8,1,2,1,2,2,,2,2,0,0,0,2,,37,2,4,4,1,1,,2,,villa de salvarse
6398,9,2,2,1,8,,1,8,,1,No hay ninguna persona en educacion superior,,3,1,1,1,1,2,1,1,2,2,2,1,2,2,1,1,-99,-99,-99,-99,-99,1,-99,,-99,6,,,,,,,,8,9,10,6,8,6,7,2,0,,9,1,2,0,,8,2,2,0,,7,3,8,2,0,,4,2,0,,6,9,9,9,9,9,8,9,0,6,5,4,4,4,4,la x,La X,3,2,,,,1,-99,-99,-99,-99,-99,-99,-99,1,-99,-99,-99,,-99,-99,-99,-99,-99,-99,-99,1,-99,-99,-99,,2,,-99,-99,-99,-99,-99,-99,-99,,2,,-99,-99,-99,-99,-99,-99,-99,,3,5,,3,,2,2,,,2,10,5,3,7,8,2,1,2,1,2,,2,2,0,0,0,1,,47,3,9,6,1,3,,5,,villa del salvarcad
6398,9,4,2,1,No hay ninguna persona en nivel basico,,3,4,muy caro,2,No hay ninguna persona en educacion superior,,3,1,1,2,1,1,1,2,2,2,2,2,2,2,1,1,-99,-99,-99,-99,-99,1,-99,,-99,6,,,,,,,,8,8,7,8,8,7,7,2,0,,10,1,2,0,,9,3,2,0,,8,8,8,2,0,,3,2,0,,5,9,9,9,9,8,8,8,0,7,4,2,4,4,4,la x,La X,1,2,,,,1,-99,-99,-99,-99,-99,-99,-99,1,-99,-99,-99,,-99,-99,-99,-99,-99,-99,-99,1,-99,-99,-99,,2,,-99,-99,-99,-99,-99,-99,-99,,2,,-99,-99,-99,-99,-99,-99,-99,,3,6,,2,,2,2,,,2,10,3,5,3,5,2,1,2,1,2,,2,2,0,0,0,1,,33,2,9,4,1,1,,3,,villasde salvarxsr
6398,9,3,2,2,,,0,,,0,,,0,1,1,1,1,2,1,2,2,2,2,2,2,2,2,2,1,-99,-99,-99,-99,-99,-99,,-99,1,,6,5,7,6,8,4,9,8,9,9,8,9,7,2,0,,10,1,2,0,,10,3,2,0,,7,8,6,2,0,,6,2,0,,2,8,10,10,8,10,8,7,8,6,7,4,3,3,3,el monumento,El monumento a Benito Juárez,1,2,,,,1,-99,-99,-99,-99,-99,-99,-99,1,-99,-99,-99,,-99,-99,-99,-99,-99,-99,-99,1,-99,-99,-99,,2,,-99,-99,-99,-99,-99,-99,-99,,2,,-99,-99,-99,-99,-99,-99,-99,,2,2,,10,,2,2,,,2,10,5,3,4,8,2,1,2,2,2,,2,2,0,0,0,1,,57,3,1,4,1,1,,1,,villas de salvarcar
6398,9,1,3,2,,,0,,,0,,,0,1,2,1,2,2,2,1,2,2,2,2,2,2,1,2,1,-99,-99,-99,-99,-99,-99,,-99,1,,5,1,1,2,10,8,10,10,10,10,8,10,7,2,0,,10,4,1,1,2,10,3,2,0,,5,5,5,1,1,5,1,1,2,1,5,1,6,10,5,5,1,8,6,5,5,4,5,5,5,el centro histórico,El centro,1,2,,,,2,-99,-99,-99,-99,-99,-99,-99,-99,-99,-99,-99,,-99,-99,-99,-99,-99,-99,-99,1,-99,-99,-99,,1,5,1,1,-99,-99,-99,-99,-99,,2,,-99,-99,-99,-99,-99,-99,-99,,4,5,,2,,1,2,,,3,4,5,5,7,5,1,1,2,1,1,,2,2,0,0,0,1,,53,3,8,8,1,1,,2,,fraccionamiento villas de salvarcar
6398,9,2,2,1,5,,1,8,,1,9,,1,1,2,2,1,2,2,2,2,1,2,2,2,2,2,2,1,-99,-99,-99,-99,-99,-99,,-99,1,,1,1,4,5,9,10,10,8,9,10,4,5,7,2,0,,10,3,1,1,1,10,3,2,0,,8,7,9,2,0,,7,2,0,,8,8,8,8,9,5,4,0,5,5,8,4,5,5,5,la x,La X,1,1,1,0,0,2,-99,-99,-99,-99,-99,-99,-99,-99,-99,-99,-99,,-99,-99,-99,-99,-99,-99,-99,1,-99,-99,-99,,2,,-99,-99,-99,-99,-99,-99,-99,,2,,-99,-99,-99,-99,-99,-99,-99,,4,5,,9,,1,2,,,1,1,6,5,8,8,2,2,2,2,1,,2,2,0,0,0,1,,54,3,1,4,1,1,,1,,fraccionamiento villas de salvarcar
6398,9,2,3,2,,,0,,,0,,,0,1,1,1,1,2,2,2,2,1,2,2,2,2,2,1,-99,-99,-99,1,-99,-99,-99,,-99,4,,8,8,5,6,6,7,10,10,8,8,10,8,7,2,0,,10,4,2,0,,10,3,2,0,,8,9,7,2,0,,8,2,0,,9,7,8,7,7,5,6,1,8,8,8,4,5,5,5,monumento a Benito Juárez,El monumento a Benito Juárez,1,2,,,,2,-99,-99,-99,-99,-99,-99,-99,-99,-99,-99,-99,,-99,-99,-99,-99,-99,-99,-99,1,-99,-99,-99,,2,,-99,-99,-99,-99,-99,-99,-99,,2,,-99,-99,-99,-99,-99,-99,-99,,4,5,,9,,1,2,,,3,1,7,5,5,10,2,1,1,1,5,,2,2,0,0,0,2,,68,4,8,2,1,1,,1,,fraccionamiento villas de salvarcar
6398,9,3,2,2,,,0,,,0,,,0,1,1,1,1,2,2,2,2,2,2,2,1,2,2,1,1,-99,-99,1,-99,-99,-99,,-99,4,,7,6,4,5,8,8,10,10,10,10,4,8,7,2,0,,6,3,2,0,,10,3,2,0,,9,9,8,2,0,,4,2,0,,8,4,4,5,5,7,8,10,9,5,4,4,3,3,3,monumento a Juárez,El monumento a Benito Juárez,0,2,,,,2,-99,-99,-99,-99,-99,-99,-99,-99,-99,-99,-99,,-99,-99,-99,-99,1,1,-99,-99,-99,-99,-99,,1,8,-99,-99,-99,-99,-99,-99,-99,,2,,-99,-99,-99,-99,-99,-99,-99,,3,16,,5,,1,2,,,3,3,7,6,5,10,1,2,2,2,6,,2,2,0,0,0,2,,61,4,8,4,1,1,,1,,fraccionamiento villas d salvarcar
6398,9,3,2,1,8,,1,8,,1,8,,1,1,1,1,1,2,2,2,2,2,2,2,2,2,2,2,1,-99,-99,1,-99,-99,-99,,-99,4,,6,5,1,1,5,8,10,10,10,10,3,5,7,2,0,,8,4,2,0,,10,3,2,0,,2,2,5,2,0,,1,2,0,,2,5,4,5,5,5,6,5,5,6,5,4,4,4,4,parque central,El Parque Central,2,1,1,0,1,1,-99,-99,-99,-99,-99,-99,-99,1,-99,-99,-99,,-99,-99,-99,-99,-99,-99,-99,1,-99,-99,-99,,2,,-99,-99,-99,-99,-99,-99,-99,,2,,-99,-99,-99,-99,-99,-99,-99,,3,5,,9,,1,2,,,3,9,7,3,4,6,2,2,2,2,2,,2,2,0,0,0,2,,50,3,2,4,1,2,,3,,fraccionamiento villas de salvarcar
4495,6,2,2,1,5,,1,No hay ninguna persona en educacion media,,3,No hay ninguna persona en educacion superior,,3,1,1,1,1,2,1,1,1,1,2,2,2,2,1,1,1,-99,-99,-99,-99,-99,-99,,-99,1,,8,8,9,6,9,8,5,5,5,10,8,10,7,2,0,,9,5,2,0,,10,3,2,0,,7,8,4,2,0,,8,2,0,,9,9,10,9,9,7,5,4,7,6,9,4,4,3,2,la x,La X,1,2,,,,1,-99,-99,-99,-99,-99,-99,-99,1,-99,-99,-99,,-99,-99,-99,-99,-99,-99,-99,1,-99,-99,-99,,2,,-99,-99,-99,-99,-99,-99,-99,,2,,-99,-99,-99,-99,-99,-99,-99,,4,7,,7,,1,1,policía,sobornos,4,9,7,5,3,7,2,1,1,1,5,,2,2,0,0,0,2,,27,1,2,6,1,1,,1,,divicion de el norte
4495,6,2,3,2,,,0,,,0,,,0,1,1,1,1,2,2,2,2,2,2,2,2,2,2,1,1,-99,-99,-99,-99,-99,-99,,-99,1,,7,8,8,7,8,5,7,10,10,10,10,2,7,2,0,,9,5,2,0,,9,3,2,0,,8,7,9,2,0,,8,2,0,,7,9,9,9,9,9,7,1,9,9,1,4,4,4,4,ka x,La X,0,2,,,,1,1,-99,-99,-99,-99,-99,-99,-99,-99,-99,-99,,-99,-99,-99,-99,-99,1,-99,-99,-99,-99,-99,,2,,-99,-99,-99,-99,-99,-99,-99,,2,,-99,-99,-99,-99,-99,-99,-99,,4,5,,7,,1,2,,,3,9,7,2,7,9,2,1,1,1,1,,2,2,0,0,0,1,,57,3,1,2,1,1,,1,,divicion deel Norte
4495,6,2,2,1,10,,1,No hay ninguna persona en educacion media,,3,No hay ninguna persona en educacion superior,,3,1,1,1,1,2,2,2,2,2,2,2,2,2,2,1,1,-99,-99,1,-99,-99,-99,,-99,4,,4,4,6,2,8,3,8,7,8,9,10,8,7,2,0,,8,5,2,0,,9,2,2,0,,8,8,5,2,0,,6,2,0,,7,5,8,8,8,8,5,1,4,5,5,4,4,4,1,la x,La X,0,2,,,,2,-99,-99,-99,-99,-99,-99,-99,-99,-99,-99,-99,,-99,-99,-99,-99,-99,1,-99,-99,-99,-99,-99,,2,,-99,-99,-99,-99,-99,-99,-99,,2,,-99,-99,-99,-99,-99,-99,-99,,4,5,,4,,1,1,municipal,abusos,3,2,5,3,2,8,2,1,1,1,5,,2,2,0,0,0,1,,22,1,1,4,1,1,,1,,diviciin del Norte
4495,6,3,2,2,,,0,,,0,,,0,2,2,2,2,2,1,2,2,2,2,2,2,2,2,2,-99,-99,-99,-99,-99,1,-99,,-99,6,,,,,,,,8,7,8,9,9,9,7,2,0,,8,5,2,0,,10,3,2,0,,9,9,9,2,0,,8,2,0,,8,2,6,7,4,7,7,8,8,8,2,4,3,2,4,la x,La X,0,2,,,,1,-99,-99,-99,1,-99,-99,-99,-99,-99,-99,-99,,-99,-99,-99,-99,-99,-99,-99,-99,-99,-99,1,SE RESERVA,2,,-99,-99,-99,-99,-99,-99,-99,,2,,-99,-99,-99,-99,-99,-99,-99,,4,9,,5,,1,2,,,1,2,5,6,7,9,2,1,2,2,6,,2,2,0,0,0,2,,45,3,2,3,1,1,,1,,divicion del norte
4495,6,3,2,2,,,0,,,0,,,0,2,1,2,2,2,2,2,2,2,2,2,2,2,2,2,1,-99,-99,-99,-99,-99,-99,,-99,1,,6,7,5,5,9,6,9,9,9,9,10,9,7,3,0,,10,5,2,0,,10,3,2,0,,9,9,8,2,0,,6,2,0,,8,3,6,8,4,4,6,9,8,4,2,4,3,3,3,la x,La X,0,2,,,,2,-99,-99,-99,-99,-99,-99,-99,-99,-99,-99,-99,,-99,-99,-99,-99,-99,1,-99,-99,-99,-99,-99,,2,,-99,-99,-99,-99,-99,-99,-99,,2,,-99,-99,-99,-99,-99,-99,-99,,4,2,,7,,1,2,,,3,2,5,6,3,9,2,1,2,2,6,,2,2,0,0,0,1,,77,4,1,3,1,1,,2,,divicion del norte
4495,6,3,2,2,,,0,,,0,,,0,2,1,2,2,2,2,2,2,2,2,2,2,2,2,2,1,-99,-99,-99,-99,-99,-99,,-99,1,,9,8,6,5,6,7,10,9,9,7,9,9,7,2,0,,9,5,2,0,,9,3,2,0,,9,8,7,2,0,,4,2,0,,9,2,7,6,2,3,6,8,8,5,2,4,2,3,3,catedral,La Catedral,0,2,,,,2,-99,-99,-99,-99,-99,-99,-99,-99,-99,-99,-99,,-99,-99,-99,-99,-99,1,-99,-99,-99,-99,-99,,2,,-99,-99,-99,-99,-99,-99,-99,,2,,-99,-99,-99,-99,-99,-99,-99,,4,7,,5,,1,2,,,3,2,5,7,3,9,2,1,2,2,6,,2,2,0,0,0,1,,72,4,1,3,1,1,,1,,divicion del norte
4495,6,4,1,2,,,0,,,0,,,0,1,2,1,1,2,2,2,2,1,2,2,2,2,2,1,1,-99,-99,-99,-99,-99,-99,,-99,1,,6,6,5,5,8,7,10,8,10,10,10,10,7,2,0,,10,4,2,0,,10,3,2,0,,4,7,8,2,0,,3,2,0,,7,10,10,9,9,9,8,0,8,6,0,4,3,3,3,la x,La X,2,2,,,,1,-99,-99,-99,-99,-99,-99,-99,-99,-99,1,-99,,-99,-99,-99,-99,-99,-99,-99,1,-99,1,-99,,2,,-99,-99,-99,-99,-99,-99,-99,,1,10,-99,-99,-99,-99,-99,-99,-99,,3,5,,13,,1,2,,,2,1,6,4,7,6,2,1,1,2,7,perros callejeros,2,2,0,0,0,1,,67,4,2,2,1,1,,2,,dv del norte
4495,6,2,2,2,,,0,,,0,,,0,1,1,1,1,2,2,2,2,2,2,2,2,2,2,1,1,-99,-99,-99,-99,-99,-99,,-99,1,,10,8,9,9,8,3,10,9,10,10,7,9,7,2,0,,8,5,2,0,,9,3,2,0,,9,5,8,2,0,,9,2,0,,8,10,4,8,8,4,7,0,0,2,0,4,5,5,5,la x,La X,1,2,,,,2,-99,-99,-99,-99,-99,-99,-99,-99,-99,-99,-99,,1,-99,-99,-99,-99,-99,-99,1,-99,-99,-99,,2,,-99,-99,-99,-99,-99,-99,-99,,2,,-99,-99,-99,-99,-99,-99,-99,,3,8,,15,,4,2,,,3,2,8,8,8,8,2,1,1,1,7,perros callejeros,2,2,0,0,0,2,,66,4,8,2,1,1,,2,,dv del norte
4495,6,4,2,2,,,0,,,0,,,0,1,1,1,1,2,2,2,2,1,2,2,2,2,2,1,-99,-99,-99,1,-99,-99,-99,,-99,4,,8,8,8,10,9,10,9,7,9,10,10,5,7,2,0,,8,3,2,0,,10,3,2,0,,7,8,7,2,0,,5,2,0,,8,10,8,8,9,7,7,0,8,8,0,4,5,5,5,la x,La X,1,2,,,,1,1,-99,-99,-99,-99,1,-99,1,-99,-99,-99,,-99,-99,-99,-99,-99,-99,-99,1,-99,-99,-99,,2,,-99,-99,-99,-99,-99,-99,-99,,2,,-99,-99,-99,-99,-99,-99,-99,,4,13,,15,,1,2,,,3,9,7,3,8,8,2,1,1,2,7,alumbrado,2,2,0,0,0,1,,55,3,9,6,1,1,,2,,dv del norte
4495,6,4,1,2,,,0,,,0,,,0,1,1,1,1,1,2,1,2,2,1,1,2,2,1,1,1,-99,-99,-99,-99,-99,-99,,-99,1,,10,10,6,8,8,7,9,9,9,10,10,10,7,1,1,10,10,3,1,1,8,10,3,2,0,,10,8,8,2,0,,9,2,0,,8,10,7,8,5,4,7,10,8,2,3,3,5,5,5,la x,La X,2,2,,,,1,-99,-99,-99,-99,-99,1,-99,-99,-99,-99,-99,,-99,-99,-99,-99,-99,-99,-99,1,-99,-99,-99,,2,,-99,-99,-99,-99,-99,-99,-99,,2,,-99,-99,-99,-99,-99,-99,-99,,4,5,,2,,1,2,,,3,3,8,5,5,9,2,2,2,1,1,,2,2,0,0,0,2,,22,1,9,6,1,2,,3,,división del norte
4495,6,2,2,2,,,0,,,0,,,0,1,1,1,2,2,2,2,2,2,2,2,2,2,2,1,1,-99,-99,-99,-99,-99,-99,,-99,1,,4,5,5,5,9,7,10,8,8,9,10,10,7,2,0,,10,4,1,1,9,10,3,2,0,,5,8,8,2,0,,8,2,0,,5,8,8,5,5,5,7,5,8,6,5,3,5,4,4,la x,La X,1,2,,,,1,-99,-99,-99,1,-99,-99,-99,-99,-99,-99,-99,,-99,-99,-99,-99,-99,-99,-99,1,-99,-99,-99,,2,,-99,-99,-99,-99,-99,-99,-99,,2,,-99,-99,-99,-99,-99,-99,-99,,4,16,,5,,1,2,,,1,1,8,7,8,10,2,2,1,2,6,,2,2,0,0,0,2,,40,2,2,6,1,1,,3,,división del norte
4495,6,3,2,2,,,0,,,0,,,0,1,2,2,2,2,2,2,2,2,2,2,2,2,2,1,-99,-99,1,-99,-99,-99,-99,,-99,3,,9,9,8,5,10,10,9,7,10,10,10,10,7,2,0,,8,4,2,0,,10,3,2,0,,8,9,8,2,0,,5,2,0,,9,5,4,6,5,5,7,7,6,6,5,4,3,3,3,monumento a benito Juárez,El monumento a Benito Juárez,0,2,,,,2,-99,-99,-99,-99,-99,-99,-99,-99,-99,-99,-99,,1,-99,-99,-99,-99,-99,-99,-99,-99,-99,-99,,1,10,-99,-99,-99,-99,-99,-99,-99,,2,,-99,-99,-99,-99,-99,-99,-99,,4,2,,5,,1,2,,,3,9,7,5,3,10,1,1,2,1,6,,2,2,0,0,0,1,,55,3,1,4,1,1,,2,,división del norte
4495,6,4,2,1,9,,2,No hay ninguna persona en educacion media,,3,No hay ninguna persona en educacion superior,,3,1,1,1,2,2,2,2,2,2,2,2,2,2,1,1,-99,-99,1,-99,-99,-99,-99,,-99,3,,10,10,10,10,10,10,10,7,7,10,10,10,7,2,0,,10,3,2,0,,10,3,2,0,,10,10,10,2,0,,10,2,0,,6,6,5,5,5,5,10,0,10,5,0,4,5,5,5,la x,La X,0,1,1,0,1,1,-99,-99,-99,-99,-99,1,-99,-99,-99,-99,-99,,-99,-99,-99,-99,-99,1,-99,-99,-99,-99,-99,,2,,-99,-99,-99,-99,-99,-99,-99,,2,,-99,-99,-99,-99,-99,-99,-99,,4,5,,2,,1,2,,,2,1,5,5,5,8,1,1,1,1,6,,2,2,0,0,0,1,,61,4,9,7,1,1,,1,,divicion del norte
4495,6,3,1,2,,,0,,,0,,,0,1,1,1,1,1,2,2,2,2,2,2,2,2,1,1,-99,-99,-99,1,-99,-99,-99,,-99,4,,10,10,10,10,10,10,8,8,10,10,10,10,7,2,0,,10,5,2,0,,10,3,2,0,,10,10,9,2,0,,10,2,0,,10,9,10,10,10,10,10,11,11,9,10,3,5,5,5,torre centinela,La torre centinela,0,1,0,0,1,1,-99,-99,-99,-99,-99,-99,-99,-99,1,1,-99,,-99,-99,-99,-99,-99,-99,-99,-99,1,1,-99,,1,9,-99,-99,-99,-99,-99,-99,-99,,1,10,-99,-99,-99,-99,-99,-99,-99,,4,18,,5,,1,2,,,3,1,9,6,9,10,1,1,1,1,6,,2,2,0,0,0,2,,67,4,2,2,1,1,,1,,division del norte
4495,6,4,2,2,,,0,,,0,,,0,1,2,2,2,2,2,2,2,2,2,2,2,2,2,1,1,-99,-99,-99,-99,-99,-99,,-99,1,,9,9,6,6,9,8,10,10,10,10,10,10,7,2,0,,10,5,2,0,,10,3,2,0,,10,10,9,2,0,,10,2,0,,10,11,0,0,0,0,8,0,11,10,11,4,5,5,5,parquecentral,El Parque Central,1,2,,,,2,-99,-99,-99,-99,-99,-99,-99,-99,-99,-99,-99,,-99,-99,-99,-99,-99,-99,-99,1,-99,-99,-99,,2,,-99,-99,-99,-99,-99,-99,-99,,2,,-99,-99,-99,-99,-99,-99,-99,,4,5,,2,,1,2,,,3,1,7,6,5,7,2,2,2,2,5,,2,2,0,0,0,2,,74,4,8,2,1,1,,2,,division del norte
5309,6,3,2,2,,,0,,,0,,,0,2,2,2,1,2,2,2,2,2,2,2,2,2,2,2,1,-99,-99,-99,-99,-99,-99,,-99,1,,9,9,8,8,9,9,10,9,9,10,8,9,7,2,0,,10,5,2,0,,9,3,2,0,,8,9,8,2,0,,5,2,0,,8,2,7,7,5,5,8,7,9,8,2,4,3,3,4,la x,La X,1,2,,,,2,-99,-99,-99,-99,-99,-99,-99,-99,-99,-99,-99,,-99,-99,-99,-99,-99,-99,-99,1,-99,-99,-99,,2,,-99,-99,-99,-99,-99,-99,-99,,2,,-99,-99,-99,-99,-99,-99,-99,,4,5,,6,,1,2,,,3,2,5,8,8,8,2,1,2,2,1,,2,2,0,0,0,1,,51,3,1,6,1,1,,1,,moderna
5309,6,3,2,2,,,0,,,0,,,0,2,2,2,2,2,1,2,2,2,2,2,2,2,2,2,1,-99,-99,-99,-99,-99,-99,,-99,1,,8,6,9,5,9,9,9,9,7,9,8,8,5,2,0,,9,5,2,0,,9,3,2,0,,8,8,8,2,0,,6,2,0,,8,5,6,7,4,7,8,6,8,6,3,4,3,2,4,la x,La X,1,2,,,,1,-99,-99,-99,-99,-99,1,-99,-99,-99,-99,-99,,-99,-99,-99,-99,-99,-99,-99,1,-99,-99,-99,,2,,-99,-99,-99,-99,-99,-99,-99,,2,,-99,-99,-99,-99,-99,-99,-99,,4,5,,7,,1,2,,,1,2,3,6,4,9,2,1,2,2,2,,2,2,0,0,0,1,,63,4,2,3,1,1,,2,,Ciudad moderna
5309,6,4,2,2,,,0,,,0,,,0,2,2,2,2,2,1,2,2,2,2,2,2,2,2,2,1,-99,-99,-99,-99,-99,-99,,-99,1,,7,6,8,5,6,8,8,8,9,10,9,9,7,2,0,,10,5,2,0,,9,3,2,0,,9,9,9,2,0,,5,2,0,,8,5,5,8,4,7,8,6,8,7,8,4,3,2,4,la x,La X,0,1,0,1,1,1,-99,-99,-99,1,-99,-99,-99,-99,-99,-99,-99,,1,-99,-99,-99,-99,-99,-99,-99,-99,-99,-99,,2,,-99,-99,-99,-99,-99,-99,-99,,2,,-99,-99,-99,-99,-99,-99,-99,,4,6,,2,,1,2,,,1,2,6,5,5,9,2,1,2,2,2,,2,2,0,0,0,1,,30,2,2,4,1,1,,2,,Ciudad moderna
5309,6,4,1,2,,,0,,,0,,,0,2,2,2,2,2,1,2,2,2,2,2,2,2,2,2,-99,-99,-99,-99,-99,1,-99,,-99,6,,,,,,,,10,10,10,10,10,10,7,2,0,,10,5,2,0,,10,3,2,0,,8,10,5,2,0,,5,2,0,,8,3,7,7,3,5,10,6,8,5,2,4,2,3,3,la x,La X,1,2,,,,1,-99,-99,-99,-99,-99,-99,-99,1,-99,-99,-99,,-99,-99,-99,-99,-99,-99,-99,1,-99,-99,-99,,2,,-99,-99,-99,-99,-99,-99,-99,,2,,-99,-99,-99,-99,-99,-99,-99,,4,5,,9,,1,2,,,1,2,4,8,5,9,2,1,2,1,2,,2,2,0,0,0,1,,52,3,2,2,1,1,,2,,Ciudad moderna
5309,6,3,3,2,,,0,,,0,,,0,2,1,2,2,2,2,2,2,2,2,2,2,2,2,2,1,-99,-99,-99,-99,-99,-99,,-99,1,,5,5,1,9,7,7,10,9,10,10,8,9,7,2,0,,10,5,2,0,,10,3,2,0,,8,8,8,2,0,,5,2,0,,8,3,6,8,4,7,7,6,8,2,3,4,2,3,3,catedral,La Catedral,0,2,,,,2,-99,-99,-99,-99,-99,-99,-99,-99,-99,-99,-99,,-99,-99,-99,-99,-99,1,-99,-99,-99,-99,-99,,2,,-99,-99,-99,-99,-99,-99,-99,,2,,-99,-99,-99,-99,-99,-99,-99,,4,2,,6,,1,2,,,1,2,5,5,5,9,2,2,2,1,2,,2,2,0,0,0,1,,57,3,1,6,1,1,,2,,ciudad moderna
5309,6,3,3,2,,,0,,,0,,,0,2,2,2,2,2,1,2,2,2,2,2,2,2,2,2,1,-99,-99,-99,-99,-99,-99,,-99,1,,9,7,5,7,7,8,10,10,10,10,8,9,7,2,0,,10,5,2,0,,10,3,2,0,,9,9,9,2,0,,6,2,0,,8,4,5,4,5,6,8,6,8,5,3,4,2,3,3,la x,La X,2,1,0,0,1,2,-99,-99,-99,-99,-99,-99,-99,-99,-99,-99,-99,,-99,-99,-99,-99,-99,-99,-99,1,-99,-99,-99,,2,,-99,-99,-99,-99,-99,-99,-99,,2,,-99,-99,-99,-99,-99,-99,-99,,4,7,,2,,1,2,,,3,2,5,5,5,9,2,1,2,2,6,,2,2,0,0,0,1,,64,4,1,3,1,1,,1,,Ciudad modena
5309,6,3,1,2,,,0,,,0,,,0,1,2,1,1,2,1,2,2,2,2,2,2,2,2,1,-99,-99,-99,-99,-99,1,-99,,-99,6,,,,,,,,10,10,10,10,10,10,7,2,0,,10,5,2,0,,10,3,2,0,,1,10,6,2,0,,1,2,0,,4,5,10,10,10,10,9,0,8,5,0,2,4,4,4,lo indomables,Monumento Los indomables,2,2,,,,2,-99,-99,-99,-99,-99,-99,-99,-99,-99,-99,-99,,-99,-99,-99,-99,-99,-99,-99,1,-99,-99,-99,,2,,-99,-99,-99,-99,-99,-99,-99,,2,,-99,-99,-99,-99,-99,-99,-99,,4,15,,18,,1,2,,,2,1,9,5,3,6,2,2,2,2,5,,2,2,0,0,0,2,,71,4,8,11,1,2,,2,,ciudad moderna
5309,6,2,3,2,,,0,,,0,,,0,1,1,1,1,2,1,2,2,2,2,2,2,2,2,1,1,-99,-99,1,-99,-99,-99,,-99,4,,10,10,8,8,10,8,10,8,10,10,9,9,7,2,0,,10,4,2,0,,10,3,2,0,,8,8,8,2,0,,6,2,0,,8,10,10,10,10,10,10,0,11,4,2,4,3,3,3,benito juarez,El monumento a Benito Juárez,1,1,1,0,0,1,-99,-99,-99,-99,-99,-99,-99,1,1,1,-99,,-99,-99,-99,-99,-99,-99,-99,1,1,1,-99,,1,1,1,1,-99,-99,1,-99,-99,,1,10,-99,-99,-99,-99,-99,-99,-99,,3,5,,3,,1,2,,,1,1,8,3,5,8,2,1,1,1,1,,2,2,0,0,0,1,,58,3,2,4,1,1,,1,,ciudadmoderna
5309,6,3,2,1,No hay ninguna persona en nivel basico,,3,No hay ninguna persona en educacion media,,3,8,,1,1,2,1,1,2,2,2,2,2,2,2,2,2,1,2,1,-99,-99,-99,-99,-99,-99,,-99,1,,1,5,1,1,9,6,10,10,10,10,7,7,7,2,0,,10,5,2,0,,9,3,2,0,,8,8,8,2,0,,5,2,0,,8,5,10,10,10,10,8,11,11,6,8,3,5,5,5,momumento a juarez,El monumento a Benito Juárez,1,2,,,,2,-99,-99,-99,-99,-99,-99,-99,-99,-99,-99,-99,,-99,-99,-99,-99,-99,-99,-99,1,-99,-99,-99,,1,6,1,1,-99,-99,1,-99,-99,,2,,-99,-99,-99,-99,-99,-99,-99,,4,5,,2,,1,1,transito,nos hecharon la culpa de un accidente,2,4,8,4,6,8,2,2,2,2,3,,2,2,0,0,0,2,,61,4,8,6,1,1,,1,,ciudad moderna
5309,6,3,3,1,No hay ninguna persona en nivel basico,,3,No hay ninguna persona en educacion media,,3,8,,2,1,2,1,1,2,2,2,2,2,2,2,2,2,2,1,1,-99,-99,1,-99,-99,-99,,-99,4,,8,8,7,9,11,8,10,10,10,10,10,10,7,2,0,,6,5,2,0,,10,3,2,0,,10,10,9,2,0,,8,2,0,,9,8,8,7,7,9,9,11,11,5,8,4,4,4,4,la x,La X,1,2,,,,2,-99,-99,-99,-99,-99,-99,-99,-99,-99,-99,-99,,-99,-99,-99,-99,-99,-99,-99,1,-99,-99,-99,,2,,-99,-99,-99,-99,-99,-99,-99,,2,,-99,-99,-99,-99,-99,-99,-99,,4,5,,19,exeso decobro en losservicion,1,2,,,4,1,9,9,9,9,2,2,2,2,7,ninguno,2,2,0,0,0,2,,68,4,8,4,1,1,,1,,ciudad moderna
5309,6,2,4,2,,,0,,,0,,,0,1,1,1,1,2,2,2,2,2,2,2,2,2,2,2,1,-99,-99,1,-99,-99,-99,,-99,4,,8,8,7,8,9,9,10,10,10,10,10,9,7,2,0,,9,5,2,0,,10,3,2,0,,9,9,8,2,0,,3,2,0,,7,11,0,0,0,0,5,0,8,5,5,1,2,2,2,la entrada,Umbral del milenio,0,2,,,,2,-99,-99,-99,-99,-99,-99,-99,-99,-99,-99,-99,,-99,-99,-99,-99,-99,-99,-99,1,-99,-99,-99,,2,,-99,-99,-99,-99,-99,-99,-99,,2,,-99,-99,-99,-99,-99,-99,-99,,3,5,,2,,1,2,,,2,1,8,6,5,5,2,2,2,2,3,,2,2,0,0,0,1,,66,4,1,5,1,1,,1,,ciuda moderna
5309,6,4,1,2,,,0,,,0,,,0,1,2,1,1,2,2,2,2,2,2,2,2,2,2,1,1,-99,-99,-99,-99,-99,-99,,-99,1,,8,8,5,8,9,8,10,9,9,9,10,10,7,2,0,,10,5,2,0,,10,3,2,0,,6,6,6,2,0,,8,2,0,,8,10,9,9,9,9,10,11,8,6,2,3,1,1,1,monunto a juarez,El monumento a Benito Juárez,2,1,0,0,1,2,-99,-99,-99,-99,-99,-99,-99,-99,-99,-99,-99,,1,-99,-99,-99,-99,-99,-99,-99,1,-99,-99,,1,6,1,1,-99,1,1,-99,-99,,1,6,-99,-99,-99,-99,-99,-99,1,porque recorre un solo trayecto,4,5,,3,,1,2,,,3,1,6,4,6,9,2,2,2,2,5,,2,1,1,1,1,2,,70,4,8,2,1,1,,1,,cifad moderna
5309,6,3,3,2,,,0,,,0,,,0,1,1,1,1,2,1,2,2,2,2,2,2,2,2,2,1,-99,-99,-99,-99,-99,-99,,-99,1,,5,7,5,7,9,7,8,8,6,9,10,6,7,2,0,,4,5,2,0,,10,3,2,0,,5,6,5,2,0,,8,2,0,,7,7,10,10,10,3,6,8,5,8,0,4,4,4,4,la x,La X,0,2,,,,2,-99,-99,-99,-99,-99,-99,-99,-99,-99,-99,-99,,-99,-99,-99,-99,-99,-99,-99,1,-99,-99,-99,,2,,-99,-99,-99,-99,-99,-99,-99,,2,,-99,-99,-99,-99,-99,-99,-99,,4,5,,4,,4,2,,,3,1,8,4,7,5,1,1,2,1,2,,2,2,0,0,0,2,,47,3,4,5,1,1,,1,,moders
5309,6,3,2,1,10,,1,No hay ninguna persona en educacion media,,3,No hay ninguna persona en educacion superior,,3,1,1,1,1,2,1,1,1,1,1,2,2,2,2,1,-99,-99,-99,1,-99,-99,-99,,-99,4,,7,9,6,7,10,7,9,9,10,10,10,9,7,2,0,,10,5,2,0,,10,3,2,0,,7,7,8,2,0,,8,2,0,,7,8,9,9,9,8,7,8,7,7,4,4,4,4,4,la x,La X,0,2,,,,2,-99,-99,-99,-99,-99,-99,-99,-99,-99,-99,-99,,-99,-99,-99,-99,-99,1,-99,-99,-99,-99,-99,,1,6,-99,-99,-99,-99,-99,-99,-99,,1,8,-99,-99,-99,-99,-99,-99,-99,,4,5,,10,,1,2,,,3,9,5,2,6,7,2,1,2,1,5,,2,2,0,0,0,1,,48,3,1,2,1,1,,1,,moderna
5309,6,4,2,2,,,0,,,0,,,0,1,1,1,1,1,2,2,1,1,1,2,2,2,1,1,1,-99,-99,-99,-99,-99,-99,,-99,1,,8,7,5,9,9,8,6,10,10,10,10,10,7,2,0,,10,5,2,0,,10,3,2,0,,8,9,8,2,0,,7,2,0,,8,6,5,8,4,8,8,0,8,7,6,4,4,4,4,la x,La X,2,2,,,,1,-99,-99,-99,-99,-99,-99,-99,1,-99,-99,-99,,-99,-99,-99,-99,-99,-99,-99,1,-99,-99,-99,,2,,-99,-99,-99,-99,-99,-99,-99,,2,,-99,-99,-99,-99,-99,-99,-99,,4,7,,6,,1,2,,,3,9,7,7,8,8,2,2,2,2,2,,2,2,0,0,0,1,,18,1,1,7,1,1,,1,,moderna
5309,6,2,1,2,,,0,,,0,,,0,1,1,1,1,2,2,2,2,2,2,2,2,2,2,1,1,-99,-99,-99,-99,-99,-99,,-99,1,,6,8,8,6,9,5,10,7,9,10,8,8,7,2,0,,9,5,2,0,,9,3,2,0,,10,10,5,2,0,,9,2,0,,4,5,9,9,9,9,5,4,8,8,6,4,3,3,3,el parque,OTRO,1,2,,,,2,-99,-99,-99,-99,-99,-99,-99,-99,-99,-99,-99,,-99,-99,-99,-99,-99,1,-99,-99,-99,-99,-99,,2,,-99,-99,-99,-99,-99,-99,-99,,2,,-99,-99,-99,-99,-99,-99,-99,,4,6,,4,,1,2,,,3,3,5,7,6,9,1,1,1,1,1,,2,2,0,0,0,2,,63,4,8,6,1,1,,1,,moderna
5309,6,3,1,1,10,,1,No hay ninguna persona en educacion media,,3,No hay ninguna persona en educacion superior,,3,1,1,1,1,2,1,2,2,1,1,2,2,2,1,1,1,-99,-99,1,-99,-99,-99,,-99,4,,8,7,8,10,8,9,9,9,5,10,10,7,7,2,0,,10,5,2,0,,10,3,2,0,,6,5,6,2,0,,7,2,0,,8,9,8,8,8,8,5,6,8,9,8,4,4,4,2,la x,La X,1,1,2,0,0,1,-99,-99,-99,1,-99,-99,-99,-99,1,-99,-99,,1,-99,-99,-99,-99,-99,-99,1,1,-99,-99,,1,8,-99,-99,-99,-99,-99,-99,-99,,2,,-99,-99,-99,-99,-99,-99,-99,,4,5,,10,,2,2,,,3,9,8,2,4,4,2,1,2,2,1,,2,2,0,0,0,1,,29,1,2,4,1,1,,3,,moderna
5309,6,3,2,2,,,0,,,0,,,0,1,1,1,1,2,1,1,2,1,2,2,1,2,1,1,1,-99,-99,-99,-99,-99,-99,,-99,1,,10,10,10,8,11,10,8,8,8,8,10,10,7,2,0,,10,5,2,0,,10,3,2,0,,8,8,8,2,0,,7,2,0,,5,9,8,8,8,8,5,5,5,9,3,4,4,4,4,Chamizal,El Chamizal,1,2,,,,2,-99,-99,-99,-99,-99,-99,-99,-99,-99,-99,-99,,-99,-99,-99,-99,-99,-99,-99,1,-99,-99,-99,,2,,-99,-99,-99,-99,-99,-99,-99,,2,,-99,-99,-99,-99,-99,-99,-99,,4,2,,6,,1,2,,,3,9,5,7,6,5,1,1,1,1,5,,2,2,0,0,0,2,,64,4,8,4,1,1,,1,,moderna
5309,6,4,1,2,,,0,,,0,,,0,1,1,1,1,2,1,2,2,2,2,2,2,1,2,1,1,-99,-99,-99,-99,-99,-99,,-99,1,,5,7,8,4,8,9,10,9,10,10,10,10,7,2,0,,10,5,2,0,,9,3,2,0,,7,9,9,2,0,,7,2,0,,6,5,9,9,9,9,8,2,5,9,9,4,4,4,4,el centro,El centro,1,2,,,,2,-99,-99,-99,-99,-99,-99,-99,-99,-99,-99,-99,,-99,-99,-99,-99,-99,-99,-99,1,-99,-99,-99,,2,,-99,-99,-99,-99,-99,-99,-99,,2,,-99,-99,-99,-99,-99,-99,-99,,4,9,,6,,4,2,,,3,9,8,3,5,5,1,1,1,1,5,,2,2,0,0,0,2,,66,4,8,9,1,1,,1,,moderna
5309,6,4,2,2,,,0,,,0,,,0,1,1,1,1,2,1,2,2,2,2,2,2,2,2,1,-99,-99,-99,1,-99,-99,-99,,-99,4,,10,10,10,10,10,10,8,8,8,8,10,10,7,2,0,,10,4,2,0,,10,3,2,0,,8,8,10,2,0,,8,2,0,,8,10,10,10,10,8,8,0,10,9,7,2,2,2,2,la x,La X,0,2,,,,2,-99,-99,-99,-99,-99,-99,-99,-99,-99,-99,-99,,-99,-99,-99,-99,-99,1,-99,-99,1,-99,-99,,1,6,1,1,-99,-99,-99,-99,-99,,1,10,-99,-99,-99,-99,-99,-99,-99,,2,6,,7,,1,2,,,1,9,5,4,7,10,2,2,2,2,7,inseguridad,2,2,0,0,0,2,,30,2,4,4,1,1,,2,,ciudad moderna
5309,6,3,1,1,10,,1,No hay ninguna persona en educacion media,,3,No hay ninguna persona en educacion superior,,3,1,1,2,1,2,2,2,2,2,2,2,2,2,1,1,-99,-99,-99,-99,-99,1,-99,,-99,6,,,,,,,,10,10,10,10,10,10,7,2,0,,9,4,2,0,,10,3,2,0,,10,10,10,2,0,,8,2,0,,9,10,10,10,9,8,10,0,0,8,0,4,3,3,4,rl gardie,El Gardie,1,2,,,,2,-99,-99,-99,-99,-99,-99,-99,-99,-99,-99,-99,,-99,-99,-99,-99,-99,-99,-99,1,-99,-99,-99,,2,,-99,-99,-99,-99,-99,-99,-99,,2,,-99,-99,-99,-99,-99,-99,-99,,4,5,,15,,1,2,,,3,9,9,9,9,8,1,1,1,1,7,pavimento,2,2,0,0,0,2,,66,4,8,2,1,2,,2,,ciudad moderna
5309,6,4,2,2,,,0,,,0,,,0,1,2,1,1,2,2,2,2,1,2,2,2,2,2,1,1,-99,-99,-99,-99,-99,-99,,-99,1,,8,6,9,9,10,3,10,10,10,10,10,10,7,2,0,,10,5,2,0,,10,3,2,0,,10,10,10,2,0,,5,2,0,,4,10,10,10,10,4,10,0,0,9,0,4,5,5,5,el chamizal,El Chamizal,1,2,,,,2,-99,-99,-99,-99,-99,-99,-99,-99,-99,-99,-99,,-99,-99,-99,-99,-99,-99,-99,1,-99,-99,-99,,2,,-99,-99,-99,-99,-99,-99,-99,,2,,-99,-99,-99,-99,-99,-99,-99,,4,17,,5,,4,2,,,3,6,4,3,6,9,2,2,2,2,7,alumbrado,2,2,0,0,0,2,,60,4,8,4,1,1,,2,,ciudad mpderna
5309,6,3,2,2,,,0,,,0,,,0,1,1,1,1,2,2,2,2,2,2,2,2,2,2,1,1,-99,-99,-99,-99,-99,-99,,-99,1,,6,3,3,2,5,5,7,7,5,8,10,6,7,2,0,,6,3,1,1,7,7,3,2,0,,3,7,7,2,0,,3,2,0,,7,9,7,6,5,5,5,0,6,3,0,4,2,2,2,el Chamizal,El Chamizal,1,2,,,,1,1,-99,-99,-99,-99,-99,-99,1,1,-99,-99,,1,-99,-99,-99,-99,-99,-99,1,1,-99,-99,,1,5,1,1,1,1,1,1,-99,,2,,-99,-99,-99,-99,-99,-99,-99,,3,5,,19,sobrepoblacion,1,2,,,3,10,2,2,2,4,2,2,2,2,5,,2,2,0,0,0,1,,55,3,9,2,1,1,,2,,ciudad moderno
5309,6,2,3,2,,,0,,,0,,,0,1,2,1,1,2,2,2,2,2,2,2,2,2,2,2,1,-99,1,-99,-99,-99,-99,,-99,1,,7,7,7,5,8,10,10,8,10,10,9,10,7,2,0,,9,5,2,0,,9,3,2,0,,10,10,10,2,0,,7,2,0,,10,10,9,10,9,10,9,0,0,8,4,4,2,3,4,el parque central,El Parque Central,1,2,,,,2,-99,-99,-99,-99,-99,-99,-99,-99,-99,-99,-99,,-99,-99,-99,-99,-99,-99,-99,1,-99,-99,-99,,2,,-99,-99,-99,-99,-99,-99,-99,,2,,-99,-99,-99,-99,-99,-99,-99,,4,5,,4,,1,2,,,3,9,4,3,8,8,1,1,1,1,5,,2,2,0,0,0,2,,62,4,8,4,1,3,mes,3,,ciudad mpderna
5309,6,3,2,2,,,0,,,0,,,0,1,1,1,2,2,1,2,2,2,2,2,2,2,2,1,1,-99,-99,-99,-99,-99,-99,,-99,1,,9,8,8,8,8,8,10,10,7,10,10,9,7,2,0,,10,4,2,0,,10,3,2,0,,8,8,8,2,0,,8,2,0,,9,9,7,7,7,5,9,8,9,7,8,4,5,5,4,la x,La X,0,2,,,,2,-99,-99,-99,-99,-99,-99,-99,-99,-99,-99,-99,,-99,-99,-99,-99,-99,1,-99,-99,-99,-99,-99,,1,7,-99,-99,-99,-99,-99,-99,-99,,2,,-99,-99,-99,-99,-99,-99,-99,,4,5,,9,,1,2,,,3,1,8,5,6,8,2,2,2,2,5,,2,2,0,0,0,2,,53,3,4,4,1,1,,1,,ciudad moderna
5309,6,3,2,2,,,0,,,0,,,0,1,1,1,1,2,2,2,2,1,2,2,2,2,2,1,1,-99,-99,-99,-99,-99,-99,,-99,1,,9,9,8,7,10,8,10,10,10,10,10,10,7,2,0,,9,3,2,0,,10,3,2,0,,8,10,7,2,0,,5,2,0,,5,6,8,5,5,2,8,5,6,10,6,4,4,4,5,catedral,La Catedral,1,1,1,1,0,2,-99,-99,-99,-99,-99,-99,-99,-99,-99,-99,-99,,1,-99,-99,-99,-99,-99,-99,1,-99,-99,-99,,2,,-99,-99,-99,-99,-99,-99,-99,,2,,-99,-99,-99,-99,-99,-99,-99,,4,16,,15,,1,2,,,1,1,5,6,5,10,2,2,2,2,3,,2,2,0,0,0,2,,70,4,8,5,1,1,,1,,ciudad moderna
5309,6,3,1,1,8,,1,8,,1,8,,1,1,2,1,1,2,2,2,2,2,2,2,2,2,2,2,1,-99,-99,-99,-99,-99,-99,,-99,1,,9,7,8,5,9,9,10,10,9,10,9,9,7,2,0,,9,4,2,0,,10,3,2,0,,8,7,9,2,0,,5,2,0,,9,9,9,8,9,7,9,1,7,9,8,4,1,2,1,la x,La X,2,2,,,,2,-99,-99,-99,-99,-99,-99,-99,-99,-99,-99,-99,,-99,-99,-99,-99,-99,-99,-99,1,-99,-99,-99,,2,,-99,-99,-99,-99,-99,-99,-99,,2,,-99,-99,-99,-99,-99,-99,-99,,2,5,,2,,1,2,,,2,9,9,7,8,8,2,2,2,2,2,,2,2,0,0,0,2,,28,1,1,4,1,3,,3,,ciudad moderna
5309,6,2,3,2,,,0,,,0,,,0,1,1,1,1,2,2,2,2,2,1,2,2,2,2,2,1,-99,-99,-99,-99,-99,-99,,-99,1,,4,5,4,7,6,8,10,8,8,9,10,6,7,2,0,,10,4,2,0,,10,3,2,0,,7,8,6,2,0,,5,2,0,,8,10,10,10,10,7,10,8,8,8,5,1,4,3,3,la x,La X,1,2,,,,1,1,-99,-99,-99,-99,-99,-99,-99,1,-99,-99,,1,-99,-99,-99,-99,-99,-99,-99,1,-99,-99,,1,6,1,-99,-99,1,-99,-99,-99,,2,,-99,-99,-99,-99,-99,-99,-99,,3,5,,2,,1,2,,,2,4,10,6,5,8,2,2,2,2,1,,2,2,0,0,0,2,,60,4,9,4,1,2,,2,,ciudad moderna
5309,6,3,2,2,,,0,,,0,,,0,1,1,1,1,2,1,2,2,2,2,2,1,2,2,1,1,-99,-99,-99,-99,-99,-99,,-99,1,,5,5,6,4,10,7,10,10,10,10,6,6,7,2,0,,7,3,2,0,,10,3,2,0,,2,2,3,2,0,,2,2,0,,5,8,6,6,3,2,8,8,8,3,5,2,4,2,1,monumento a juan gabriel,El monumento a Benito Juárez,1,2,,,,2,-99,-99,-99,-99,-99,-99,-99,-99,-99,-99,-99,,-99,-99,-99,-99,-99,-99,-99,1,-99,-99,-99,,1,3,1,-99,-99,-99,-99,-99,-99,,2,,-99,-99,-99,-99,-99,-99,-99,,4,5,,6,,1,2,,,2,9,6,5,3,9,1,1,1,1,6,,2,2,0,0,0,1,,61,4,8,7,1,1,,3,,Ciudad moderna
5309,6,4,2,2,,,0,,,0,,,0,1,1,1,1,2,2,2,2,2,2,2,1,2,2,1,1,-99,-99,-99,-99,-99,-99,,-99,1,,10,10,10,9,10,10,10,10,10,10,10,10,7,2,0,,10,4,2,0,,10,3,2,0,,8,10,10,2,0,,5,2,0,,10,9,8,8,9,8,10,9,9,8,5,4,5,5,5,la x,La X,1,1,0,1,0,1,-99,-99,-99,1,-99,-99,-99,1,-99,-99,-99,,-99,-99,-99,-99,-99,-99,-99,1,-99,-99,-99,,2,,-99,-99,-99,-99,-99,-99,-99,,2,,-99,-99,-99,-99,-99,-99,-99,,4,5,,9,,1,2,,,3,9,10,10,9,10,1,1,2,1,2,,2,2,0,0,0,2,,54,3,2,6,1,2,,3,,ciudad moderna
4616,2,4,1,2,,,0,,,0,,,0,1,2,1,1,2,1,2,2,2,2,2,2,2,2,1,1,-99,-99,-99,-99,-99,-99,,-99,1,,5,8,8,8,8,3,10,10,10,10,9,10,6,2,0,,10,5,2,0,,8,4,2,0,,6,6,6,2,0,,1,2,0,,2,11,0,0,0,0,0,1,10,1,0,4,5,5,5,la casadejuangabriel,La casa de Juan Gabriel,2,2,,,,1,-99,-99,-99,-99,-99,-99,-99,1,-99,-99,-99,,-99,-99,-99,-99,-99,-99,-99,1,-99,-99,-99,,2,,-99,-99,-99,-99,-99,-99,-99,,2,,-99,-99,-99,-99,-99,-99,-99,,4,15,,18,,1,2,,,4,9,5,6,5,9,2,1,1,2,7,paviento,2,2,0,0,0,2,,55,3,9,2,1,3,,3,,ortega
4616,2,2,3,2,,,0,,,0,,,0,1,2,2,1,2,2,2,2,2,2,2,2,2,2,1,1,-99,1,-99,-99,-99,-99,,-99,1,,3,5,5,5,10,3,10,8,9,10,10,10,7,2,0,,10,5,2,0,,10,3,2,0,,9,10,8,2,0,,1,2,0,,10,10,10,9,9,8,3,0,9,0,0,4,5,5,5,la x,La X,2,2,,,,2,-99,-99,-99,-99,-99,-99,-99,-99,-99,-99,-99,,-99,-99,-99,-99,-99,-99,-99,1,-99,-99,-99,,2,,-99,-99,-99,-99,-99,-99,-99,,2,,-99,-99,-99,-99,-99,-99,-99,,4,15,,5,,4,2,,,3,10,4,3,3,9,2,2,2,2,7,pavimemto,2,2,0,0,0,2,,72,4,8,3,1,1,,1,,ortega
4616,2,2,3,2,,,0,,,0,,,0,1,1,1,1,2,2,2,2,2,2,2,2,2,2,1,-99,-99,-99,1,-99,-99,-99,,-99,4,,7,8,8,8,8,9,10,10,10,10,10,8,7,2,0,,8,5,2,0,,9,3,2,0,,8,6,8,2,0,,1,2,0,,7,9,4,5,5,4,5,0,9,6,2,4,3,2,1,monumento q Juárez,El monumento a Benito Juárez,0,2,,,,2,-99,-99,-99,-99,-99,-99,-99,-99,-99,-99,-99,,1,-99,-99,-99,-99,-99,-99,-99,-99,-99,-99,,2,,-99,-99,-99,-99,-99,-99,-99,,2,,-99,-99,-99,-99,-99,-99,-99,,4,4,,6,,1,2,,,3,9,7,3,4,10,2,1,2,1,5,,2,2,0,0,0,1,,63,4,1,1,1,1,,1,,toribio ortega
4616,2,3,3,2,,,0,,,0,,,0,1,2,2,1,2,2,2,2,2,2,2,2,2,2,1,-99,-99,-99,1,-99,-99,-99,,-99,4,,8,9,4,7,8,8,9,8,8,9,4,6,7,2,0,,7,5,2,0,,10,3,2,0,,7,7,5,2,0,,7,2,0,,7,6,8,8,8,8,11,11,6,2,11,4,4,4,4,benito Juárez,El monumento a Benito Juárez,1,2,,,,1,-99,-99,-99,-99,-99,-99,-99,1,1,-99,-99,,-99,-99,-99,-99,-99,-99,-99,1,1,-99,-99,,1,8,-99,-99,-99,-99,-99,-99,-99,,2,,-99,-99,-99,-99,-99,-99,-99,,4,5,,4,,1,2,,,3,10,5,5,5,9,2,1,1,2,6,,2,2,0,0,0,1,,75,4,1,2,1,1,,1,,toribio ortega
4616,2,3,2,2,,,0,,,0,,,0,2,2,2,2,2,1,2,2,2,2,2,2,2,2,2,-99,-99,-99,-99,-99,1,-99,,-99,6,,,,,,,,10,10,5,10,9,10,7,2,0,,8,5,2,0,,10,2,2,0,,10,8,10,2,0,,5,2,0,,9,3,7,6,3,5,8,7,8,6,6,4,3,2,4,la x,La X,2,1,0,2,0,2,-99,-99,-99,-99,-99,-99,-99,-99,-99,-99,-99,,-99,-99,-99,-99,-99,-99,-99,1,-99,-99,-99,,2,,-99,-99,-99,-99,-99,-99,-99,,2,,-99,-99,-99,-99,-99,-99,-99,,4,5,,7,,1,2,,,1,2,5,5,9,9,2,1,2,1,1,,2,2,0,0,0,1,,39,2,1,4,1,1,,1,,toribio Ortega
4616,2,3,2,2,,,0,,,0,,,0,2,1,2,2,2,2,2,2,2,2,2,2,2,2,2,1,-99,-99,-99,-99,-99,-99,,-99,1,,8,7,9,8,7,9,10,7,7,9,8,8,7,2,0,,10,5,2,0,,10,3,2,0,,8,9,8,2,0,,5,2,0,,9,3,5,5,7,5,7,5,8,4,2,4,3,2,4,catedral,La Catedral,1,2,,,,2,-99,-99,-99,-99,-99,-99,-99,-99,-99,-99,-99,,-99,-99,-99,-99,-99,-99,-99,1,-99,-99,-99,,2,,-99,-99,-99,-99,-99,-99,-99,,2,,-99,-99,-99,-99,-99,-99,-99,,4,2,,7,,1,2,,,3,2,4,5,5,9,2,2,2,2,2,,2,2,0,0,0,1,,70,4,8,3,1,2,,2,,Toribio ortega
4616,2,2,3,2,,,0,,,0,,,0,1,2,1,1,2,2,2,2,1,2,2,2,2,2,1,1,-99,-99,-99,-99,-99,-99,,-99,1,,5,5,5,6,8,9,10,10,10,10,6,8,7,2,0,,10,3,2,0,,10,3,2,0,,5,8,7,2,0,,6,1,2,3,6,7,8,8,8,6,10,5,7,7,7,4,5,5,5,san Lorenzo,San Lorenzo,1,2,,,,2,-99,-99,-99,-99,-99,-99,-99,-99,-99,-99,-99,,-99,-99,-99,-99,1,-99,-99,1,-99,-99,-99,,2,,-99,-99,-99,-99,-99,-99,-99,,2,,-99,-99,-99,-99,-99,-99,-99,,4,5,,9,,1,2,,,3,4,6,6,5,5,2,2,2,2,5,,2,2,0,0,0,1,,62,4,1,2,1,19,,1,,toribio ortega
4616,2,2,3,2,,,0,,,0,,,0,1,1,1,1,2,2,2,2,2,2,2,2,2,2,1,1,-99,-99,-99,-99,-99,-99,,-99,1,,5,5,1,5,7,10,10,7,7,10,10,10,7,2,0,,8,4,1,1,9,6,3,2,0,,7,9,8,2,0,,7,2,0,,8,2,5,8,8,5,8,8,8,9,8,2,3,3,2,parque central,El Parque Central,1,1,2,1,1,1,-99,-99,-99,1,-99,-99,-99,-99,1,-99,-99,,-99,-99,-99,-99,1,1,-99,-99,1,-99,-99,,1,6,-99,-99,-99,-99,1,-99,-99,,2,,-99,-99,-99,-99,-99,-99,-99,,3,2,,5,,3,2,,,3,9,5,2,1,5,2,2,2,1,2,,2,2,0,0,0,2,,32,2,2,4,1,1,,1,,toribio oortega
4616,2,3,4,2,,,0,,,0,,,0,1,1,1,1,2,2,2,2,2,2,2,2,2,1,2,-99,-99,-99,-99,-99,1,-99,,-99,6,,,,,,,,8,9,10,9,10,10,7,2,0,,9,4,2,0,,10,3,2,0,,10,10,9,2,0,,10,2,0,,7,10,8,10,10,9,9,11,10,7,9,4,5,5,5,bento juarez del km 20,Benito Juárez de la Glorieta,0,2,,,,1,1,-99,-99,-99,-99,-99,-99,-99,1,-99,-99,,-99,-99,-99,-99,-99,-99,-99,-99,1,-99,-99,,1,5,1,1,-99,-99,1,-99,-99,,2,,-99,-99,-99,-99,-99,-99,-99,,4,5,,7,,1,2,,,3,6,8,9,9,10,2,1,2,1,5,,2,2,0,0,0,2,,61,4,9,2,1,1,,1,,toribio ortega
4616,2,1,4,2,,,0,,,0,,,0,1,2,1,1,2,2,2,2,2,2,2,2,2,2,2,1,-99,-99,-99,-99,-99,-99,,1,1,,5,5,8,10,10,10,8,5,5,7,5,7,7,2,0,,5,5,1,1,5,10,3,2,0,,8,8,8,2,0,,5,2,0,,5,11,0,0,0,0,5,0,11,0,0,4,5,5,5,lax,La X,1,1,0,0,2,2,-99,-99,-99,-99,-99,-99,-99,-99,-99,-99,-99,,-99,-99,-99,-99,-99,-99,-99,-99,1,-99,-99,,1,3,1,1,-99,-99,1,-99,-99,,1,10,-99,-99,-99,-99,-99,-99,-99,,4,5,,19,migracion exesiva,1,2,,,4,3,5,5,2,5,2,2,2,2,6,,2,1,2,2,2,2,,47,3,4,7,1,1,,1,,totibio ortega
3270,2,4,3,2,,,0,,,0,,,0,2,2,1,2,2,2,2,2,2,2,2,2,2,2,2,1,-99,-99,-99,-99,-99,-99,,-99,1,,5,8,5,9,9,6,10,5,5,10,10,10,7,2,0,,5,4,2,0,,1,3,2,0,,9,8,5,2,0,,5,2,0,,8,3,6,5,4,5,9,6,8,9,2,4,2,3,3,ls x,La X,1,2,,,,1,-99,-99,-99,1,-99,-99,-99,1,-99,-99,-99,,1,-99,-99,-99,-99,-99,-99,1,-99,-99,-99,,2,,-99,-99,-99,-99,-99,-99,-99,,2,,-99,-99,-99,-99,-99,-99,-99,,4,6,,2,,1,2,,,3,2,4,5,6,9,2,2,2,1,2,,2,2,0,0,0,2,,40,2,2,8,1,1,,1,,el marmol
3270,2,2,3,1,8,,1,No hay ninguna persona en educacion media,,3,No hay ninguna persona en educacion superior,,3,2,2,2,2,2,1,2,2,2,2,2,2,2,2,2,1,-99,-99,-99,-99,-99,-99,,-99,1,,9,9,8,6,7,8,10,9,9,9,9,9,7,2,0,,9,5,2,0,,9,2,2,0,,9,9,9,2,0,,5,2,0,,8,3,5,8,4,8,9,6,8,8,4,4,3,4,4,la x,La X,0,2,,,,2,-99,-99,-99,-99,-99,-99,-99,-99,-99,-99,-99,,-99,-99,-99,-99,-99,-99,-99,-99,-99,-99,1,SE RESERVA,2,,-99,-99,-99,-99,-99,-99,-99,,2,,-99,-99,-99,-99,-99,-99,-99,,4,5,,2,,1,2,,,3,2,4,4,8,7,2,1,2,2,2,,2,2,0,0,0,1,,52,3,1,4,1,1,,1,,el marmol
3270,2,3,2,2,,,0,,,0,,,0,2,2,2,1,2,2,2,2,2,2,2,2,2,2,2,1,-99,-99,-99,-99,-99,-99,,-99,1,,8,6,8,5,8,6,8,9,9,8,10,10,7,2,0,,10,5,2,0,,9,3,2,0,,10,9,8,2,0,,9,2,0,,9,4,7,8,4,7,10,6,8,5,2,4,3,2,2,catedral,La Catedral,1,2,,,,2,-99,-99,-99,-99,-99,-99,-99,-99,-99,-99,-99,,-99,-99,-99,-99,-99,-99,-99,1,-99,-99,-99,,2,,-99,-99,-99,-99,-99,-99,-99,,2,,-99,-99,-99,-99,-99,-99,-99,,4,2,,7,,1,2,,,3,2,7,5,6,9,2,1,2,2,2,,2,2,0,0,0,1,,45,3,1,4,1,1,,1,,marmol
3270,2,4,2,2,,,0,,,0,,,0,1,2,2,1,1,2,2,2,2,2,2,2,2,2,1,1,-99,-99,-99,-99,-99,-99,,-99,1,,7,6,3,1,8,9,10,7,8,10,7,8,7,2,0,,6,3,1,2,2,10,3,2,0,,8,8,8,2,0,,1,2,0,,7,10,9,10,7,4,8,0,9,8,0,4,5,5,5,la x,La X,0,2,,,,1,-99,-99,-99,1,-99,-99,-99,-99,1,1,-99,,-99,-99,-99,-99,-99,1,-99,-99,1,1,-99,,1,7,-99,-99,-99,-99,-99,-99,-99,,1,8,-99,-99,-99,-99,-99,-99,-99,,4,5,,10,,1,2,,,3,2,8,5,3,5,1,1,1,1,7,pavimento,2,2,0,0,0,2,,42,2,2,4,1,1,,2,,safari
3270,2,2,3,1,8,,1,8,,1,No hay ninguna persona en educacion superior,,3,1,1,1,2,2,2,2,2,2,2,2,2,2,2,1,-99,-99,-99,1,-99,-99,-99,,-99,4,,7,9,6,6,6,10,8,7,7,10,9,10,7,2,0,,7,4,1,2,1,10,3,2,0,,7,6,7,2,0,,2,2,0,,5,10,9,9,6,5,10,0,0,9,0,3,1,3,4,la x,La X,1,2,,,,1,-99,-99,-99,-99,-99,-99,-99,1,-99,-99,-99,,-99,-99,-99,-99,-99,-99,-99,1,-99,-99,-99,,2,,-99,-99,-99,-99,-99,-99,-99,,2,,-99,-99,-99,-99,-99,-99,-99,,1,5,,9,,1,2,,,1,10,8,2,4,9,2,2,1,1,2,,2,2,0,0,0,2,,40,2,9,8,1,1,,2,,safari
3270,2,1,2,1,8,,1,No hay ninguna persona en educacion media,,3,No hay ninguna persona en educacion superior,,3,1,1,1,1,2,1,2,2,2,1,1,2,2,2,1,-99,-99,-99,1,-99,-99,-99,,-99,4,,9,8,5,10,8,9,10,10,8,10,1,3,7,2,0,,2,4,1,1,3,10,3,2,0,,4,4,4,2,0,,1,2,0,,4,10,6,6,6,2,6,0,6,5,0,2,3,3,4,la x,La X,2,2,,,,1,-99,-99,-99,-99,-99,-99,-99,1,-99,-99,-99,,-99,-99,-99,-99,-99,-99,-99,1,-99,-99,-99,,2,,-99,-99,-99,-99,-99,-99,-99,,2,,-99,-99,-99,-99,-99,-99,-99,,2,5,,15,,1,2,,,3,9,1,2,1,2,2,1,1,1,7,perros callejeros,2,2,0,0,0,2,,46,3,9,4,1,1,,2,,safari
3270,2,2,2,2,,,0,,,0,,,0,1,2,1,1,2,1,2,2,1,2,2,2,2,2,1,1,-99,-99,-99,-99,-99,-99,,-99,1,,8,7,7,5,5,9,8,8,8,9,8,10,7,2,0,,9,5,2,0,,10,3,2,0,,2,4,4,2,0,,3,2,0,,4,5,2,2,2,2,2,2,6,7,2,1,4,4,4,la x,La X,1,2,,,,2,-99,-99,-99,-99,-99,-99,-99,-99,-99,-99,-99,,1,-99,-99,-99,-99,-99,-99,-99,-99,-99,-99,,2,,-99,-99,-99,-99,-99,-99,-99,,2,,-99,-99,-99,-99,-99,-99,-99,,4,5,,2,,1,2,,,2,11,3,2,5,9,2,1,2,1,5,,2,2,0,0,0,1,,40,2,1,4,1,1,,1,,fracc mamol
3270,2,2,3,1,5,,1,No hay ninguna persona en educacion media,,3,No hay ninguna persona en educacion superior,,3,1,1,1,1,2,1,2,2,2,1,2,2,2,2,2,1,-99,-99,-99,-99,-99,-99,,-99,1,,7,7,7,4,5,8,10,10,5,10,9,6,7,2,0,,9,4,2,0,,10,2,2,0,,5,5,5,2,0,,5,2,0,,2,6,2,4,2,4,2,1,4,5,5,4,4,4,2,la x,La X,1,2,,,,1,-99,-99,-99,-99,-99,-99,-99,1,-99,-99,-99,,-99,-99,-99,-99,-99,-99,-99,1,-99,-99,-99,,2,,-99,-99,-99,-99,-99,-99,-99,,2,,-99,-99,-99,-99,-99,-99,-99,,4,4,,9,,1,2,,,3,1,3,2,4,6,1,1,1,1,5,,2,2,0,0,0,2,,40,2,2,4,1,1,,1,,mármol
3270,2,3,2,2,,,0,,,0,,,0,1,2,1,1,2,2,2,2,1,2,2,2,2,2,2,-99,-99,-99,1,-99,-99,-99,,-99,4,,7,8,8,7,9,6,8,8,9,9,10,9,7,2,0,,7,5,2,0,,9,3,2,0,,8,8,6,2,0,,4,2,0,,5,4,8,6,8,7,7,4,4,6,6,4,4,3,3,catedral,La Catedral,1,2,,,,2,-99,-99,-99,-99,-99,-99,-99,-99,-99,-99,-99,,-99,-99,-99,-99,-99,-99,-99,1,-99,-99,-99,,2,,-99,-99,-99,-99,-99,-99,-99,,2,,-99,-99,-99,-99,-99,-99,-99,,4,7,,4,,1,2,,,3,9,5,4,7,8,2,2,2,2,5,,2,2,0,0,0,2,,57,3,4,2,1,1,,1,,marmol
3270,2,1,3,2,,,0,,,0,,,0,1,1,1,1,2,1,1,1,2,2,2,1,2,2,2,-99,-99,-99,-99,1,-99,-99,,-99,5,,9,9,8,10,10,8,10,9,10,10,10,10,7,2,0,,10,4,2,0,,10,3,2,0,,1,3,4,2,0,,1,2,0,,8,5,5,5,6,6,6,5,8,3,2,1,5,5,2,la x,La X,1,2,,,,2,-99,-99,-99,-99,-99,-99,-99,-99,-99,-99,-99,,-99,-99,-99,-99,-99,-99,-99,1,-99,-99,-99,,2,,-99,-99,-99,-99,-99,-99,-99,,2,,-99,-99,-99,-99,-99,-99,-99,,4,5,,9,,2,2,,,3,9,8,3,3,8,1,1,2,1,6,,2,2,0,0,0,1,,37,2,4,8,2,19,,19,,zafari
3270,2,3,2,2,,,0,,,0,,,0,1,1,1,1,2,2,2,2,2,2,2,2,2,2,2,1,-99,-99,-99,-99,-99,-99,,-99,1,,8,7,5,5,8,8,8,8,8,8,8,6,7,2,0,,8,5,2,0,,10,3,2,0,,8,5,8,2,0,,8,2,0,,8,8,8,8,6,5,7,7,7,7,8,4,3,3,2,parque central,El Parque Central,0,2,,,,1,-99,-99,-99,1,-99,-99,-99,-99,-99,-99,-99,,-99,-99,-99,-99,-99,1,-99,-99,-99,-99,-99,,2,,-99,-99,-99,-99,-99,-99,-99,,2,,-99,-99,-99,-99,-99,-99,-99,,2,5,,16,,1,2,,,2,8,7,8,8,8,2,1,1,2,5,,2,2,0,0,0,2,,51,3,2,4,1,1,,2,,zafari
3270,2,3,3,1,7,,1,8,,1,8,,1,1,1,1,1,2,2,2,2,2,2,2,2,2,2,2,1,-99,-99,-99,-99,-99,-99,,-99,1,,6,7,3,3,7,4,7,7,7,8,10,9,7,1,1,8,5,4,2,0,,10,3,2,0,,5,6,5,2,0,,5,2,0,,6,3,3,3,1,2,4,2,3,3,3,2,2,2,2,los indomables,Monumento a los Indomables,2,1,1,0,0,2,-99,-99,-99,-99,-99,-99,-99,-99,-99,-99,-99,,-99,-99,-99,-99,-99,-99,-99,1,-99,-99,-99,,2,,-99,-99,-99,-99,-99,-99,-99,,2,,-99,-99,-99,-99,-99,-99,-99,,2,4,,9,,1,1,imms,no atienden emergencia,2,7,7,5,3,5,2,1,2,2,2,,2,2,0,0,0,2,,31,2,1,8,1,3,,3,,del zafari
3270,2,2,4,2,,,0,,,0,,,0,1,1,1,1,2,2,2,2,2,2,2,2,2,1,1,-99,-99,-99,1,-99,-99,-99,,-99,4,,10,10,10,10,10,10,10,10,10,10,9,5,7,2,0,,6,2,1,1,8,9,3,2,0,,9,9,8,2,0,,8,2,0,,8,11,0,0,0,0,8,11,11,8,0,4,5,5,5,la x,La X,0,2,,,,2,-99,-99,-99,-99,-99,-99,-99,-99,-99,-99,-99,,1,-99,-99,-99,-99,-99,-99,-99,-99,-99,-99,,1,7,-99,-99,-99,-99,-99,-99,-99,,2,,-99,-99,-99,-99,-99,-99,-99,,4,5,,9,,1,2,,,3,2,8,9,7,9,1,1,1,1,3,,1,0,1,1,1,1,,21,1,4,5,1,1,,1,,marmol
3270,2,1,4,2,,,0,,,0,,,0,1,1,2,1,2,2,2,2,2,2,2,2,2,2,1,-99,-99,-99,-99,1,-99,-99,,1,5,,8,8,9,8,10,10,10,8,10,10,10,6,7,2,0,,4,1,1,1,3,10,3,2,0,,8,8,8,2,0,,8,2,0,,8,6,7,7,5,1,6,11,11,4,0,4,5,5,5,el chamizal,El Chamizal,1,2,,,,1,-99,-99,-99,-99,-99,-99,-99,1,1,-99,-99,,-99,-99,-99,-99,-99,-99,-99,1,1,-99,-99,,1,2,1,1,-99,1,1,-99,-99,,2,,-99,-99,-99,-99,-99,-99,-99,,4,15,,3,,1,2,,,3,1,5,3,5,6,2,1,2,2,5,,2,2,0,0,0,1,,70,4,9,3,1,1,,1,,marmol 4
3270,2,3,3,1,10,,1,No hay ninguna persona en educacion media,,3,No hay ninguna persona en educacion superior,,3,1,1,1,1,2,2,2,2,2,2,2,2,2,2,2,1,-99,-99,1,-99,-99,-99,,-99,4,,9,9,9,9,7,10,10,10,10,10,10,10,7,2,0,,7,3,1,1,5,10,3,2,0,,6,9,8,2,0,,1,1,2,1,9,11,0,0,0,0,7,0,9,8,0,4,5,5,5,la x,La X,3,1,1,0,0,2,-99,-99,-99,-99,-99,-99,-99,-99,-99,-99,-99,,-99,-99,-99,-99,-99,-99,-99,1,-99,-99,-99,,2,,-99,-99,-99,-99,-99,-99,-99,,2,,-99,-99,-99,-99,-99,-99,-99,,3,5,,15,,1,2,,,3,2,2,5,1,6,2,1,1,2,1,,2,1,5,5,5,2,,30,2,2,4,1,2,,2,,marmol
7095,2,2,3,2,,,0,,,0,,,0,1,2,1,2,2,2,2,2,2,1,2,2,2,2,1,-99,-99,1,-99,-99,-99,-99,,-99,3,,10,10,9,3,10,2,10,6,10,10,10,10,7,2,0,,10,3,2,0,,10,2,2,0,,10,1,6,2,0,,2,2,0,,10,10,8,8,5,3,8,0,3,7,0,4,3,3,3,la x,La X,2,2,,,,1,-99,-99,-99,1,-99,-99,-99,-99,-99,-99,-99,,-99,-99,-99,-99,-99,-99,-99,1,-99,-99,-99,,2,,-99,-99,-99,-99,-99,-99,-99,,2,,-99,-99,-99,-99,-99,-99,-99,,2,5,,15,,1,2,,,3,2,3,4,5,3,2,2,2,1,7,alumbrado,2,2,0,0,0,2,,54,3,2,3,1,1,,2,,de la huerta 1
7095,2,1,3,1,No hay ninguna persona en nivel basico,,3,No hay ninguna persona en educacion media,,3,10,,2,1,1,1,2,2,2,2,2,1,1,1,1,2,2,2,1,-99,-99,-99,-99,-99,-99,,-99,1,,9,8,6,6,7,8,10,7,10,10,10,10,7,2,0,,7,3,1,1,6,10,2,2,0,,7,7,7,2,0,,8,2,0,,7,10,10,7,8,3,8,0,0,9,0,4,5,5,5,la tesidencia,La Presidencia,2,2,,,,2,-99,-99,-99,-99,-99,-99,-99,-99,-99,-99,-99,,-99,-99,-99,-99,-99,-99,-99,1,-99,-99,-99,,2,,-99,-99,-99,-99,-99,-99,-99,,2,,-99,-99,-99,-99,-99,-99,-99,,4,5,,15,,1,2,,,5,8,8,7,4,8,1,1,1,1,5,,2,2,0,0,0,1,,55,3,1,4,1,1,,2,,las huertas
7095,2,4,1,2,,,0,,,0,,,0,1,2,2,1,2,2,2,2,1,2,2,2,2,2,1,-99,-99,1,-99,-99,-99,-99,,-99,3,,2,3,4,3,4,4,10,9,10,10,5,5,7,2,0,,8,3,2,0,,10,3,2,0,,8,7,7,2,0,,5,2,0,,4,10,10,8,1,5,8,0,9,8,0,4,5,5,5,central,El Parque Central,1,2,,,,1,-99,-99,-99,-99,-99,-99,-99,1,1,-99,-99,,-99,-99,-99,-99,-99,-99,-99,1,1,-99,-99,,1,3,-99,-99,-99,1,1,-99,-99,,2,,-99,-99,-99,-99,-99,-99,-99,,4,15,,5,,2,2,,,3,9,7,2,4,4,2,1,1,2,5,,2,2,0,0,0,1,,64,4,2,4,1,1,,1,,las huertas
7095,2,1,4,2,,,0,,,0,,,0,1,2,2,2,2,2,2,2,2,2,2,2,2,2,2,-99,-99,-99,1,-99,-99,-99,,-99,4,,6,9,6,9,9,10,8,8,9,8,9,10,7,2,0,,10,5,2,0,,10,3,2,0,,8,8,8,2,0,,6,2,0,,6,10,8,6,6,6,6,0,0,6,0,3,2,2,2,la x,La X,0,2,,,,2,-99,-99,-99,-99,-99,-99,-99,-99,-99,-99,-99,,1,-99,-99,-99,-99,-99,-99,-99,1,-99,-99,,1,6,1,1,1,1,1,1,-99,,2,,-99,-99,-99,-99,-99,-99,-99,,2,18,,15,,4,2,,,3,10,8,2,8,8,2,2,2,1,7,pavimnto,2,2,0,0,0,2,,55,3,4,4,1,1,,1,,las huertas
7095,2,1,2,1,No hay ninguna persona en nivel basico,,3,No hay ninguna persona en educacion media,,3,9,,1,1,1,1,1,1,1,2,2,2,2,2,1,1,1,1,1,-99,-99,-99,-99,-99,-99,,-99,1,,8,9,5,7,7,8,10,10,9,8,8,9,7,2,0,,9,4,2,0,,10,3,2,0,,9,5,5,2,0,,2,2,0,,5,10,7,7,7,7,1,0,0,5,0,2,3,3,3,la x,La X,1,2,,,,1,-99,-99,-99,-99,-99,-99,-99,1,-99,-99,-99,,-99,-99,-99,-99,-99,-99,-99,1,-99,-99,-99,,2,,-99,-99,-99,-99,-99,-99,-99,,2,,-99,-99,-99,-99,-99,-99,-99,,3,15,,1,,4,2,,,3,9,9,9,4,6,2,2,2,2,7,las calles,2,2,0,0,0,2,,28,1,9,8,1,1,,2,,las huerta
7095,2,2,2,1,6,,1,No hay ninguna persona en educacion media,,3,No hay ninguna persona en educacion superior,,3,1,1,1,1,2,1,2,2,2,2,2,2,2,2,1,-99,-99,-99,-99,-99,-99,1,ICHISAL,-99,7,ICHISAL,10,10,10,10,10,10,10,10,10,10,5,9,3,2,0,,9,2,1,1,10,10,3,2,0,,10,10,9,2,0,,2,2,0,,5,1,9,8,9,9,9,0,9,8,3,2,4,3,1,la x,La X,1,1,2,0,0,1,-99,-99,-99,-99,-99,-99,-99,1,-99,-99,-99,,-99,-99,-99,-99,-99,-99,-99,1,-99,-99,-99,,2,,-99,-99,-99,-99,-99,-99,-99,,2,,-99,-99,-99,-99,-99,-99,-99,,4,5,,15,,1,2,,,3,3,8,3,4,4,1,1,1,1,7,todos los anteriores,2,2,0,0,0,1,,47,3,3,11,1,2,,2,,huertas
7095,2,3,1,1,8,,1,No hay ninguna persona en educacion media,,3,No hay ninguna persona en educacion superior,,3,1,2,1,2,2,1,2,2,2,2,2,2,2,2,2,-99,1,-99,-99,1,-99,-99,,-99,5,,9,9,8,9,9,9,8,8,6,8,8,6,7,2,0,,7,3,2,0,,6,2,2,0,,6,6,6,2,0,,6,2,0,,6,6,5,5,5,5,5,6,5,5,5,2,4,4,4,la x,La X,1,2,,,,1,-99,-99,-99,-99,-99,-99,-99,1,-99,-99,-99,,-99,-99,-99,-99,-99,-99,-99,1,-99,-99,-99,,2,,-99,-99,-99,-99,-99,-99,-99,,2,,-99,-99,-99,-99,-99,-99,-99,,4,5,,6,,1,2,,,2,1,5,4,8,5,2,1,2,2,2,,2,2,0,0,0,1,,27,1,1,8,1,2,,2,,las hertas
7095,2,2,4,2,,,0,,,0,,,0,1,2,2,2,2,2,2,2,2,2,2,2,2,2,2,1,-99,-99,-99,-99,-99,-99,,-99,1,,10,10,10,10,10,10,10,10,10,10,10,10,7,2,0,,10,5,2,0,,10,3,2,0,,8,8,8,2,0,,5,2,0,,10,11,0,0,0,0,5,0,11,8,11,4,5,5,5,la x,La X,1,2,,,,1,-99,-99,-99,-99,-99,-99,-99,1,-99,-99,-99,,-99,-99,-99,-99,-99,-99,-99,1,-99,-99,-99,,2,,-99,-99,-99,-99,-99,-99,-99,,2,,-99,-99,-99,-99,-99,-99,-99,,4,5,,15,,1,2,,,3,7,10,1,1,1,2,1,2,2,1,,2,2,0,0,0,1,,47,3,9,6,1,1,,1,,las huertas
7095,2,1,4,2,,,0,,,0,,,0,2,2,2,1,2,2,2,2,2,2,2,2,2,2,2,1,-99,-99,-99,-99,-99,-99,,-99,1,,6,6,5,3,8,8,5,5,5,3,5,5,5,1,1,5,8,2,1,2,1,5,3,2,0,,5,5,3,2,0,,1,2,0,,3,11,0,0,0,0,0,0,0,5,5,4,4,4,4,la x,La X,1,1,0,0,2,2,-99,-99,-99,-99,-99,-99,-99,-99,-99,-99,-99,,-99,-99,-99,-99,-99,-99,-99,1,-99,-99,-99,,2,,-99,-99,-99,-99,-99,-99,-99,,2,,-99,-99,-99,-99,-99,-99,-99,,4,13,,15,,1,1,policia municipal,no ayienden a los llamados,2,4,9,3,3,3,2,1,1,2,7,todos los anteriores,1,0,1,1,1,2,,60,4,2,6,1,1,,1,,las huertas
7095,2,4,2,1,7,,1,No hay ninguna persona en educacion media,,3,No hay ninguna persona en educacion superior,,3,1,1,1,1,2,1,2,2,2,2,2,2,2,2,1,1,-99,-99,1,-99,-99,-99,,-99,4,,8,8,8,9,9,9,9,9,10,9,10,10,7,2,0,,10,4,2,0,,10,3,2,0,,5,10,10,2,0,,8,2,0,,5,10,10,10,10,10,10,11,11,10,10,3,4,5,4,el centro,El centro,1,1,1,0,2,2,-99,-99,-99,-99,-99,-99,-99,-99,-99,-99,-99,,-99,-99,-99,-99,-99,-99,-99,1,-99,-99,-99,,1,1,-99,1,-99,1,1,-99,-99,,2,,-99,-99,-99,-99,-99,-99,-99,,4,7,,2,,1,2,,,2,1,7,5,1,5,2,1,2,2,6,,2,2,0,0,0,1,,24,1,1,5,1,1,,1,,las huertas
7095,2,2,2,1,8,,1,8,,1,9,,1,1,2,1,1,2,1,1,1,2,2,2,2,2,2,1,1,-99,-99,-99,-99,-99,-99,,-99,1,,4,7,5,5,5,7,9,8,10,8,8,8,7,2,0,,9,4,2,0,,9,3,2,0,,9,9,8,2,0,,9,2,0,,8,7,7,8,5,5,7,7,8,8,8,2,4,4,4,la casa de juan gabriel,La casa de Juan Gabriel,1,2,,,,2,-99,-99,-99,-99,-99,-99,-99,-99,-99,-99,-99,,-99,-99,-99,-99,-99,1,-99,1,-99,-99,-99,,2,,-99,-99,-99,-99,-99,-99,-99,,2,,-99,-99,-99,-99,-99,-99,-99,,4,3,,2,,1,2,,,1,9,8,6,5,8,2,1,2,1,2,,2,2,0,0,0,2,,21,1,5,9,1,1,,1,,huertas
7095,2,1,3,1,10,,1,5,,1,5,,1,1,1,1,1,1,1,2,1,1,1,2,1,2,1,1,-99,-99,-99,-99,1,-99,-99,,-99,5,,10,10,10,10,10,10,10,10,10,10,3,3,4,1,2,3,3,3,1,1,10,10,3,2,0,,7,7,3,2,0,,3,2,0,,3,3,5,5,5,5,5,0,5,5,10,2,5,5,5,parque central,El Parque Central,2,2,,,,1,-99,-99,-99,-99,-99,-99,-99,1,-99,-99,-99,,-99,-99,-99,-99,-99,-99,-99,1,-99,-99,-99,,2,,-99,-99,-99,-99,-99,-99,-99,,2,,-99,-99,-99,-99,-99,-99,-99,,4,9,,5,,1,2,,,3,2,10,10,10,8,2,2,2,2,1,,2,2,0,0,0,2,,54,3,9,6,1,6,,6,,huertas
7095,2,3,2,1,8,,2,8,,1,7,,2,1,1,1,2,1,1,2,2,1,2,2,1,2,1,1,1,-99,-99,-99,-99,-99,-99,,-99,1,,2,2,2,2,4,6,6,7,7,7,8,8,6,2,0,,7,2,1,1,5,8,3,2,0,,5,5,5,2,0,,2,2,0,,5,7,7,6,6,5,5,2,4,5,5,2,3,3,3,la x,La X,4,2,,,,1,-99,-99,-99,-99,-99,-99,-99,1,-99,-99,-99,,-99,-99,-99,-99,-99,-99,-99,1,-99,-99,-99,,2,,-99,-99,-99,-99,-99,-99,-99,,2,,-99,-99,-99,-99,-99,-99,-99,,3,5,,15,,1,2,,,3,1,7,5,4,6,2,2,2,2,6,,2,2,0,0,0,2,,25,1,2,4,1,1,,2,,las huertas
7095,2,4,2,1,8,,1,9,,1,8,,1,1,1,1,1,2,1,2,2,2,2,2,2,2,2,1,1,-99,-99,-99,-99,-99,-99,,-99,1,,9,9,8,7,9,8,9,9,9,10,4,8,7,2,0,,10,4,2,0,,9,3,2,0,,7,8,9,2,0,,7,2,0,,8,9,7,7,7,5,6,0,5,4,7,2,3,3,1,la x,La X,2,2,,,,1,-99,-99,-99,-99,-99,1,-99,-99,1,-99,-99,,-99,-99,-99,-99,-99,1,-99,-99,1,-99,-99,,1,8,-99,-99,-99,-99,-99,-99,-99,,2,,-99,-99,-99,-99,-99,-99,-99,,3,15,,5,,3,2,,,1,9,6,6,6,6,1,2,2,1,1,,2,2,0,0,0,2,,48,3,9,9,1,3,,4,,huertas
7095,2,3,2,1,9,,1,9,,1,10,,1,1,2,2,1,2,1,1,2,2,2,2,2,1,1,2,1,-99,-99,-99,-99,-99,-99,,-99,1,,10,9,5,9,8,10,10,10,10,10,10,10,7,2,0,,8,4,2,0,,10,3,2,0,,8,7,8,2,0,,8,2,0,,8,7,8,8,8,5,8,8,7,7,7,4,3,3,3,la x,La X,2,2,,,,2,-99,-99,-99,-99,-99,-99,-99,-99,-99,-99,-99,,-99,-99,-99,-99,-99,-99,-99,1,-99,-99,-99,,2,,-99,-99,-99,-99,-99,-99,-99,,2,,-99,-99,-99,-99,-99,-99,-99,,2,5,,2,,1,2,,,2,9,6,7,7,8,1,1,2,2,6,,2,2,0,0,0,2,,19,1,5,9,1,1,,2,,las haciendas
7095,2,3,2,2,,,0,,,0,,,0,2,2,1,2,2,2,2,2,2,2,2,2,2,2,2,1,-99,-99,-99,-99,-99,-99,,-99,1,,9,6,7,5,8,9,8,7,7,7,6,5,7,2,0,,9,5,2,0,,9,3,2,0,,9,9,8,2,0,,8,2,0,,8,3,4,8,4,6,8,4,8,4,2,4,3,2,3,la x,La X,2,2,,,,2,-99,-99,-99,-99,-99,-99,-99,-99,-99,-99,-99,,-99,-99,-99,-99,-99,-99,-99,1,-99,-99,-99,,2,,-99,-99,-99,-99,-99,-99,-99,,2,,-99,-99,-99,-99,-99,-99,-99,,4,2,,6,,1,2,,,1,2,3,5,5,10,2,2,2,2,2,,2,2,0,0,0,1,,59,3,1,6,1,2,,2,,praderas del Pacífico
7095,2,3,3,2,,,0,,,0,,,0,2,1,2,2,2,2,2,2,2,2,2,2,2,2,2,1,-99,-99,-99,-99,-99,-99,,-99,1,,8,7,2,4,5,7,10,10,10,10,8,8,7,2,0,,9,5,2,0,,10,2,2,0,,10,7,7,2,0,,9,2,0,,8,3,6,5,4,5,10,5,8,8,2,4,3,2,3,cátedral,La catedral,0,2,,,,2,-99,-99,-99,-99,-99,-99,-99,-99,-99,-99,-99,,-99,-99,-99,-99,-99,-99,-99,-99,-99,-99,1,SE RESERVA,2,,-99,-99,-99,-99,-99,-99,-99,,2,,-99,-99,-99,-99,-99,-99,-99,,4,5,,2,,1,2,,,2,2,5,5,5,10,2,2,2,1,6,,2,2,0,0,0,2,,59,3,2,4,1,1,,1,,pradera del Pacífico
7095,2,4,2,1,7,,1,No hay ninguna persona en educacion media,,3,No hay ninguna persona en educacion superior,,3,2,2,1,2,2,2,2,2,2,2,2,2,2,2,2,1,-99,-99,-99,-99,-99,-99,,-99,1,,7,5,5,3,6,6,10,9,10,10,10,10,7,2,0,,9,5,2,0,,10,2,2,0,,9,9,10,2,0,,8,2,0,,9,3,6,8,5,3,8,6,8,7,3,4,3,2,3,la x,La X,2,2,,,,1,-99,-99,-99,1,-99,-99,-99,-99,-99,-99,-99,,-99,-99,-99,-99,-99,-99,-99,1,-99,-99,-99,,2,,-99,-99,-99,-99,-99,-99,-99,,2,,-99,-99,-99,-99,-99,-99,-99,,4,7,,2,,1,2,,,1,2,4,8,6,10,2,1,2,2,6,,2,2,0,0,0,2,,31,2,2,4,1,1,,1,,praderas del pacifco
7095,2,4,2,2,,,0,,,0,,,0,2,2,2,2,2,1,2,2,2,2,2,2,2,2,2,1,-99,-99,-99,-99,-99,-99,,-99,1,,7,7,5,9,8,6,10,10,10,10,5,7,7,2,0,,10,5,2,0,,9,2,2,0,,10,8,8,2,0,,8,2,0,,7,3,5,4,8,4,6,6,8,7,4,4,2,3,3,la x,La X,0,2,,,,1,1,-99,-99,-99,-99,-99,-99,-99,-99,-99,-99,,1,-99,-99,-99,-99,-99,-99,-99,-99,-99,-99,,2,,-99,-99,-99,-99,-99,-99,-99,,2,,-99,-99,-99,-99,-99,-99,-99,,3,6,,2,,1,2,,,3,2,6,6,6,10,2,1,2,2,2,,2,2,0,0,0,2,,20,1,2,4,1,2,,2,,praderas del Pacífico
7095,2,3,1,1,8,,1,No hay ninguna persona en educacion media,,3,No hay ninguna persona en educacion superior,,3,2,2,2,1,2,2,2,2,2,2,2,2,2,2,2,1,-99,-99,-99,-99,-99,-99,,-99,1,,11,4,4,5,8,6,10,10,10,10,6,5,7,2,0,,9,5,2,0,,10,3,2,0,,9,7,6,2,0,,8,2,0,,9,2,5,8,5,4,7,6,8,7,2,4,3,3,3,la x,La X,1,1,1,1,0,1,-99,-99,-99,-99,-99,1,-99,-99,-99,-99,-99,,-99,-99,-99,-99,-99,-99,-99,1,-99,-99,-99,,2,,-99,-99,-99,-99,-99,-99,-99,,2,,-99,-99,-99,-99,-99,-99,-99,,4,2,,7,,1,2,,,3,2,4,6,7,9,2,2,2,1,1,,2,2,0,0,0,1,,29,1,2,6,1,2,,2,,praderas del pacifico
7095,2,3,2,1,8,,1,8,,1,No hay ninguna persona en educacion superior,,3,1,1,1,1,2,2,2,2,2,2,2,2,2,2,1,1,-99,-99,-99,-99,-99,-99,,-99,1,,9,8,10,8,10,9,10,10,8,10,8,10,7,1,1,5,10,5,2,0,,10,2,2,0,,6,8,7,2,0,,7,2,0,,8,9,8,9,5,6,7,5,8,6,5,4,4,4,4,monumento a Juárez,El monumento a Benito Juárez,1,2,,,,1,-99,-99,-99,-99,-99,-99,-99,1,-99,-99,-99,,-99,-99,-99,-99,-99,-99,-99,1,-99,-99,-99,,2,,-99,-99,-99,-99,-99,-99,-99,,2,,-99,-99,-99,-99,-99,-99,-99,,4,5,,8,,2,2,,,3,9,9,10,7,6,1,1,1,1,5,,2,2,0,0,0,2,,53,3,2,4,1,1,,3,,praderas deel pacifico
7095,2,4,1,1,8,,1,No hay ninguna persona en educacion media,,3,9,,2,1,1,1,2,2,2,1,2,2,2,2,2,2,2,1,1,-99,-99,1,-99,-99,-99,,-99,4,,9,8,5,4,8,9,10,10,5,10,10,9,7,2,0,,10,5,2,0,,10,2,2,0,,10,9,8,2,0,,10,2,0,,9,9,9,9,9,4,10,10,10,10,8,1,4,4,4,El centro,El centro,1,1,1,0,0,2,-99,-99,-99,-99,-99,-99,-99,-99,-99,-99,-99,,-99,-99,-99,-99,-99,-99,-99,1,-99,-99,-99,,2,,-99,-99,-99,-99,-99,-99,-99,,2,,-99,-99,-99,-99,-99,-99,-99,,4,2,,5,,3,2,,,3,9,9,10,9,10,1,1,1,1,2,,2,2,0,0,0,2,,64,4,8,4,1,1,,1,,praderas deel pacífico
7095,2,3,2,2,,,0,,,0,,,0,1,2,1,1,1,1,2,1,1,2,2,2,2,1,1,1,-99,-99,-99,-99,-99,-99,,-99,1,,8,8,7,8,8,8,6,9,7,10,1,7,7,1,1,2,8,5,2,0,,9,3,2,0,,6,7,5,2,0,,6,2,0,,8,8,7,7,6,6,8,6,5,5,8,4,4,4,2,la x,La X,1,2,,,,1,-99,-99,-99,-99,-99,-99,-99,1,-99,-99,-99,,-99,-99,-99,-99,-99,-99,-99,1,-99,-99,-99,,2,,-99,-99,-99,-99,-99,-99,-99,,2,,-99,-99,-99,-99,-99,-99,-99,,4,7,,8,,1,1,viales,robos,3,9,7,6,8,9,2,2,2,1,2,,2,2,0,0,0,2,,23,1,2,8,1,2,,2,,prsderasfeeo pacífico
7095,2,2,2,1,10,,1,No hay ninguna persona en educacion media,,3,No hay ninguna persona en educacion superior,,3,1,1,1,1,1,1,1,1,1,1,1,1,1,1,1,1,-99,-99,-99,-99,-99,-99,,-99,1,,9,8,8,8,9,8,8,9,8,9,1,5,7,2,0,,8,2,1,1,8,10,3,2,0,,7,4,1,2,0,,1,2,0,,5,5,5,5,1,1,6,8,8,1,1,4,2,2,1,lx,La X,1,2,,,,2,-99,-99,-99,-99,-99,-99,-99,-99,-99,-99,-99,,-99,-99,-99,-99,-99,-99,-99,1,-99,-99,-99,,2,,-99,-99,-99,-99,-99,-99,-99,,2,,-99,-99,-99,-99,-99,-99,-99,,4,7,,7,,1,2,,,4,9,8,4,8,6,1,1,1,1,5,,2,2,0,0,0,1,,32,2,1,8,1,1,,1,,praderasdeeo pacífico
7095,2,2,2,2,,,0,,,0,,,0,1,1,1,1,2,1,2,2,2,2,2,2,2,2,2,1,-99,-99,-99,-99,-99,-99,,-99,1,,8,7,7,7,6,4,9,8,9,8,7,10,7,2,0,,9,4,2,0,,10,3,2,0,,6,5,9,2,0,,8,2,0,,7,8,8,5,8,8,9,6,6,6,5,4,4,4,4,oa precidencia,La Presidencia,2,2,,,,2,-99,-99,-99,-99,-99,-99,-99,-99,-99,-99,-99,,-99,-99,-99,-99,-99,-99,-99,1,-99,-99,-99,,2,,-99,-99,-99,-99,-99,-99,-99,,2,,-99,-99,-99,-99,-99,-99,-99,,4,2,,4,,1,1,municipal,abusos,4,2,8,5,4,6,2,1,1,1,1,,2,2,0,0,0,1,,44,2,1,5,1,1,,1,,ascienda
4813,2,3,2,2,,,0,,,0,,,0,1,1,1,1,1,1,1,2,1,1,1,2,2,1,1,1,-99,-99,-99,-99,-99,-99,,-99,1,,8,7,6,3,7,5,8,7,8,9,7,1,1,2,0,,8,5,2,0,,7,3,2,0,,8,5,2,2,0,,1,2,0,,1,10,7,10,10,3,4,0,6,0,0,4,4,4,4,catedral,La Catedral,1,2,,,,1,1,-99,-99,-99,-99,-99,-99,-99,-99,-99,-99,,-99,-99,-99,-99,-99,-99,-99,1,-99,-99,-99,,2,,-99,-99,-99,-99,-99,-99,-99,,2,,-99,-99,-99,-99,-99,-99,-99,,4,4,,2,,1,1,estatales,abuso de autoridad,1,2,7,2,4,8,1,1,1,1,5,,2,2,0,0,0,2,,46,3,7,1,1,1,,1,,27
4813,2,4,2,1,9,,1,No hay ninguna persona en educacion media,,3,No hay ninguna persona en educacion superior,,3,1,1,1,1,2,2,2,2,2,2,2,2,2,2,1,1,-99,-99,-99,-99,-99,-99,,-99,1,,5,5,5,5,5,8,10,10,9,10,10,10,7,2,0,,10,5,2,0,,10,2,2,0,,9,9,8,2,0,,2,2,0,,2,11,0,0,0,0,0,0,0,0,0,2,2,2,2,la x,La X,1,2,,,,1,-99,-99,-99,-99,-99,-99,-99,1,-99,-99,-99,,-99,-99,-99,-99,-99,-99,-99,1,-99,-99,-99,,2,,-99,-99,-99,-99,-99,-99,-99,,2,,-99,-99,-99,-99,-99,-99,-99,,2,15,,5,,3,1,munivipales,registro forzado,1,1,7,3,7,9,1,1,1,1,5,,2,2,0,0,0,2,,38,2,9,2,1,1,,2,,"km ,27"
4813,2,3,3,1,5,maestros,1,No hay ninguna persona en educacion media,,3,No hay ninguna persona en educacion superior,,3,1,1,1,1,2,2,1,2,2,2,2,2,2,1,1,-99,-99,-99,-99,-99,1,-99,,-99,6,,,,,,,,10,7,10,10,8,9,7,2,0,,7,3,2,0,,6,2,2,0,,9,9,8,2,0,,2,2,0,,2,11,0,0,0,0,0,0,0,0,0,2,2,5,5,la x,La X,2,2,,,,1,-99,-99,-99,-99,-99,-99,-99,1,-99,-99,-99,,-99,-99,-99,-99,-99,-99,-99,1,-99,-99,-99,,2,,-99,-99,-99,-99,-99,-99,-99,,2,,-99,-99,-99,-99,-99,-99,-99,,4,5,,17,,3,2,,,1,10,4,4,4,9,2,1,1,2,7,pavimento,2,2,0,0,0,1,,18,1,6,4,1,2,,2,,villa chica
4813,2,2,2,2,,,0,,,0,,,0,2,2,2,1,2,2,2,2,2,2,2,2,2,2,2,-99,-99,-99,-99,-99,1,-99,,-99,6,,,,,,,,7,5,4,3,6,4,7,2,0,,9,5,2,0,,5,1,2,0,,7,5,7,2,0,,4,2,0,,7,1,3,2,3,3,6,6,6,2,1,4,2,2,2,la x,La X,1,2,,,,1,-99,-99,-99,-99,-99,-99,-99,1,-99,-99,-99,,-99,-99,-99,-99,-99,-99,-99,1,-99,-99,-99,,2,,-99,-99,-99,-99,-99,-99,-99,,2,,-99,-99,-99,-99,-99,-99,-99,,4,2,,6,,1,2,,,3,2,5,6,3,6,2,2,2,2,2,,2,2,0,0,0,1,,37,2,9,2,1,1,,1,,kilometr 27
4813,2,4,2,2,,,0,,,0,,,0,2,2,2,2,2,2,2,2,2,2,2,2,2,2,2,-99,-99,-99,-99,1,-99,-99,,-99,5,,9,9,9,9,9,10,10,10,10,10,9,9,7,2,0,,10,5,2,0,,10,3,2,0,,9,10,7,2,0,,5,2,0,,2,3,5,6,7,6,5,1,2,5,2,4,3,3,3,la x,La X,1,2,,,,1,1,-99,-99,-99,-99,-99,-99,-99,-99,-99,-99,,-99,-99,-99,-99,-99,-99,-99,1,-99,-99,-99,,2,,-99,-99,-99,-99,-99,-99,-99,,2,,-99,-99,-99,-99,-99,-99,-99,,4,9,,5,,1,2,,,3,2,5,5,7,9,2,1,2,2,2,,2,2,0,0,0,2,,36,2,9,4,1,1,,1,,kilometro 27
4813,2,4,2,2,,,0,,,0,,,0,1,1,1,1,2,2,2,2,2,2,2,2,2,1,1,1,-99,-99,-99,-99,-99,-99,,-99,1,,8,7,7,8,9,9,10,10,9,10,10,8,7,2,0,,9,3,2,0,,10,3,2,0,,8,6,7,2,0,,5,1,1,5,8,8,8,8,7,5,10,8,8,7,8,2,5,5,3,la x,La X,2,2,,,,1,-99,-99,-99,-99,-99,-99,-99,1,-99,-99,-99,,-99,-99,-99,-99,-99,-99,-99,1,-99,-99,-99,,2,,-99,-99,-99,-99,-99,-99,-99,,2,,-99,-99,-99,-99,-99,-99,-99,,3,2,,5,,1,2,,,2,2,6,7,5,5,2,2,2,2,2,,2,2,0,0,0,2,,44,2,9,4,1,1,,2,,villa ezperanza
4813,2,2,2,1,10,,1,8,,1,9,,1,1,1,1,1,2,1,2,1,1,2,2,2,2,1,2,1,-99,-99,-99,-99,-99,-99,,-99,1,,9,9,5,8,9,8,10,10,10,10,10,1,7,2,0,,10,5,2,0,,10,3,2,0,,8,8,8,2,0,,1,2,0,,8,8,8,8,8,8,8,4,8,7,9,3,4,4,3,la x,La X,2,2,,,,1,-99,-99,-99,-99,-99,-99,-99,1,-99,-99,-99,,-99,-99,-99,-99,-99,-99,-99,1,-99,-99,-99,,2,,-99,-99,-99,-99,-99,-99,-99,,2,,-99,-99,-99,-99,-99,-99,-99,,4,5,,2,,1,2,,,2,1,9,8,3,4,2,2,2,1,2,,2,2,0,0,0,2,,47,3,2,8,1,2,,2,,kilometro 27
4813,2,4,2,1,8,,1,No hay ninguna persona en educacion media,,3,No hay ninguna persona en educacion superior,,3,1,1,1,1,2,2,2,2,2,2,2,2,2,2,1,1,-99,-99,-99,1,-99,-99,,-99,5,,9,9,9,9,10,8,10,10,10,5,11,11,0,2,0,,10,5,2,0,,10,3,2,0,,10,10,6,2,0,,1,2,0,,1,11,0,0,0,0,10,0,10,0,0,4,4,4,4,la x,La X,1,1,3,0,0,2,-99,-99,-99,-99,-99,-99,-99,-99,-99,-99,-99,,-99,-99,-99,-99,-99,-99,-99,1,-99,-99,-99,,2,,-99,-99,-99,-99,-99,-99,-99,,2,,-99,-99,-99,-99,-99,-99,-99,,4,5,,1,,1,2,,,2,1,5,1,1,1,1,1,1,1,7,la fals desgua,2,2,0,0,0,1,,65,4,1,4,1,1,,2,,km27
4813,2,3,3,2,,,0,,,0,,,0,1,2,1,1,2,2,2,2,2,2,2,2,2,2,1,1,-99,-99,1,-99,-99,-99,,-99,4,,9,10,10,10,10,10,10,10,8,2,11,11,0,2,0,,5,2,2,0,,8,3,2,0,,5,4,5,2,0,,1,2,0,,1,11,0,0,0,0,0,0,6,0,0,4,5,5,5,la catedral,La Catedral,0,1,0,0,2,2,-99,-99,-99,-99,-99,-99,-99,-99,-99,-99,-99,,-99,-99,-99,-99,-99,-99,-99,-99,1,-99,-99,,1,2,1,1,-99,1,1,-99,-99,,1,8,-99,-99,-99,-99,-99,-99,-99,,4,5,,19,la educacion,1,2,,,1,7,2,1,1,1,1,1,1,2,7,las recicladoras,2,2,0,0,0,1,,47,3,1,11,1,1,,1,,km 27
1819,7,3,1,2,,,0,,,0,,,0,1,1,1,1,2,1,2,1,1,2,1,1,1,1,1,1,1,-99,-99,-99,-99,-99,,-99,1,,10,10,10,8,8,9,10,10,10,10,10,10,7,2,0,,10,5,2,0,,10,3,2,0,,10,10,8,2,0,,10,2,0,,8,10,10,10,10,6,10,0,0,10,0,4,5,5,5,la x,La X,0,2,,,,2,-99,-99,-99,-99,-99,-99,-99,-99,-99,-99,-99,,1,-99,-99,-99,-99,1,-99,-99,-99,-99,-99,,2,,-99,-99,-99,-99,-99,-99,-99,,2,,-99,-99,-99,-99,-99,-99,-99,,4,5,,1,,3,2,,,3,9,7,7,10,9,2,2,2,2,7,camiones,2,2,0,0,0,2,,68,4,8,4,1,6,med,6,med,aeropuerto
1819,7,2,3,2,,,0,,,0,,,0,1,1,1,1,2,2,2,2,1,2,2,2,2,2,2,1,-99,-99,-99,-99,-99,-99,,-99,1,,9,6,9,10,6,9,10,10,9,10,10,10,7,2,0,,10,4,2,0,,6,4,1,1,10,8,6,6,2,0,,3,2,0,,6,10,10,7,10,3,10,0,0,3,1,1,5,5,5,las dunas,Las dunas de samalayuca,1,2,,,,2,-99,-99,-99,-99,-99,-99,-99,-99,-99,-99,-99,,-99,-99,-99,-99,-99,-99,-99,1,-99,-99,-99,,2,,-99,-99,-99,-99,-99,-99,-99,,2,,-99,-99,-99,-99,-99,-99,-99,,4,5,,18,,4,2,,,5,6,8,9,2,8,2,2,2,2,2,,2,2,0,0,0,2,,67,4,1,2,1,1,,2,,aeropuerto
1819,7,3,2,2,,,0,,,0,,,0,1,1,1,1,2,1,2,2,1,2,2,2,2,2,1,-99,-99,-99,-99,-99,1,-99,,-99,6,,,,,,,,8,9,9,10,10,10,7,2,0,,1,3,2,0,,10,3,2,0,,1,1,2,2,0,,1,2,0,,5,11,0,0,0,0,0,0,0,4,0,4,5,5,2,la x,La X,1,2,,,,1,-99,-99,-99,-99,-99,-99,-99,1,-99,-99,-99,,-99,-99,-99,-99,-99,-99,-99,1,-99,-99,-99,,2,,-99,-99,-99,-99,-99,-99,-99,,2,,-99,-99,-99,-99,-99,-99,-99,,4,5,,12,,1,2,,,1,9,6,3,3,9,2,2,1,1,2,,2,2,0,0,0,2,,63,4,9,4,1,1,,1,,aeropuerto
1819,7,4,2,2,,,0,,,0,,,0,1,1,1,1,2,1,2,2,2,1,1,1,1,1,1,-99,-99,-99,-99,-99,1,-99,,-99,6,,,,,,,,10,10,10,10,10,10,7,2,0,,10,5,2,0,,9,3,2,0,,9,10,10,2,0,,8,2,0,,10,10,9,10,7,7,9,0,10,8,8,4,3,3,3,la x,La X,1,2,,,,1,-99,-99,-99,-99,-99,-99,-99,1,1,-99,-99,,-99,-99,-99,-99,-99,-99,-99,1,1,-99,-99,,1,9,-99,-99,-99,-99,-99,-99,-99,,2,,-99,-99,-99,-99,-99,-99,-99,,2,3,,5,,3,2,,,1,9,8,9,7,9,2,2,2,2,7,pavimnto,2,2,0,0,0,2,,18,1,2,5,1,1,,2,,aeropuerto
1819,7,3,2,1,8,,1,No hay ninguna persona en educacion media,,3,No hay ninguna persona en educacion superior,,3,1,1,1,1,2,2,2,2,1,2,2,2,1,1,1,-99,-99,-99,-99,1,-99,-99,,-99,5,,9,10,10,8,10,10,8,8,10,10,8,10,7,2,0,,8,4,1,2,1,10,3,2,0,,8,9,8,2,0,,6,2,0,,8,8,10,10,8,5,8,0,8,5,2,3,5,3,5,la catedral,La Catedral,2,1,2,0,1,2,-99,-99,-99,-99,-99,-99,-99,-99,-99,-99,-99,,-99,-99,-99,-99,-99,-99,-99,1,-99,-99,-99,,2,,-99,-99,-99,-99,-99,-99,-99,,2,,-99,-99,-99,-99,-99,-99,-99,,2,5,,15,,1,1,transitos,piden dineo,1,9,7,8,3,8,1,1,1,1,5,,2,2,0,0,0,2,,51,3,9,7,1,1,,3,,aeropuerto
1819,7,3,2,2,,,0,,,0,,,0,1,2,1,1,2,2,2,2,1,2,2,2,2,2,1,-99,-99,1,-99,-99,-99,-99,,-99,3,,10,10,10,10,10,8,10,10,10,10,10,8,7,2,0,,10,3,2,0,,10,3,2,0,,7,10,10,2,0,,4,2,0,,10,10,3,3,5,5,8,0,7,7,4,4,5,5,5,monumento a Juárez,El monumento a Benito Juárez,1,2,,,,1,1,-99,-99,-99,-99,-99,-99,-99,1,-99,-99,,-99,-99,-99,-99,-99,-99,-99,-99,1,-99,-99,,1,7,-99,-99,-99,-99,-99,-99,-99,,2,,-99,-99,-99,-99,-99,-99,-99,,4,5,,11,,3,1,seguridad pública,detención y maltrato,3,9,9,7,5,10,2,2,2,2,6,,2,2,0,0,0,2,,54,3,2,2,1,1,,1,,ampliación aeropuerto
1819,7,2,2,2,,,0,,,0,,,0,1,1,1,1,2,2,2,2,1,1,2,2,2,2,1,-99,-99,1,-99,-99,-99,-99,,-99,3,,10,10,9,10,10,7,10,8,9,9,10,8,7,2,0,,10,3,2,0,,9,3,2,0,,7,10,6,2,0,,5,2,0,,8,9,8,8,5,5,8,5,9,7,5,4,5,5,2,chamizal,El Chamizal,0,2,,,,1,1,-99,-99,-99,-99,-99,-99,-99,-99,-99,-99,,1,-99,-99,-99,-99,-99,-99,-99,-99,-99,-99,,2,,-99,-99,-99,-99,-99,-99,-99,,2,,-99,-99,-99,-99,-99,-99,-99,,4,5,,2,,1,2,,,3,4,6,5,8,9,2,1,1,1,2,,2,2,0,0,0,1,,50,3,2,3,1,1,,2,,ampliación aeropuerto
1819,7,4,1,1,7,,1,7,,1,7,,1,1,1,2,2,2,2,2,2,1,2,2,2,2,2,1,-99,-99,-99,-99,1,-99,-99,,-99,5,,8,8,10,9,10,8,10,10,10,10,5,5,7,2,0,,10,2,2,0,,4,2,2,0,,8,8,6,2,0,,6,2,0,,8,8,6,6,6,4,8,5,9,6,8,3,2,2,2,la x,La X,4,1,2,0,0,1,1,-99,-99,-99,-99,-99,-99,-99,-99,-99,-99,,-99,-99,-99,-99,-99,-99,-99,1,-99,-99,-99,,2,,-99,-99,-99,-99,-99,-99,-99,,2,,-99,-99,-99,-99,-99,-99,-99,,4,5,,7,,1,2,,,2,9,10,7,5,9,2,1,2,2,2,,2,2,0,0,0,2,,37,2,9,2,1,3,,4,,ampliación aeropuerto
1819,7,2,3,2,,,0,,,0,,,0,1,1,1,1,2,2,2,2,1,2,2,2,2,2,1,-99,-99,-99,1,-99,-99,-99,,-99,4,,5,6,8,5,6,7,10,10,8,10,7,5,7,2,0,,8,3,2,0,,10,3,2,0,,6,6,6,2,0,,4,2,0,,8,6,6,5,5,4,6,5,9,8,6,1,5,4,4,la x,La X,2,2,,,,2,-99,-99,-99,-99,-99,-99,-99,-99,-99,-99,-99,,-99,-99,-99,-99,-99,-99,-99,1,-99,-99,-99,,1,6,-99,-99,-99,1,1,-99,-99,,2,,-99,-99,-99,-99,-99,-99,-99,,4,15,,5,,1,2,,,2,1,8,6,5,9,2,1,2,1,6,,2,2,0,0,0,2,,50,3,1,2,1,1,,1,,ampliación aeropuerto
1819,7,2,2,1,9,,1,8,,1,9,,1,1,1,1,1,2,1,2,2,1,1,2,1,2,2,1,1,-99,-99,-99,-99,-99,-99,,-99,1,,8,8,6,8,10,8,10,10,10,8,9,10,7,2,0,,7,2,2,0,,10,3,2,0,,8,10,6,2,0,,7,2,0,,8,9,7,7,6,8,8,10,10,9,9,4,5,5,5,monumento a Benito Juárez,El monumento a Benito Juárez,4,1,0,0,2,1,-99,-99,-99,-99,-99,-99,-99,1,1,-99,-99,,-99,-99,-99,-99,-99,-99,-99,1,1,-99,-99,,1,10,-99,-99,-99,-99,-99,-99,-99,,2,,-99,-99,-99,-99,-99,-99,-99,,4,6,,1,,3,2,,,2,4,10,8,7,10,2,1,1,1,6,,2,2,0,0,0,2,,66,4,2,4,1,1,,2,,ampliación aeropuerto
1819,7,4,2,2,,,0,,,0,,,0,1,2,2,2,2,2,2,2,2,2,2,2,2,2,2,1,-99,-99,1,-99,-99,-99,,-99,4,,9,9,9,9,9,9,7,8,5,9,7,7,7,1,1,1,10,3,2,0,,10,3,2,0,,7,9,7,2,0,,5,2,0,,7,7,8,8,8,8,8,0,8,8,8,4,5,5,5,la x,La X,0,2,,,,1,-99,-99,-99,1,-99,-99,-99,-99,-99,-99,-99,,-99,-99,-99,-99,-99,1,-99,-99,-99,-99,-99,,2,,-99,-99,-99,-99,-99,-99,-99,,2,,-99,-99,-99,-99,-99,-99,-99,,4,5,,15,,1,2,,,1,9,7,3,5,6,2,2,2,2,2,,2,2,0,0,0,2,,27,1,2,11,1,2,,2,,ampliación aeropuerto
1819,7,3,2,2,,,0,,,0,,,0,1,1,1,1,2,2,2,2,2,2,2,2,2,2,1,-99,1,-99,-99,-99,-99,-99,,-99,2,,8,4,7,10,10,9,10,10,10,10,10,10,7,2,0,,10,3,2,0,,10,3,2,0,,5,10,5,2,0,,2,2,0,,8,10,10,10,10,10,5,7,10,8,0,4,5,5,5,benoto juarez,El monumento a Benito Juárez,2,2,,,,2,-99,-99,-99,-99,-99,-99,-99,-99,-99,-99,-99,,-99,-99,-99,-99,-99,-99,-99,1,-99,-99,-99,,2,,-99,-99,-99,-99,-99,-99,-99,,1,10,-99,-99,-99,-99,-99,-99,-99,,4,15,,11,,1,2,,,3,1,5,8,8,9,2,1,1,2,6,,2,2,0,0,0,2,,74,4,8,6,1,1,,2,,ampliacion aeropuero
1819,7,2,3,2,,,0,,,0,,,0,2,2,2,2,2,2,2,2,2,2,2,2,2,2,1,-99,-99,-99,1,-99,-99,-99,,-99,4,,10,10,10,10,10,10,10,10,10,10,5,5,6,2,0,,9,3,1,2,1,10,3,2,0,,10,10,9,2,0,,1,2,0,,1,11,0,0,0,0,4,0,11,0,0,4,5,5,5,monumento,El monumento a Benito Juárez,1,1,0,0,1,1,-99,-99,-99,-99,-99,-99,-99,-99,-99,1,-99,,-99,-99,-99,-99,-99,-99,-99,-99,-99,1,-99,,2,,-99,-99,-99,-99,-99,-99,-99,,1,9,-99,-99,-99,-99,-99,-99,-99,,4,5,,15,,1,2,,,2,9,5,4,1,8,2,1,1,1,2,,1,0,1,1,1,2,,60,4,9,5,1,1,,1,,ampliación aeropuerto
1819,7,3,1,2,,,0,,,0,,,0,1,2,1,2,2,2,2,2,2,2,2,2,2,2,2,1,-99,-99,-99,1,-99,-99,,-99,5,,8,8,8,9,9,9,10,10,10,10,10,10,7,2,0,,7,2,2,0,,10,3,2,0,,6,10,6,2,0,,1,2,0,,5,11,0,0,0,0,5,11,11,8,6,4,5,5,5,el monumento a juarez,El monumento a Benito Juárez,1,2,,,,2,-99,-99,-99,-99,-99,-99,-99,-99,-99,-99,-99,,-99,-99,-99,-99,-99,-99,-99,1,-99,-99,-99,,2,,-99,-99,-99,-99,-99,-99,-99,,2,,-99,-99,-99,-99,-99,-99,-99,,4,2,,5,,1,1,transito,cobros execivos o mordfas,2,1,6,10,9,9,2,2,2,1,2,,2,2,0,0,0,2,,76,4,8,11,1,2,,2,,ampliacion aeropuerto
1819,7,5,4,2,,,0,,,0,,,0,1,1,1,1,2,2,2,2,2,2,2,2,2,2,1,-99,-99,-99,-99,-99,1,-99,,-99,6,,,,,,,,10,10,10,10,10,10,7,2,0,,10,3,2,0,,10,3,2,0,,10,10,9,2,0,,1,2,0,,5,11,0,0,0,0,5,0,11,5,0,4,5,5,5,monumento ajuarez,El monumento a Benito Juárez,,2,,,,1,-99,-99,-99,-99,-99,-99,-99,1,-99,-99,-99,,-99,-99,-99,-99,-99,-99,-99,1,-99,-99,-99,,2,,-99,-99,-99,-99,-99,-99,-99,,2,,-99,-99,-99,-99,-99,-99,-99,,4,5,,9,,1,2,,,3,10,4,3,5,7,2,2,2,1,2,,2,2,0,0,0,2,,57,3,9,5,1,1,,1,,ampliacion aeropuero
1819,7,4,1,2,,,0,,,0,,,0,1,1,1,2,2,1,1,2,1,1,2,1,1,1,1,1,-99,-99,1,-99,-99,-99,,-99,4,,8,8,8,6,7,8,10,10,10,10,10,8,7,2,0,,8,5,2,0,,10,3,2,0,,5,8,6,2,0,,8,2,0,,6,5,10,9,10,10,7,6,8,5,6,3,5,4,1,la x,La X,1,2,,,,1,-99,-99,-99,1,-99,-99,-99,-99,-99,-99,-99,,-99,-99,-99,-99,-99,-99,-99,1,-99,-99,-99,,2,,-99,-99,-99,-99,-99,-99,-99,,2,,-99,-99,-99,-99,-99,-99,-99,,4,2,,7,,1,2,,,5,9,5,7,7,9,2,1,2,1,5,,2,2,0,0,0,1,,18,1,2,6,1,1,,1,,derl granjero
1819,7,3,2,2,,,0,,,0,,,0,1,2,1,2,2,2,2,2,2,2,2,2,2,2,2,1,-99,-99,-99,-99,-99,-99,,-99,1,,5,7,8,5,7,8,8,8,8,8,9,6,7,2,0,,10,5,2,0,,10,3,2,0,,6,5,6,2,0,,7,2,0,,6,9,8,6,8,8,7,3,2,7,9,4,4,4,4,le centro,El centro,1,2,,,,2,-99,-99,-99,-99,-99,-99,-99,-99,-99,-99,-99,,-99,-99,-99,-99,-99,-99,-99,1,-99,-99,-99,,2,,-99,-99,-99,-99,-99,-99,-99,,2,,-99,-99,-99,-99,-99,-99,-99,,4,5,,2,,1,2,,,3,9,8,8,9,8,2,1,1,1,2,,2,2,0,0,0,1,,73,4,1,2,1,1,,1,,ampliacion aeropuerto
1819,7,3,2,2,,,0,,,0,,,0,1,1,1,1,2,1,1,2,1,2,2,2,2,2,1,-99,-99,-99,1,-99,-99,-99,,-99,4,,6,7,8,4,7,6,7,8,8,8,9,8,7,2,0,,9,5,2,0,,10,3,2,0,,5,5,6,2,0,,6,2,0,,2,7,4,1,4,1,3,1,4,4,5,4,4,4,4,ls x,La X,0,2,,,,1,1,-99,-99,-99,-99,-99,-99,-99,-99,-99,-99,,-99,-99,-99,-99,-99,1,-99,-99,-99,-99,-99,,2,,-99,-99,-99,-99,-99,-99,-99,,2,,-99,-99,-99,-99,-99,-99,-99,,4,3,,6,,1,2,,,1,2,10,3,8,8,2,1,1,1,2,,2,2,0,0,0,2,,23,1,2,4,1,1,,1,,ampliación aeropuerto
1819,7,3,2,2,,,0,,,0,,,0,1,1,1,1,2,1,2,2,2,2,2,2,2,2,2,-99,-99,-99,1,-99,-99,-99,,-99,4,,8,8,8,6,8,9,6,5,9,10,10,10,7,2,0,,10,5,2,0,,10,3,2,0,,9,9,8,2,0,,8,2,0,,9,9,2,8,8,1,6,3,5,7,8,4,4,4,4,El centro,El centro,0,2,,,,2,-99,-99,-99,-99,-99,-99,-99,-99,-99,-99,-99,,-99,-99,-99,-99,1,1,-99,-99,-99,-99,-99,,2,,-99,-99,-99,-99,-99,-99,-99,,2,,-99,-99,-99,-99,-99,-99,-99,,4,5,,4,,1,2,,,3,2,5,4,8,8,2,1,2,1,5,,2,2,0,0,0,1,,25,1,1,4,1,1,,1,,ampliación aeropuerto
1819,7,4,2,2,,,0,,,0,,,0,1,1,1,1,2,2,2,2,2,2,2,2,2,2,1,1,-99,-99,-99,-99,-99,-99,,-99,1,,7,7,7,3,8,6,9,7,4,9,4,7,7,2,0,,8,5,2,0,,5,3,2,0,,6,5,7,2,0,,5,2,0,,7,5,3,5,3,3,3,3,2,6,5,4,4,4,4,la x,La X,2,2,,,,1,-99,-99,-99,1,-99,-99,-99,-99,-99,-99,-99,,-99,-99,-99,-99,-99,-99,-99,1,-99,-99,-99,,2,,-99,-99,-99,-99,-99,-99,-99,,2,,-99,-99,-99,-99,-99,-99,-99,,4,2,,5,,1,2,,,3,9,5,3,5,10,1,1,1,1,5,,2,2,0,0,0,1,,43,2,2,4,1,1,,2,,amoliacion aeropuerto
1819,7,3,3,1,9,,1,9,,1,No hay ninguna persona en educacion superior,,3,1,1,1,1,2,1,2,2,2,2,2,2,2,2,1,1,-99,-99,-99,-99,-99,-99,,-99,1,,10,8,9,7,11,11,10,9,10,10,9,10,7,2,0,,9,5,1,1,10,6,2,2,0,,8,9,8,2,0,,8,2,0,,9,7,7,7,9,8,9,0,0,9,0,4,5,5,5,caballo edificio campestre,Monumento Los indomables,2,1,4,0,0,1,-99,-99,-99,-99,-99,-99,-99,1,1,1,-99,,-99,-99,-99,-99,-99,-99,-99,1,1,1,-99,,1,7,-99,-99,-99,-99,-99,-99,-99,,1,9,-99,-99,-99,-99,-99,-99,-99,,4,6,,7,,2,1,transitolo robaron,lo robaron,5,9,7,5,7,7,2,1,1,1,2,,2,2,0,0,0,2,,59,3,2,4,1,2,,3,,ampliacion aeropuerto
1819,7,3,2,2,,,0,,,0,,,0,1,2,1,1,2,2,2,2,2,1,2,2,2,2,2,-99,-99,-99,1,-99,-99,-99,,-99,4,,10,8,8,8,9,8,10,10,8,10,10,10,7,2,0,,10,5,2,0,,10,3,2,0,,8,10,8,2,0,,7,2,0,,6,4,7,8,9,7,0,0,0,7,0,4,3,4,3,x,La X,2,1,0,0,1,1,-99,-99,-99,-99,-99,-99,-99,1,-99,-99,-99,,-99,-99,-99,-99,-99,-99,-99,1,-99,-99,-99,,2,,-99,-99,-99,-99,-99,-99,-99,,2,,-99,-99,-99,-99,-99,-99,-99,,4,2,,8,,1,1,policia,usan su prepotencia y poder,4,9,6,5,6,5,1,1,1,1,5,,2,2,0,0,0,2,,40,2,9,4,1,1,,4,,ampliacion aeropuerto
1819,7,2,2,2,,,0,,,0,,,0,1,2,1,1,2,2,2,2,2,2,2,2,2,2,1,1,1,-99,1,-99,-99,-99,,-99,4,,5,11,5,5,5,7,10,8,7,10,10,10,7,1,1,10,10,4,1,1,9,10,3,2,0,,6,7,9,2,0,,5,2,0,,7,6,6,6,6,6,6,0,0,7,5,2,2,2,2,x,La X,0,1,0,0,2,2,-99,-99,-99,-99,-99,-99,-99,-99,-99,-99,-99,,-99,1,-99,-99,-99,-99,-99,1,-99,-99,-99,,2,,-99,-99,-99,-99,-99,-99,-99,,1,8,-99,-99,-99,-99,-99,-99,-99,,4,6,,4,,2,1,judiciales,un choque tuvimos yse portaron muy prepotentes,1,6,5,6,7,8,2,1,2,1,1,,2,2,0,0,0,2,,61,4,4,2,1,1,,2,,oasis de juarez
1819,7,3,2,2,,,0,,,0,,,0,1,2,2,1,2,2,2,2,2,2,2,2,2,2,1,-99,-99,1,-99,-99,-99,-99,,-99,3,,8,8,6,5,9,8,10,10,10,10,10,10,7,1,1,10,10,5,1,1,6,10,3,2,0,,9,9,9,2,0,,10,2,0,,8,8,8,10,8,10,9,0,0,10,10,4,5,5,5,parque central,El Parque Central,0,1,0,0,1,1,-99,1,-99,-99,-99,-99,-99,-99,-99,-99,-99,,-99,1,-99,-99,-99,-99,-99,-99,-99,-99,-99,,2,,-99,-99,-99,-99,-99,-99,-99,,2,,-99,-99,-99,-99,-99,-99,-99,,4,2,,6,,1,2,,,1,2,5,6,8,7,2,1,1,1,1,,2,2,0,0,0,2,,55,3,9,3,1,2,,3,,ampliacion aeropuerto
1819,7,2,2,1,9,,1,No hay ninguna persona en educacion media,,3,No hay ninguna persona en educacion superior,,3,1,1,1,1,2,2,2,2,2,1,2,1,2,2,2,-99,-99,-99,1,-99,-99,-99,,-99,4,,8,8,9,9,9,7,7,6,7,10,10,10,7,1,1,10,7,2,1,1,9,10,3,2,0,,6,7,3,1,2,3,5,2,0,,7,3,4,5,3,7,10,0,9,6,4,4,5,5,3,la x la puerta del milenio,Umbral del milenio,2,2,,,,1,1,-99,-99,-99,-99,-99,-99,1,1,-99,-99,,-99,-99,-99,-99,-99,-99,-99,1,1,-99,-99,,1,3,1,1,1,-99,-99,-99,-99,,2,,-99,-99,-99,-99,-99,-99,-99,,4,10,,8,,2,2,,,1,3,6,5,6,7,2,2,1,2,2,,2,2,0,0,0,1,,35,2,9,9,1,3,,4,,ampliacion aeropuerto
6059,7,4,3,1,10,,2,No hay ninguna persona en educacion media,,3,No hay ninguna persona en educacion superior,,3,1,1,1,1,2,1,1,1,2,2,2,2,2,1,1,-99,-99,-99,-99,1,-99,-99,,-99,5,,10,9,10,9,9,10,9,10,10,10,10,10,7,2,0,,10,5,2,0,,10,3,2,0,,5,8,6,2,0,,2,2,0,,8,10,8,8,10,10,0,0,0,10,9,3,5,5,5,la x,La X,1,2,,,,1,-99,-99,-99,-99,-99,-99,-99,1,-99,-99,-99,,-99,-99,-99,-99,-99,-99,-99,1,-99,-99,-99,,2,,-99,-99,-99,-99,-99,-99,-99,,2,,-99,-99,-99,-99,-99,-99,-99,,4,5,,2,,1,2,,,3,9,7,3,4,8,2,1,1,2,5,,2,2,0,0,0,1,,35,2,9,11,1,2,,2,,jardines de aeropuerto
6059,7,2,2,1,9,,1,No hay ninguna persona en educacion media,,3,No hay ninguna persona en educacion superior,,3,1,1,1,1,2,2,2,2,2,2,2,2,2,2,1,1,-99,-99,-99,-99,-99,-99,,-99,1,,5,8,6,6,7,10,8,6,8,10,10,8,7,2,0,,8,5,2,0,,8,3,2,0,,8,9,8,2,0,,3,2,0,,3,10,10,7,10,5,8,0,8,6,0,4,5,5,5,la x,La X,0,2,,,,1,-99,-99,-99,1,-99,-99,-99,-99,1,-99,-99,,-99,-99,-99,-99,1,-99,-99,-99,1,-99,-99,,1,9,-99,-99,-99,-99,-99,-99,-99,,2,,-99,-99,-99,-99,-99,-99,-99,,2,5,,8,,2,2,,,3,2,5,3,6,9,2,1,1,2,7,pavimento,2,2,0,0,0,2,,40,2,2,6,1,1,,2,,jardines de arropuerto
6059,7,2,4,2,,,0,,,0,,,0,1,2,2,2,2,2,2,2,2,2,2,2,2,2,1,-99,-99,-99,-99,-99,-99,-99,,1,8,,8,10,8,6,8,3,10,4,8,10,11,11,0,2,0,,11,0,0,0,,8,3,2,0,,6,4,4,2,0,,3,2,0,,5,11,0,0,0,0,0,0,0,4,0,2,5,5,4,la x,La X,1,2,,,,1,-99,-99,-99,-99,-99,-99,-99,1,-99,-99,-99,,-99,-99,-99,-99,-99,-99,-99,1,-99,-99,-99,,2,,-99,-99,-99,-99,-99,-99,-99,,2,,-99,-99,-99,-99,-99,-99,-99,,2,5,,18,,3,1,municipal,abuso d poder,2,10,8,3,3,8,2,2,2,2,7,servicios,2,2,0,0,0,2,,55,3,2,4,1,2,,2,,jardines del aeropuerto
6059,7,4,3,1,10,,1,10,,1,No hay ninguna persona en educacion superior,,3,2,1,1,1,2,2,2,2,1,2,2,2,2,1,1,-99,-99,1,-99,-99,-99,-99,,-99,3,,10,10,9,10,10,10,10,8,8,10,10,10,7,2,0,,10,5,2,0,,10,3,2,0,,10,9,8,2,0,,2,2,0,,4,10,10,10,1,10,9,0,0,7,7,2,5,5,5,la x,La X,0,2,,,,1,1,-99,-99,-99,-99,-99,-99,-99,1,-99,-99,,-99,-99,-99,-99,-99,-99,-99,-99,1,-99,-99,,1,5,-99,-99,-99,1,1,-99,-99,,2,,-99,-99,-99,-99,-99,-99,-99,,4,15,,18,,3,2,,,3,6,7,5,3,5,2,2,2,2,7,pavimento,2,2,0,0,0,1,,50,3,9,4,1,1,,1,,jardies de aeropuerto
6059,7,2,2,1,No hay ninguna persona en nivel basico,,3,10,,2,10,,1,1,1,1,1,1,1,1,1,1,1,1,1,1,1,1,1,1,1,-99,-99,-99,-99,,-99,2,,8,1,8,7,9,3,9,8,9,10,10,9,7,2,0,,6,3,1,2,4,6,4,2,0,,8,9,7,2,0,,2,2,0,,7,6,6,6,3,6,6,0,6,6,8,4,5,5,5,la x,La X,1,2,,,,1,-99,-99,-99,-99,-99,-99,-99,1,-99,-99,-99,,-99,-99,-99,-99,-99,-99,-99,1,-99,-99,-99,,2,,-99,-99,-99,-99,-99,-99,-99,,2,,-99,-99,-99,-99,-99,-99,-99,,3,5,,15,,2,2,,,3,6,8,8,3,8,1,1,1,1,7,pavimentación,2,2,0,0,0,2,,53,3,2,8,1,3,,3,,jardines de aeropuerto
6059,7,2,1,2,,,0,,,0,,,0,1,1,1,1,1,1,2,2,1,2,2,1,2,1,1,1,-99,-99,-99,-99,-99,-99,,-99,1,,1,2,1,2,3,10,9,7,8,7,5,10,7,2,0,,5,1,2,0,,10,3,2,0,,5,6,7,2,0,,1,2,0,,4,5,6,5,5,6,6,1,8,6,7,4,5,5,5,la x,La X,2,2,,,,1,-99,-99,-99,-99,-99,-99,-99,1,-99,-99,-99,,-99,-99,-99,-99,-99,-99,-99,1,-99,-99,-99,,2,,-99,-99,-99,-99,-99,-99,-99,,2,,-99,-99,-99,-99,-99,-99,-99,,4,5,,2,,3,2,,,4,2,8,6,6,8,2,2,2,2,5,,2,2,0,0,0,2,,53,3,2,9,1,2,,2,,jardines del aeropuerto
6059,7,3,2,2,,,0,,,0,,,0,1,2,1,2,2,2,2,2,2,2,2,2,2,2,2,1,-99,-99,-99,-99,-99,-99,,-99,1,,7,7,6,6,7,6,10,9,9,8,10,8,7,2,0,,10,3,2,0,,10,3,2,0,,7,8,8,2,0,,5,2,0,,8,7,8,8,9,8,8,9,9,8,8,3,4,4,4,pueblito mexicano,El pueblito mexicano,3,2,,,,1,-99,-99,-99,-99,-99,-99,-99,1,-99,1,-99,,-99,-99,-99,-99,-99,-99,-99,1,-99,1,-99,,2,,-99,-99,-99,-99,-99,-99,-99,,1,6,-99,-99,-99,-99,1,-99,-99,,3,3,,9,,3,2,,,3,2,8,6,7,8,2,1,2,1,6,,2,2,0,0,0,2,,31,2,2,8,1,2,,4,,jardines del aeropuerto
6059,7,2,2,1,8,,1,9,,1,9,,1,1,1,1,1,2,1,2,2,2,2,2,2,2,2,1,-99,1,-99,-99,-99,-99,-99,,-99,2,,8,8,8,10,9,8,9,8,8,9,9,9,7,2,0,,10,4,1,1,9,10,3,2,0,,9,9,9,2,0,,9,2,0,,9,8,7,8,6,5,7,1,7,8,8,3,2,5,5,museo de juan Gabriel,La casa de Juan Gabriel,2,1,1,0,0,1,-99,-99,-99,-99,-99,-99,-99,-99,1,1,-99,,-99,-99,-99,-99,-99,-99,-99,1,1,1,-99,,1,10,-99,-99,-99,-99,-99,-99,-99,,1,10,-99,-99,-99,-99,-99,-99,-99,,4,5,,2,,1,2,,,1,9,10,9,7,10,2,2,2,2,2,,2,2,0,0,0,1,,50,3,2,6,1,2,,3,,jardines del aeropuerto
6059,7,3,2,2,,,0,,,0,,,0,1,2,1,2,2,2,2,2,2,2,2,2,2,2,1,1,-99,-99,-99,-99,-99,-99,,-99,1,,2,5,5,5,8,8,10,6,9,8,10,9,7,2,0,,10,4,2,0,,10,3,2,0,,5,7,7,2,0,,1,2,0,,7,2,5,7,8,5,8,2,5,8,8,4,4,3,3,museo de 16,La casa de Juan Gabriel,2,2,,,,1,-99,-99,-99,-99,-99,-99,-99,1,1,1,-99,,-99,-99,-99,-99,-99,-99,-99,1,1,1,-99,,1,10,-99,-99,-99,-99,-99,-99,-99,,1,10,-99,-99,-99,-99,-99,-99,-99,,4,5,,2,,1,2,,,3,9,10,8,6,10,2,2,2,2,7,falta de topes,2,2,0,0,0,2,,55,3,2,4,1,1,,2,,jardines del aeropuerto
6059,7,3,2,2,,,0,,,0,,,0,1,1,1,1,2,2,2,2,2,2,2,2,2,2,1,1,-99,-99,-99,-99,-99,-99,,-99,1,,6,6,6,6,8,6,9,8,8,6,8,7,7,2,0,,10,3,2,0,,10,3,2,0,,8,8,8,2,0,,6,2,0,,6,6,7,7,5,4,5,1,5,6,7,4,4,4,4,la x,La X,1,1,0,0,1,1,-99,-99,-99,1,-99,-99,-99,-99,1,1,-99,,-99,-99,-99,-99,-99,-99,-99,1,1,1,-99,,1,8,-99,-99,-99,-99,-99,-99,-99,,1,10,-99,-99,-99,-99,-99,-99,-99,,3,5,,6,,1,2,,,1,1,8,7,5,6,2,1,2,2,2,,2,2,0,0,0,2,,56,3,2,2,1,1,,3,,jardines del aeropuerto
6059,7,2,3,2,,,0,,,0,,,0,1,2,1,1,1,2,2,2,2,2,2,2,2,2,1,1,-99,-99,-99,-99,-99,-99,,-99,1,,8,8,8,8,8,8,9,9,9,9,9,9,7,2,0,,9,3,2,0,,9,3,2,0,,8,8,8,2,0,,8,2,0,,8,8,8,8,8,8,8,8,8,8,7,4,5,5,5,la x,La X,1,2,,,,2,-99,-99,-99,-99,-99,-99,-99,-99,-99,-99,-99,,-99,-99,-99,-99,-99,-99,-99,1,-99,-99,-99,,2,,-99,-99,-99,-99,-99,-99,-99,,2,,-99,-99,-99,-99,-99,-99,-99,,4,15,,5,,1,2,,,3,4,9,7,7,7,2,2,2,1,2,,2,2,0,0,0,2,,52,3,4,4,1,1,,1,,jardines del aeropuerto
6059,7,4,2,2,,,0,,,0,,,0,1,2,1,2,2,2,2,2,2,2,2,2,2,2,2,1,-99,-99,-99,-99,-99,-99,,-99,1,,8,8,8,8,10,10,6,6,10,8,10,10,7,2,0,,10,5,2,0,,10,3,2,0,,6,9,8,2,0,,5,2,0,,7,11,0,0,0,0,0,0,11,5,0,4,5,5,5,centro de juarez,El centro,0,2,,,,1,1,-99,-99,-99,-99,-99,-99,-99,-99,-99,-99,,1,-99,-99,-99,-99,-99,-99,-99,-99,-99,-99,,2,,-99,-99,-99,-99,-99,-99,-99,,2,,-99,-99,-99,-99,-99,-99,-99,,4,5,,1,,1,2,,,2,1,7,4,1,7,1,1,1,1,2,,2,2,0,0,0,2,,82,4,8,11,1,1,,1,,jardines  del aeropuerto
6059,7,3,3,1,No hay ninguna persona en nivel basico,,3,No hay ninguna persona en educacion media,,3,9,,2,1,1,1,2,2,2,1,2,2,1,2,1,2,1,1,1,-99,-99,-99,-99,-99,1,HOSPITAL GENERAL,-99,7,HOSPITAL GENERAL,9,9,9,8,9,8,10,10,9,10,10,10,7,2,0,,9,5,2,0,,10,3,2,0,,8,8,8,2,0,,2,2,0,,3,5,5,4,2,3,11,0,11,4,0,4,4,4,4,parqu central,El Parque Central,1,2,,,,2,-99,-99,-99,-99,-99,-99,-99,-99,-99,-99,-99,,-99,-99,-99,-99,-99,-99,-99,1,-99,-99,-99,,2,,-99,-99,-99,-99,-99,-99,-99,,2,,-99,-99,-99,-99,-99,-99,-99,,4,5,,3,,1,2,,,2,1,8,7,3,8,1,1,1,1,6,,2,2,0,0,0,2,,76,4,8,6,1,2,,2,,jardines del aeropuerto
6059,7,2,3,1,No hay ninguna persona en nivel basico,,3,No hay ninguna persona en educacion media,,3,8,,1,1,1,1,2,2,1,2,2,1,2,2,2,2,1,1,-99,1,-99,-99,1,-99,-99,,-99,5,,8,8,9,9,9,9,10,8,8,8,8,8,7,2,0,,8,3,2,0,,8,3,2,0,,8,7,8,2,0,,5,2,0,,6,11,0,0,0,0,7,0,0,0,2,1,5,5,5,monuento,El monumento a Benito Juárez,2,1,2,0,0,1,-99,-99,-99,-99,-99,-99,-99,1,-99,-99,-99,,-99,-99,-99,-99,-99,-99,-99,1,-99,-99,-99,,2,,-99,-99,-99,-99,-99,-99,-99,,2,,-99,-99,-99,-99,-99,-99,-99,,3,5,,7,,1,1,transitos,piden  mordidas aun y cuando no seamos responsables,1,4,6,5,1,9,1,1,1,1,5,,1,0,1,1,1,2,,56,3,3,8,1,2,,2,,jjardines del aeropuerto
6059,7,3,2,2,,,0,,,0,,,0,1,1,1,2,1,1,2,2,2,2,2,2,2,2,1,-99,-99,-99,-99,1,-99,-99,,-99,5,,10,10,10,10,10,8,10,10,8,8,9,8,7,2,0,,10,5,2,0,,8,2,2,0,,5,5,5,2,0,,7,2,0,,8,7,8,8,8,8,8,11,8,6,6,1,4,4,4,monumento a juarez,El monumento a Benito Juárez,1,1,0,0,1,1,-99,-99,-99,-99,-99,-99,-99,1,-99,-99,-99,,-99,-99,-99,-99,-99,-99,-99,1,-99,-99,-99,,2,,-99,-99,-99,-99,-99,-99,-99,,2,,-99,-99,-99,-99,-99,-99,-99,,4,13,,5,,1,2,,,3,1,9,1,1,8,1,1,2,1,6,,2,2,0,0,0,2,,50,3,9,8,1,2,,2,,jardines del aeropuerto
6059,7,3,2,2,,,0,,,0,,,0,1,1,1,1,2,1,1,2,1,2,2,2,2,2,2,1,-99,-99,-99,-99,-99,-99,,-99,1,,7,7,8,4,4,6,7,8,7,9,9,9,7,2,0,,5,5,2,0,,10,3,2,0,,6,5,5,2,0,,3,2,0,,3,2,4,3,3,3,3,3,3,3,2,4,4,4,2,la x,La X,1,2,,,,2,-99,-99,-99,-99,-99,-99,-99,-99,-99,-99,-99,,-99,-99,-99,-99,-99,-99,-99,1,-99,-99,-99,,2,,-99,-99,-99,-99,-99,-99,-99,,2,,-99,-99,-99,-99,-99,-99,-99,,4,6,,6,,1,2,,,4,9,5,4,4,7,2,1,2,1,5,,2,2,0,0,0,1,,46,3,1,2,1,1,,1,,jardinesd el aeropuerto
6059,7,3,2,2,,,0,,,0,,,0,1,1,1,1,2,2,2,2,2,2,2,2,2,2,1,1,-99,-99,-99,-99,-99,-99,,-99,1,,9,5,3,6,10,10,10,10,10,10,3,2,7,2,0,,10,5,2,0,,10,3,2,0,,6,4,5,2,0,,2,2,0,,8,9,9,9,9,3,8,2,1,3,7,4,4,4,4,la x,La X,1,2,,,,1,1,-99,-99,-99,-99,-99,-99,-99,-99,-99,-99,,-99,-99,-99,-99,-99,1,-99,-99,-99,-99,-99,,2,,-99,-99,-99,-99,-99,-99,-99,,2,,-99,-99,-99,-99,-99,-99,-99,,4,3,,4,,1,2,,,2,9,4,2,5,5,2,2,2,2,5,,2,2,0,0,0,1,,64,4,7,2,1,1,,1,,jardines de el aeropuerto
6059,7,3,2,2,,,0,,,0,,,0,2,2,1,2,2,2,2,2,2,2,2,2,2,2,1,-99,-99,1,-99,-99,-99,-99,,-99,3,,7,9,7,7,8,8,7,7,8,10,10,8,7,2,0,,7,5,2,0,,10,2,2,0,,5,7,6,2,0,,4,2,0,,5,3,4,3,5,3,5,3,4,5,3,4,4,4,2,le centro,El centro,0,2,,,,2,-99,-99,-99,-99,-99,-99,-99,-99,-99,-99,-99,,1,-99,-99,-99,-99,-99,-99,-99,-99,-99,-99,,2,,-99,-99,-99,-99,-99,-99,-99,,2,,-99,-99,-99,-99,-99,-99,-99,,4,4,,6,,1,2,,,6,9,4,2,4,4,1,2,2,2,4,,2,2,0,0,0,1,,79,4,1,2,1,1,,1,,jardinesd aeropuerto
6059,7,2,2,1,9,,2,No hay ninguna persona en educacion media,,3,No hay ninguna persona en educacion superior,,3,1,1,1,1,1,1,2,2,1,2,2,2,2,1,1,-99,-99,-99,1,-99,-99,-99,,-99,4,,8,10,10,9,10,10,10,10,10,10,7,7,7,2,0,,7,5,2,0,,10,3,2,0,,6,5,8,2,0,,5,2,0,,7,6,5,5,7,8,8,0,2,6,1,1,2,4,1,la x,La X,1,1,3,0,0,1,-99,-99,-99,-99,-99,-99,-99,1,-99,-99,-99,,-99,-99,-99,-99,-99,-99,-99,1,-99,-99,-99,,2,,-99,-99,-99,-99,-99,-99,-99,,2,,-99,-99,-99,-99,-99,-99,-99,,4,2,,6,,2,2,,,3,9,8,2,4,3,2,1,2,1,5,,2,2,0,0,0,1,,33,2,7,8,1,1,,1,,jardines deel aeropuerto
6059,7,3,2,2,,,0,,,0,,,0,1,1,1,1,2,1,1,2,1,1,1,1,1,1,1,1,-99,-99,-99,-99,-99,-99,,-99,1,,8,7,7,6,5,8,1,2,4,2,2,1,7,2,0,,4,5,2,0,,8,2,2,0,,2,1,7,2,0,,2,2,0,,8,2,1,1,1,1,5,0,0,2,4,1,4,4,1,la plaza,OTRO,1,2,,,,1,-99,-99,-99,1,-99,-99,-99,-99,-99,-99,-99,,-99,-99,-99,-99,-99,-99,-99,1,-99,-99,-99,,2,,-99,-99,-99,-99,-99,-99,-99,,2,,-99,-99,-99,-99,-99,-99,-99,,4,2,,5,,1,2,,,4,6,2,2,2,2,1,2,1,2,5,,2,2,0,0,0,1,,48,3,2,7,1,1,,1,,jardine en de aeropuerto
6059,7,3,2,1,8,,1,No hay ninguna persona en educacion media,,3,No hay ninguna persona en educacion superior,,3,2,1,1,1,2,2,2,2,2,2,2,2,2,2,2,1,-99,-99,-99,-99,-99,-99,,-99,1,,10,10,7,8,8,6,10,9,9,10,9,9,7,2,0,,10,4,2,0,,10,3,2,0,,8,7,8,2,0,,6,2,0,,7,8,8,8,8,8,8,0,0,8,4,4,4,4,4,psrque central,El Parque Central,1,1,2,0,0,1,1,-99,-99,-99,-99,-99,-99,-99,-99,-99,-99,,-99,-99,-99,-99,-99,-99,-99,1,-99,-99,-99,,2,,-99,-99,-99,-99,-99,-99,-99,,2,,-99,-99,-99,-99,-99,-99,-99,,4,6,,2,,1,2,,,1,9,8,6,3,7,2,2,1,1,2,,2,2,0,0,0,2,,36,2,2,4,1,2,,2,,jardines fel aeropuertp
6059,7,3,2,2,,,0,,,0,,,0,1,2,2,1,2,2,2,2,2,2,2,2,2,2,2,-99,-99,-99,1,-99,-99,-99,,-99,4,,10,10,8,8,9,10,9,8,8,10,9,8,7,2,0,,10,5,2,0,,8,3,2,0,,8,8,8,2,0,,9,2,0,,9,9,8,8,7,8,0,0,0,8,6,4,5,5,5,catedral,La Catedral,0,2,,,,2,-99,-99,-99,-99,-99,-99,-99,-99,-99,-99,-99,,-99,-99,-99,-99,-99,1,-99,-99,-99,-99,-99,,2,,-99,-99,-99,-99,-99,-99,-99,,2,,-99,-99,-99,-99,-99,-99,-99,,4,5,,2,,1,2,,,1,3,7,8,8,8,1,1,1,1,2,,2,2,0,0,0,1,,67,4,8,2,1,1,,3,,jardines de aeropuerto
6059,7,3,2,2,,,0,,,0,,,0,1,1,1,1,1,2,2,2,1,1,1,2,1,1,1,1,-99,-99,1,-99,-99,-99,,-99,4,,6,6,6,6,6,8,10,9,9,6,10,9,7,2,0,,10,5,2,0,,9,3,2,0,,7,5,5,2,0,,1,2,0,,6,3,4,3,1,2,1,0,0,2,1,3,3,3,3,x,La X,1,1,0,0,1,1,1,-99,-99,-99,-99,-99,-99,1,-99,1,-99,,-99,-99,-99,-99,-99,-99,-99,1,-99,1,-99,,2,,-99,-99,-99,-99,-99,-99,-99,,1,7,-99,-99,-99,-99,-99,-99,-99,,4,11,,5,,1,2,,,1,1,8,6,6,7,1,1,1,1,2,,2,2,0,0,0,2,,66,4,8,2,1,1,,4,,jardines del aeropuerto
6059,7,2,3,1,10,,1,9,,1,No hay ninguna persona en educacion superior,,3,1,1,1,1,2,1,1,1,1,2,2,2,2,2,2,-99,-99,-99,1,-99,-99,-99,,-99,4,,9,9,9,9,8,9,10,9,9,10,1,6,7,2,0,,10,4,2,0,,7,3,2,0,,7,8,8,2,0,,7,2,0,,7,8,7,7,7,7,7,0,0,8,0,2,4,4,4,vstedral,La catedral,0,1,2,0,0,1,1,-99,-99,-99,-99,-99,-99,-99,-99,-99,-99,,1,-99,-99,-99,-99,1,-99,-99,-99,-99,-99,,2,,-99,-99,-99,-99,-99,-99,-99,,2,,-99,-99,-99,-99,-99,-99,-99,,4,6,,6,,1,2,,,1,9,8,8,7,7,2,2,2,1,2,,2,2,0,0,0,1,,30,2,9,4,1,1,,3,,jardines del aeropuerto
6059,7,3,2,2,,,0,,,0,,,0,1,2,1,1,2,2,2,2,2,2,2,2,1,1,2,1,-99,-99,1,-99,-99,-99,,-99,4,,7,7,7,6,6,6,9,9,9,8,8,8,7,2,0,,5,3,2,0,,9,3,2,0,,7,8,7,2,0,,8,2,0,,8,7,5,6,6,6,6,0,0,7,0,2,4,4,4,lacatedral,La Catedral,1,1,0,0,1,1,-99,-99,-99,-99,-99,-99,-99,1,1,1,-99,,-99,-99,-99,-99,-99,-99,-99,1,1,1,-99,,1,10,-99,-99,-99,-99,-99,-99,-99,,1,10,-99,-99,-99,-99,-99,-99,-99,,4,2,,8,,1,2,,,3,9,5,5,7,9,1,1,1,1,5,,2,2,0,0,0,1,,69,4,9,2,1,2,,3,,jardines del aeropuerto
7108,2,2,3,2,,,0,,,0,,,0,1,2,2,2,2,2,2,2,2,2,2,2,2,2,2,1,-99,-99,-99,-99,-99,-99,,-99,1,,5,9,8,2,8,1,10,10,8,8,9,9,7,2,0,,10,5,2,0,,10,3,2,0,,6,2,4,2,0,,10,2,0,,3,11,0,0,0,0,0,0,8,9,2,3,2,3,3,la x,La X,2,2,,,,2,-99,-99,-99,-99,-99,-99,-99,-99,-99,-99,-99,,-99,-99,-99,-99,-99,-99,-99,1,-99,-99,-99,,2,,-99,-99,-99,-99,-99,-99,-99,,1,9,-99,-99,-99,-99,-99,-99,-99,,3,18,,5,,3,2,,,5,6,5,3,5,5,2,1,1,1,7,alumnrado,2,2,0,0,0,1,,40,2,1,4,1,1,,1,,lilas no
7108,2,2,2,2,,,0,,,0,,,0,1,2,2,2,2,2,2,2,2,2,2,2,2,2,2,-99,-99,-99,-99,-99,1,-99,,-99,6,,,,,,,,9,9,9,10,10,10,7,2,0,,10,3,2,0,,10,3,2,0,,8,10,6,2,0,,8,2,0,,7,11,0,0,0,0,0,0,6,9,6,4,2,2,2,la estatua benito,El monumento a Benito Juárez,0,2,,,,1,-99,-99,-99,1,-99,-99,-99,-99,1,-99,-99,,-99,-99,-99,-99,-99,1,-99,-99,1,-99,-99,,1,8,-99,-99,-99,-99,-99,-99,-99,,2,,-99,-99,-99,-99,-99,-99,-99,,3,5,,2,,1,2,,,3,6,8,5,3,9,2,2,2,2,2,,2,2,0,0,0,2,,47,3,2,6,1,2,,3,,lilad
7108,2,4,1,1,9,,1,No hay ninguna persona en educacion media,,3,No hay ninguna persona en educacion superior,,3,1,1,1,1,2,1,2,2,2,2,2,2,2,2,1,1,-99,-99,1,-99,-99,-99,,-99,4,,9,9,9,10,9,10,10,10,9,10,10,10,7,2,0,,10,5,2,0,,10,3,2,0,,8,10,9,2,0,,9,2,0,,9,10,10,10,7,9,8,0,7,7,0,4,4,4,4,la x,La X,3,2,,,,1,-99,-99,-99,-99,-99,-99,-99,1,-99,-99,-99,,-99,-99,-99,-99,-99,-99,-99,1,-99,-99,-99,,2,,-99,-99,-99,-99,-99,-99,-99,,2,,-99,-99,-99,-99,-99,-99,-99,,4,5,,12,,1,2,,,3,8,7,6,4,8,1,1,1,2,2,,2,2,0,0,0,2,,29,1,2,4,1,2,,2,,las lilas
7108,2,3,1,1,2,mas clases,1,No hay ninguna persona en educacion media,,3,No hay ninguna persona en educacion superior,,3,1,1,1,1,2,2,2,2,2,2,2,2,2,2,1,1,-99,-99,-99,-99,-99,-99,,-99,1,,10,10,7,7,9,10,10,9,10,10,10,7,7,2,0,,10,5,2,0,,10,3,2,0,,9,8,9,2,0,,8,2,0,,10,11,0,0,0,0,10,0,9,8,0,3,5,5,5,la x,La X,1,2,,,,1,-99,-99,-99,-99,-99,-99,-99,1,-99,-99,-99,,-99,-99,-99,-99,-99,-99,-99,1,-99,-99,-99,,2,,-99,-99,-99,-99,-99,-99,-99,,2,,-99,-99,-99,-99,-99,-99,-99,,4,5,,15,,1,2,,,3,8,7,3,3,6,2,1,1,1,6,,2,2,0,0,0,1,,57,3,2,4,1,1,,1,,lilas
7108,2,1,3,2,,,0,,,0,,,0,1,1,2,1,2,2,2,2,1,2,2,2,2,2,1,-99,-99,-99,-99,-99,1,-99,,-99,6,,,,,,,,8,8,9,9,10,10,7,2,0,,10,3,1,1,9,10,3,2,0,,10,10,4,2,0,,9,2,0,,3,11,0,0,0,0,0,0,9,9,0,4,5,5,5,central,El Parque Central,2,2,,,,2,-99,-99,-99,-99,-99,-99,-99,-99,-99,-99,-99,,-99,-99,-99,-99,-99,-99,-99,1,1,-99,-99,,1,10,-99,-99,-99,-99,-99,-99,-99,,2,,-99,-99,-99,-99,-99,-99,-99,,4,5,,6,,1,2,,,1,2,7,3,2,8,2,1,1,1,7,alumbrado,2,2,0,0,0,2,,56,3,4,6,1,2,,2,,lilas
7108,2,5,2,1,No hay ninguna persona en nivel basico,,3,No hay ninguna persona en educacion media,,3,8,,1,1,1,1,1,1,1,1,2,1,1,1,2,1,2,1,1,-99,-99,-99,-99,-99,-99,,-99,1,,7,7,2,5,5,1,8,6,8,10,10,10,7,2,0,,10,5,1,1,8,8,3,2,0,,7,8,6,2,0,,6,2,0,,8,10,7,8,5,5,6,8,5,7,1,4,5,2,2,gardie,El Gardie,0,2,,,,1,-99,-99,-99,1,-99,-99,-99,-99,1,-99,-99,,-99,-99,-99,-99,-99,-99,1,-99,1,-99,-99,,1,9,-99,-99,-99,-99,-99,-99,-99,,2,,-99,-99,-99,-99,-99,-99,-99,,2,5,,1,,1,1,municipales,acoso,2,10,8,4,2,8,2,1,1,2,6,,2,2,0,0,0,2,,34,2,6,6,1,2,,3,,las lilas
7108,2,3,2,2,,,0,,,0,,,0,1,1,1,1,2,1,1,1,1,2,2,2,2,2,2,1,-99,-99,-99,-99,-99,-99,,-99,1,,4,7,2,5,8,9,8,8,7,10,10,10,7,2,0,,9,5,2,0,,9,3,2,0,,10,10,9,2,0,,5,2,0,,10,5,2,8,2,8,3,3,2,8,6,4,2,4,2,la x,La X,1,2,,,,1,-99,-99,-99,1,-99,-99,-99,-99,-99,-99,-99,,-99,-99,-99,-99,-99,-99,-99,1,-99,-99,-99,,2,,-99,-99,-99,-99,-99,-99,-99,,2,,-99,-99,-99,-99,-99,-99,-99,,2,6,,5,,1,2,,,3,2,5,2,4,10,2,1,1,1,5,,2,2,0,0,0,2,,19,1,2,8,1,1,,1,,fraccionamiento laslilas
7108,2,4,2,2,,,0,,,0,,,0,1,1,1,1,1,1,2,2,1,2,1,1,1,1,1,1,-99,-99,-99,-99,-99,-99,,-99,1,,7,5,8,7,7,8,10,10,10,10,10,10,7,2,0,,9,5,2,0,,9,3,2,0,,6,8,8,2,0,,8,2,0,,7,8,4,7,7,1,9,5,4,6,6,4,4,4,4,el zapata,El monumento a Zapata,3,2,,,,1,-99,-99,-99,1,-99,-99,-99,-99,-99,-99,-99,,-99,-99,-99,-99,-99,-99,-99,1,-99,-99,-99,,2,,-99,-99,-99,-99,-99,-99,-99,,2,,-99,-99,-99,-99,-99,-99,-99,,4,6,,2,,2,2,,,3,3,6,3,5,7,2,2,2,2,5,,2,2,0,0,0,2,,18,1,2,7,1,1,,1,,fraccionamiento las lilas
7108,2,4,2,2,,,0,,,0,,,0,1,1,1,1,1,1,1,1,1,1,1,1,1,1,1,1,-99,-99,-99,-99,-99,-99,,-99,1,,7,9,6,9,10,10,9,9,7,9,9,8,7,2,0,,10,5,2,0,,10,3,2,0,,8,4,6,2,0,,7,2,0,,6,6,2,8,8,8,8,4,8,7,4,4,2,2,2,parqe vorunda,El parque borunda,1,2,,,,1,-99,-99,-99,-99,-99,-99,-99,1,-99,-99,-99,,-99,-99,-99,-99,-99,-99,-99,1,-99,-99,-99,,2,,-99,-99,-99,-99,-99,-99,-99,,2,,-99,-99,-99,-99,-99,-99,-99,,4,2,,6,,1,2,,,4,9,7,2,7,5,2,1,2,2,5,,2,2,0,0,0,2,,26,1,2,11,1,1,,1,,fraccionamiento las lilas
7108,2,4,2,1,No hay ninguna persona en nivel basico,,3,9,,2,No hay ninguna persona en educacion superior,,3,1,1,1,1,2,2,2,2,2,2,2,2,2,2,1,1,-99,-99,-99,-99,-99,-99,,-99,1,,5,6,3,5,7,6,10,10,9,10,3,3,7,2,0,,5,5,1,1,9,9,3,2,0,,8,9,8,2,0,,2,2,0,,4,5,2,8,8,8,3,0,6,7,2,4,4,4,4,parque central,El Parque Central,1,2,,,,1,-99,-99,-99,1,-99,-99,-99,-99,-99,-99,-99,,-99,-99,-99,-99,-99,-99,-99,1,-99,-99,-99,,2,,-99,-99,-99,-99,-99,-99,-99,,2,,-99,-99,-99,-99,-99,-99,-99,,4,2,,9,,2,2,,,3,3,8,3,5,7,2,1,1,2,5,,2,2,0,0,0,2,,49,3,2,4,1,1,,1,,paseo de laslilas
7108,2,3,2,2,,,0,,,0,,,0,1,1,1,1,2,1,2,2,2,2,2,2,2,1,1,1,-99,-99,-99,-99,-99,-99,,-99,1,,7,7,3,5,7,8,7,9,8,9,9,7,7,2,0,,8,5,2,0,,8,3,2,0,,5,7,8,2,0,,7,2,0,,6,6,2,8,4,1,5,3,4,6,5,4,4,4,4,la estatua,OTRO,1,2,,,,1,-99,-99,-99,-99,-99,-99,-99,1,-99,-99,-99,,-99,-99,-99,-99,-99,-99,-99,1,-99,-99,-99,,2,,-99,-99,-99,-99,-99,-99,-99,,2,,-99,-99,-99,-99,-99,-99,-99,,4,7,,4,,1,2,,,3,9,6,4,7,10,2,1,2,1,2,,2,2,0,0,0,2,,18,1,2,6,1,1,,1,,fraccionamiento las lilas
7108,2,4,1,2,,,0,,,0,,,0,1,1,1,1,2,2,2,2,2,2,2,2,2,2,1,1,-99,-99,-99,-99,-99,-99,,-99,1,,4,5,5,5,5,9,8,10,9,10,10,9,7,2,0,,9,2,3,0,,7,3,2,0,,6,7,5,2,0,,2,2,0,,8,3,1,1,1,2,1,1,8,5,6,4,4,4,4,ka catedral,La Catedral,1,2,,,,2,-99,-99,-99,-99,-99,-99,-99,-99,-99,-99,-99,,-99,-99,-99,-99,-99,-99,-99,1,-99,-99,-99,,2,,-99,-99,-99,-99,-99,-99,-99,,2,,-99,-99,-99,-99,-99,-99,-99,,4,5,,7,,1,2,,,1,2,5,5,6,6,2,1,1,2,5,,2,2,0,0,0,1,,40,2,1,4,1,1,,1,,fraccionamiento lilas
7108,2,3,2,1,6,,1,No hay ninguna persona en educacion media,,3,No hay ninguna persona en educacion superior,,3,1,1,1,1,2,1,2,2,2,2,2,2,2,2,2,1,-99,-99,-99,-99,-99,-99,,-99,1,,7,8,8,8,7,8,10,10,10,10,7,8,7,2,0,,9,5,2,0,,9,3,2,0,,8,9,8,2,0,,7,2,0,,9,7,9,9,9,5,7,7,5,8,9,4,4,4,4,juan gabriel,La casa de Juan Gabriel,1,1,2,0,0,1,-99,-99,-99,1,-99,-99,-99,-99,-99,-99,-99,,-99,-99,-99,-99,-99,-99,-99,1,-99,-99,-99,,2,,-99,-99,-99,-99,-99,-99,-99,,2,,-99,-99,-99,-99,-99,-99,-99,,4,2,,5,,2,2,,,3,9,7,7,7,7,2,1,2,2,5,,2,2,0,0,0,1,,27,1,2,6,1,1,,1,,fraccionamiento las lilas
7108,2,4,2,1,8,,1,No hay ninguna persona en educacion media,,3,No hay ninguna persona en educacion superior,,3,1,2,1,1,2,1,2,2,2,2,2,2,2,2,2,1,-99,-99,-99,-99,-99,-99,,-99,1,,10,10,5,5,7,9,10,9,9,10,10,10,7,2,0,,7,5,2,0,,7,2,2,0,,7,7,7,2,0,,7,2,0,,8,6,1,1,1,1,6,3,6,7,8,4,3,4,4,la x,La X,0,2,,,,1,-99,-99,-99,1,-99,-99,-99,-99,-99,-99,-99,,-99,-99,-99,-99,-99,1,-99,-99,-99,-99,-99,,2,,-99,-99,-99,-99,-99,-99,-99,,2,,-99,-99,-99,-99,-99,-99,-99,,4,7,,2,,1,2,,,3,9,7,8,3,8,2,1,2,1,2,,2,2,0,0,0,1,,20,1,2,4,1,1,,2,,fraccionamiento
7108,2,4,2,1,10,,1,10,,1,10,,1,1,1,1,1,1,1,1,1,1,1,1,1,1,1,2,-99,-99,-99,1,-99,-99,-99,,-99,4,,10,10,10,10,10,10,5,5,6,10,10,10,7,1,1,9,8,3,1,1,8,10,3,2,0,,1,10,1,1,2,1,2,2,0,,8,1,1,8,1,1,1,10,8,0,4,1,5,5,5,rodadora,La Rodadora,2,1,1,1,0,1,-99,-99,-99,1,-99,-99,-99,-99,1,-99,-99,,-99,-99,-99,-99,-99,-99,-99,1,1,-99,-99,,1,8,-99,-99,-99,-99,-99,-99,-99,,2,,-99,-99,-99,-99,-99,-99,-99,,4,5,,6,,3,1,policía municipal,cateo sin orden,2,1,10,8,2,10,2,1,2,1,7,animales,2,2,0,0,0,2,,21,1,2,6,1,3,,4,,colinas del norte
7108,2,2,2,2,,,0,,,0,,,0,1,1,1,1,2,1,2,2,1,2,2,2,2,2,1,1,-99,-99,-99,-99,-99,-99,,-99,1,,10,10,7,6,10,8,10,10,10,10,10,9,7,2,0,,10,3,2,0,,10,3,2,0,,10,10,6,2,0,,9,2,0,,9,8,10,10,10,5,7,5,6,8,8,4,5,5,3,catedral,La Catedral,0,2,,,,1,-99,-99,-99,1,-99,-99,-99,-99,1,-99,-99,,-99,-99,-99,-99,-99,1,-99,-99,1,-99,-99,,1,8,-99,-99,-99,-99,-99,-99,-99,,2,,-99,-99,-99,-99,-99,-99,-99,,4,5,,2,,1,2,,,3,2,8,8,5,10,2,2,2,2,1,,2,2,0,0,0,1,,51,3,2,4,1,1,,2,,colinas del norte
7108,2,3,2,2,,,0,,,0,,,0,1,1,1,1,2,2,2,2,2,2,2,2,2,2,1,1,-99,-99,-99,-99,-99,-99,,-99,1,,9,9,5,5,10,5,10,10,8,5,10,10,7,2,0,,8,3,2,0,,10,3,2,0,,8,10,9,2,0,,10,2,0,,10,8,10,10,10,9,6,5,8,5,5,4,5,5,5,la x,La X,1,2,,,,1,-99,-99,-99,1,-99,-99,-99,-99,1,-99,-99,,1,-99,-99,-99,-99,-99,-99,1,1,-99,-99,,1,8,-99,-99,-99,-99,-99,-99,-99,,2,,-99,-99,-99,-99,-99,-99,-99,,4,5,,9,,1,2,,,2,9,8,5,5,9,1,1,2,1,2,,2,2,0,0,0,1,,50,3,2,3,1,1,,2,,colinas del sur
7108,2,3,2,1,8,,1,8,,1,9,,1,1,1,1,1,2,1,1,1,2,2,2,2,1,2,2,1,-99,-99,-99,-99,-99,-99,,-99,1,,6,7,7,6,7,8,10,9,7,9,9,9,7,2,0,,9,3,2,0,,9,3,2,0,,8,8,8,2,0,,7,2,0,,8,7,8,8,8,8,8,8,5,7,7,3,5,5,5,la x,La X,2,2,,,,1,-99,-99,-99,-99,-99,-99,-99,1,-99,-99,-99,,-99,-99,-99,-99,-99,-99,-99,1,-99,-99,-99,,2,,-99,-99,-99,-99,-99,-99,-99,,2,,-99,-99,-99,-99,-99,-99,-99,,4,9,,2,,1,2,,,3,9,8,4,4,7,2,2,2,2,2,,2,2,0,0,0,2,,47,3,2,8,1,3,,3,,colinas del norte
7108,2,4,2,1,8,,1,9,,1,9,,1,1,1,1,1,2,1,2,2,2,2,2,2,1,2,1,1,-99,-99,-99,-99,-99,-99,,-99,1,,5,7,4,6,6,11,9,8,7,8,4,8,7,2,0,,10,3,2,0,,10,3,2,0,,9,9,8,2,0,,4,2,0,,8,7,7,8,8,8,7,4,8,6,6,1,4,4,4,el centro,El centro,1,2,,,,1,-99,-99,-99,-99,-99,-99,-99,1,1,-99,-99,,-99,-99,-99,-99,-99,-99,-99,1,1,-99,-99,,1,7,1,1,-99,-99,-99,-99,-99,,2,,-99,-99,-99,-99,-99,-99,-99,,3,7,,15,,2,1,policía,corruptos,1,3,10,10,5,9,1,2,2,1,2,,2,2,0,0,0,2,,50,3,2,8,1,1,,2,,colinas del norte
7108,2,3,1,2,,,0,,,0,,,0,1,1,1,1,2,2,2,2,2,2,2,2,2,2,1,-99,-99,-99,-99,1,-99,-99,,-99,5,,9,9,10,10,10,10,10,10,10,9,10,9,7,2,0,,10,3,2,0,,10,3,2,0,,8,10,8,2,0,,7,2,0,,8,7,9,9,9,8,8,2,8,8,8,3,4,4,4,catedral,La Catedral,0,2,,,,1,-99,-99,-99,1,-99,-99,-99,-99,1,-99,-99,,-99,-99,-99,-99,-99,-99,-99,-99,1,-99,-99,,1,9,-99,-99,-99,-99,-99,-99,-99,,2,,-99,-99,-99,-99,-99,-99,-99,,2,7,,5,,3,2,,,2,1,3,7,5,10,2,1,2,1,5,,2,2,0,0,0,2,,58,3,2,7,1,2,,2,,colinas del sur
7108,2,3,2,1,7,,1,6,,1,9,,1,1,2,1,1,2,2,2,2,2,2,2,2,2,1,1,1,-99,-99,-99,-99,-99,-99,,-99,1,,7,7,5,7,7,9,10,10,10,10,7,10,7,1,1,8,10,3,2,0,,10,3,2,0,,8,10,8,2,0,,8,2,0,,10,5,3,7,2,5,5,1,8,8,8,4,5,5,2,estadio Benito Juárez,El monumento a Benito Juárez,2,1,0,0,1,1,-99,-99,-99,-99,-99,-99,-99,1,-99,-99,-99,,-99,-99,-99,-99,-99,-99,-99,1,-99,-99,-99,,2,,-99,-99,-99,-99,-99,-99,-99,,2,,-99,-99,-99,-99,-99,-99,-99,,3,2,,5,,1,2,,,3,1,8,8,8,8,1,1,2,1,5,,2,2,0,0,0,2,,54,3,2,6,1,2,,2,,cooinas del norte
7108,2,3,2,2,,,0,,,0,,,0,1,1,1,2,2,2,2,2,2,2,2,2,2,2,1,-99,-99,-99,1,-99,-99,-99,,-99,4,,8,8,9,9,10,8,10,10,10,9,8,8,7,2,0,,9,3,2,0,,10,3,2,0,,9,10,7,2,0,,5,2,0,,3,3,4,3,6,4,5,3,5,3,1,4,4,4,3,casa de juan Gabriel,La casa de Juan Gabriel,0,2,,,,1,-99,-99,-99,-99,-99,-99,-99,-99,1,-99,-99,,-99,-99,-99,-99,-99,-99,-99,-99,1,-99,-99,,1,1,1,-99,-99,1,-99,-99,-99,,2,,-99,-99,-99,-99,-99,-99,-99,,4,16,,15,,3,1,municipio,no lo escuchan,2,9,5,6,3,6,1,1,1,1,5,,2,2,0,0,0,2,,48,3,9,2,1,1,,1,,colinas
7108,2,3,2,1,No hay ninguna persona en nivel basico,,3,9,,1,9,,1,1,1,1,1,1,1,2,2,2,2,2,1,2,1,1,1,-99,-99,1,-99,-99,-99,,-99,4,,8,8,8,9,9,8,8,8,8,8,8,8,7,2,0,,8,2,2,0,,10,3,2,0,,9,8,8,2,0,,8,2,0,,8,11,0,0,0,0,11,0,9,6,0,3,5,5,5,la x,La X,1,2,,,,2,-99,-99,-99,-99,-99,-99,-99,-99,-99,-99,-99,,-99,-99,-99,-99,-99,-99,-99,-99,1,-99,-99,,1,7,-99,-99,-99,-99,-99,-99,-99,,1,9,-99,-99,-99,-99,-99,-99,-99,,4,5,,3,,1,2,,,2,3,5,4,5,8,2,1,2,1,2,,2,2,0,0,0,2,,27,1,4,4,1,1,,2,,colinas del norte
7108,2,1,3,2,,,0,,,0,,,0,1,1,1,1,2,2,2,2,2,2,2,2,2,1,1,-99,-99,-99,-99,-99,1,-99,,-99,6,,,,,,,,9,9,10,8,3,10,7,2,0,,5,5,2,0,,10,2,2,0,,10,10,8,2,0,,2,2,0,,10,11,0,0,0,0,0,0,11,6,8,1,4,4,4,monumento a juarez,El monumento a Benito Juárez,0,2,,,,1,-99,-99,-99,1,-99,-99,-99,-99,-99,-99,-99,,-99,-99,-99,-99,-99,1,-99,-99,-99,-99,-99,,2,,-99,-99,-99,-99,-99,-99,-99,,2,,-99,-99,-99,-99,-99,-99,-99,,3,5,,2,,1,2,,,2,9,10,8,6,10,1,1,2,1,2,,2,2,0,0,0,2,,50,3,2,2,1,1,,1,,colinas del norte
7108,2,4,3,1,4,,1,No hay ninguna persona en educacion media,,3,No hay ninguna persona en educacion superior,,3,1,2,1,1,2,2,2,2,1,2,2,2,2,1,1,1,-99,-99,1,-99,-99,-99,,-99,4,,8,8,8,8,10,8,10,8,10,8,10,10,7,2,0,,10,5,2,0,,10,3,2,0,,6,8,3,2,0,,5,2,0,,9,11,0,0,0,0,5,0,5,0,0,4,5,5,5,la x,La X,0,2,,,,1,-99,-99,-99,1,-99,-99,-99,-99,1,-99,-99,,-99,-99,-99,-99,-99,1,-99,-99,1,-99,-99,,1,1,1,1,-99,1,1,-99,1,no hay camiones,2,,-99,-99,-99,-99,-99,-99,-99,,4,2,,5,,1,2,,,2,9,9,7,4,9,2,1,1,1,1,,2,2,0,0,0,2,,50,3,2,4,1,1,,2,,colinas del norte
7108,2,3,2,1,9,,1,No hay ninguna persona en educacion media,,3,9,,1,1,2,1,1,2,1,2,2,2,2,2,2,2,2,2,1,-99,-99,1,-99,-99,-99,,-99,4,,8,8,8,6,10,9,9,9,8,8,8,10,7,2,0,,10,5,2,0,,10,3,2,0,,8,8,8,2,0,,4,2,0,,7,9,8,8,8,8,7,0,0,6,0,4,5,5,5,la presidencia,La Presidencia,1,2,,,,2,-99,-99,-99,-99,-99,-99,-99,-99,-99,-99,-99,,-99,-99,-99,-99,-99,-99,-99,1,-99,-99,-99,,2,,-99,-99,-99,-99,-99,-99,-99,,2,,-99,-99,-99,-99,-99,-99,-99,,4,5,,18,,1,2,,,2,1,6,5,6,6,1,1,1,1,2,,2,2,0,0,0,2,,51,3,4,4,1,1,,2,,colinas del norte
7108,2,3,2,1,9,,1,No hay ninguna persona en educacion media,,3,No hay ninguna persona en educacion superior,,3,1,1,1,2,2,2,2,2,2,2,2,2,2,2,1,1,-99,-99,-99,-99,-99,-99,,-99,1,,6,7,5,6,9,7,10,10,10,10,6,8,5,1,1,5,8,2,1,1,4,10,3,2,0,,8,8,4,2,0,,2,2,0,,5,11,0,0,0,0,5,0,8,7,0,4,4,4,4,benoo juares,El monumento a Benito Juárez,0,1,2,0,0,1,-99,-99,-99,1,-99,-99,-99,-99,-99,-99,-99,,-99,-99,-99,-99,-99,-99,-99,1,-99,-99,-99,,2,,-99,-99,-99,-99,-99,-99,-99,,2,,-99,-99,-99,-99,-99,-99,-99,,4,5,,2,,1,2,,,3,9,7,1,5,4,1,1,1,1,2,,2,2,0,0,0,2,,38,2,2,4,1,1,,1,,colinas del norte
7108,2,3,2,2,,,0,,,0,,,0,1,1,1,1,2,1,1,1,1,1,1,1,2,1,1,1,-99,-99,-99,1,-99,-99,,-99,5,,9,9,8,10,10,9,10,10,10,10,10,10,7,2,0,,10,5,2,0,,10,3,2,0,,5,5,5,2,0,,3,2,0,,8,11,0,0,0,0,5,0,8,8,8,4,5,5,5,la x,La X,0,2,,,,1,-99,-99,-99,1,-99,-99,-99,-99,-99,-99,-99,,-99,-99,-99,-99,-99,1,-99,-99,-99,-99,-99,,2,,-99,-99,-99,-99,-99,-99,-99,,2,,-99,-99,-99,-99,-99,-99,-99,,4,5,,7,,1,2,,,1,2,8,5,7,6,2,1,1,1,1,,2,2,0,0,0,2,,30,2,2,4,1,2,,2,,colinas del norte
7108,2,2,3,2,,,0,,,0,,,0,1,1,1,1,1,2,1,2,2,1,1,2,2,1,1,-99,-99,-99,-99,-99,1,-99,,-99,6,,,,,,,,10,10,10,10,5,10,7,2,0,,10,5,2,0,,10,3,2,0,,10,10,9,2,0,,10,2,0,,10,10,10,10,10,10,10,0,10,9,10,4,5,5,5,monumeno a benito juarez,El monumento a Benito Juárez,0,2,,,,2,-99,-99,-99,-99,-99,-99,-99,-99,-99,-99,-99,,-99,-99,-99,-99,-99,1,-99,-99,-99,-99,-99,,2,,-99,-99,-99,-99,-99,-99,-99,,2,,-99,-99,-99,-99,-99,-99,-99,,4,5,,7,,1,2,,,2,9,10,5,7,10,2,1,2,1,2,,2,2,0,0,0,2,,48,3,4,4,1,1,,1,,colinas delnorte
7108,2,2,4,2,,,0,,,0,,,0,1,1,1,2,2,2,2,2,2,2,2,2,2,2,1,1,-99,-99,-99,1,-99,-99,,-99,5,,5,6,6,7,8,6,10,10,10,10,1,1,7,2,0,,5,3,2,0,,10,3,2,0,,8,8,8,2,0,,10,2,0,,9,11,0,0,0,0,6,0,8,8,0,1,1,1,1,la x,La X,2,2,,,,1,1,-99,-99,-99,-99,-99,-99,-99,-99,-99,-99,,-99,-99,-99,-99,-99,-99,-99,1,-99,-99,-99,,2,,-99,-99,-99,-99,-99,-99,-99,,2,,-99,-99,-99,-99,-99,-99,-99,,2,5,,2,,1,2,,,2,6,5,4,5,4,1,1,1,1,3,,2,2,0,0,0,2,,62,4,9,2,1,2,,2,,colinas del norte
7108,2,2,3,2,,,0,,,0,,,0,1,1,1,1,2,2,2,2,2,1,2,2,2,1,2,-99,1,-99,1,-99,-99,-99,,-99,4,,8,6,7,7,7,7,10,9,10,10,8,6,6,1,1,4,10,5,2,0,,10,3,2,0,,9,8,6,2,0,,3,2,0,,11,1,1,2,1,1,0,0,0,3,0,4,5,5,5,x,La X,1,2,,,,1,-99,-99,-99,-99,-99,-99,-99,1,1,-99,-99,,-99,-99,-99,-99,-99,1,-99,-99,1,-99,-99,,1,9,-99,-99,-99,-99,-99,-99,-99,,2,,-99,-99,-99,-99,-99,-99,-99,,4,5,,2,,1,2,,,3,9,8,5,3,5,1,1,1,2,5,,2,2,0,0,0,2,,50,3,2,6,1,1,,3,,colinas del norte
7108,2,3,2,2,,,0,,,0,,,0,1,1,1,1,2,2,2,2,2,1,2,2,2,2,2,-99,1,-99,1,-99,-99,-99,,-99,4,,8,8,7,8,8,8,8,8,9,9,9,7,7,1,2,4,9,3,2,0,,10,3,2,0,,8,4,4,1,2,5,2,2,0,,7,3,1,1,1,2,4,0,8,7,0,1,3,3,3,la x,La X,1,1,1,0,0,1,-99,-99,-99,-99,-99,-99,-99,1,-99,-99,-99,,-99,-99,-99,-99,-99,-99,-99,1,-99,-99,-99,,2,,-99,-99,-99,-99,-99,-99,-99,,2,,-99,-99,-99,-99,-99,-99,-99,,1,2,,7,,1,1,municipapes y transito,le quitaron dinero abusan de su autoridad,3,3,6,5,7,7,2,1,1,1,1,,2,2,0,0,0,2,,40,2,9,8,1,3,,4,,colinas del norte
7108,2,2,3,1,No hay ninguna persona en nivel basico,,3,No hay ninguna persona en educacion media,,3,8,,1,1,1,2,1,2,2,2,2,2,2,2,2,2,2,2,1,-99,-99,1,-99,-99,-99,,-99,4,,3,4,4,5,5,5,9,8,8,9,8,8,4,3,0,,8,3,2,0,,8,3,2,0,,7,10,6,2,0,,8,1,1,9,7,5,5,5,5,5,7,0,0,6,0,3,3,3,3,psrque central,El Parque Central,0,2,,,,1,-99,-99,-99,-99,-99,-99,-99,-99,-99,-99,1,SE RESERVA,-99,-99,-99,-99,-99,-99,-99,-99,-99,-99,1,SE RESERVA,2,,-99,-99,-99,-99,-99,-99,-99,,2,,-99,-99,-99,-99,-99,-99,-99,,4,5,,4,,1,2,,,3,1,5,5,5,6,1,1,1,1,3,,2,2,0,0,0,1,,55,3,9,6,1,1,,2,,colinas del norte
7108,2,3,2,2,,,0,,,0,,,0,1,1,1,1,1,2,2,1,1,1,2,2,2,2,2,1,-99,-99,1,-99,-99,-99,,-99,4,,9,8,8,8,8,7,9,9,9,8,8,8,6,2,0,,9,4,2,0,,9,3,2,0,,8,9,9,2,0,,8,2,0,,8,7,5,5,5,5,0,0,0,8,0,4,4,4,4,x,La X,1,2,,,,2,-99,-99,-99,-99,-99,-99,-99,-99,-99,-99,-99,,-99,-99,-99,-99,-99,-99,-99,1,-99,-99,-99,,2,,-99,-99,-99,-99,-99,-99,-99,,2,,-99,-99,-99,-99,-99,-99,-99,,4,7,,2,,1,2,,,1,2,5,5,7,7,1,1,1,1,5,,2,2,0,0,0,1,,57,3,1,2,1,2,,2,,colinas del norte
7108,2,3,2,2,,,0,,,0,,,0,1,2,1,1,2,1,2,2,2,1,2,2,2,2,2,-99,1,-99,1,-99,-99,-99,,-99,4,,8,8,8,8,8,8,10,10,10,10,6,4,7,3,0,,7,3,2,0,,7,3,2,0,,8,8,6,2,0,,7,2,0,,7,5,5,5,5,5,8,0,0,8,4,4,4,4,4,parque central,El Parque Central,1,1,0,4,2,1,-99,-99,-99,-99,-99,-99,-99,1,-99,-99,-99,,-99,-99,-99,-99,-99,-99,-99,1,-99,-99,-99,,2,,-99,-99,-99,-99,-99,-99,-99,,2,,-99,-99,-99,-99,-99,-99,-99,,3,5,,3,,1,2,,,3,9,7,4,3,5,2,2,2,1,5,,2,2,0,0,0,2,,41,2,9,9,1,1,,2,,colinas del norte
7108,2,3,2,1,8,,1,8,,1,No hay ninguna persona en educacion superior,,3,1,1,1,1,2,1,1,1,1,1,1,1,1,1,1,1,-99,-99,-99,-99,-99,-99,,-99,1,,7,5,4,8,7,7,10,10,10,10,7,7,7,1,1,7,8,5,2,0,,8,3,2,0,,8,8,8,2,0,,8,2,0,,8,5,6,7,1,3,0,0,0,6,0,1,2,2,2,parque central,El Parque Central,1,1,2,4,7,2,-99,-99,-99,-99,-99,-99,-99,-99,-99,-99,-99,,-99,-99,-99,-99,-99,-99,-99,-99,-99,-99,1,SE RESERVA,2,,-99,-99,-99,-99,-99,-99,-99,,2,,-99,-99,-99,-99,-99,-99,-99,,1,2,,7,,1,2,,,4,9,7,5,1,8,1,1,2,2,4,,2,2,0,0,0,2,,19,1,5,7,1,1,,2,,colinas
7108,2,3,1,2,,,0,,,0,,,0,2,2,1,1,1,1,1,1,2,2,2,2,1,1,2,-99,-99,-99,-99,-99,-99,1,ICHISAL,-99,7,ICHISAL,8,8,10,6,8,7,10,10,8,9,4,4,7,2,0,,7,2,1,2,5,9,3,2,0,,9,8,6,2,0,,1,1,2,1,7,6,5,6,5,5,6,0,0,7,0,1,3,3,3,parque central,El Parque Central,1,1,0,0,1,1,-99,-99,-99,-99,-99,-99,-99,1,1,-99,-99,,-99,-99,-99,-99,-99,-99,-99,1,1,-99,-99,,1,8,-99,-99,-99,-99,-99,-99,-99,,2,,-99,-99,-99,-99,-99,-99,-99,,4,5,,2,,1,2,,,2,1,5,6,4,7,1,1,1,1,6,,2,2,0,0,0,1,,24,1,2,8,1,2,,3,,colinas del norte
7108,2,2,2,1,1,,1,No hay ninguna persona en educacion media,,3,No hay ninguna persona en educacion superior,,3,1,1,1,2,2,2,2,2,2,2,2,2,2,2,2,-99,-99,-99,1,-99,-99,-99,,-99,4,,10,10,10,10,10,9,10,10,10,10,8,7,7,2,0,,10,5,2,0,,9,3,2,0,,8,8,8,2,0,,7,2,0,,7,5,4,4,5,5,6,0,0,8,6,4,5,5,5,x,La X,0,1,1,0,0,1,1,-99,-99,-99,-99,-99,-99,-99,-99,-99,-99,,-99,-99,-99,-99,-99,-99,-99,-99,-99,-99,1,SE RESERVA,2,,-99,-99,-99,-99,-99,-99,-99,,2,,-99,-99,-99,-99,-99,-99,-99,,4,10,,5,,1,2,,,5,1,7,6,5,6,2,1,2,2,5,,2,2,0,0,0,1,,25,1,9,4,1,1,,2,,volinas del norte
7216,2,2,2,2,,,0,,,0,,,0,1,2,1,1,2,2,2,2,2,2,2,2,2,2,1,1,-99,-99,-99,-99,-99,-99,,-99,1,,9,10,4,7,8,10,9,10,8,10,10,10,7,2,0,,10,3,2,0,,10,3,2,0,,8,4,7,2,0,,10,2,0,,7,10,5,10,4,5,10,8,0,10,10,4,5,5,5,l al cass juan gabrik,La casa de Juan Gabriel,0,1,0,0,1,1,-99,-99,-99,1,-99,-99,-99,-99,1,-99,-99,,-99,-99,-99,-99,-99,1,-99,-99,1,-99,-99,,1,5,1,1,-99,-99,-99,-99,-99,,2,,-99,-99,-99,-99,-99,-99,-99,,4,5,,15,,1,2,,,1,10,8,8,4,10,2,2,2,2,7,pavimento,2,2,0,0,0,2,,46,3,2,1,1,2,,2,,palmas del sol
7216,2,3,3,2,,,0,,,0,,,0,1,2,2,2,2,2,2,2,2,2,2,2,2,2,2,-99,-99,-99,-99,-99,1,-99,,-99,6,,,,,,,,8,9,10,10,10,2,7,2,0,,10,5,2,0,,10,3,2,0,,8,9,8,2,0,,2,2,0,,6,11,0,0,0,0,0,0,1,8,0,4,4,4,3,la x,La X,0,2,,,,1,-99,-99,-99,1,-99,-99,-99,-99,1,-99,-99,,-99,-99,-99,-99,1,1,-99,-99,1,-99,-99,,1,9,-99,-99,-99,-99,-99,-99,-99,,2,,-99,-99,-99,-99,-99,-99,-99,,2,5,,15,,1,1,los policias,acoso,5,2,9,3,4,8,2,2,2,2,7,pavimentación,2,2,0,0,0,2,,55,3,2,4,1,1,,2,,palmas de sol
7216,2,3,2,2,,,0,,,0,,,0,1,1,2,2,2,2,2,2,2,2,1,2,2,2,2,1,-99,-99,-99,-99,-99,-99,,-99,1,,1,1,1,1,1,1,7,5,8,7,8,6,7,2,0,,9,2,2,0,,7,3,2,0,,7,8,6,2,0,,6,2,0,,8,1,1,1,1,1,0,0,5,7,0,1,2,2,2,x,La X,1,2,,,,1,-99,-99,-99,-99,-99,-99,-99,1,-99,-99,-99,,-99,-99,-99,-99,-99,-99,-99,1,-99,-99,-99,,2,,-99,-99,-99,-99,-99,-99,-99,,2,,-99,-99,-99,-99,-99,-99,-99,,2,2,,5,,1,2,,,3,9,6,5,5,7,1,2,2,2,2,,2,2,0,0,0,1,,49,3,2,4,1,2,,3,,palmas del so
7216,2,3,2,1,10,,1,No hay ninguna persona en educacion media,,3,No hay ninguna persona en educacion superior,,3,1,1,1,1,2,1,2,2,2,2,2,2,2,2,2,-99,-99,-99,1,-99,-99,-99,,-99,4,,10,9,8,8,9,9,8,6,10,9,9,4,7,2,0,,10,3,1,2,5,8,3,2,0,,8,7,8,2,0,,8,2,0,,8,5,4,3,4,4,0,0,0,8,0,3,3,3,3,casa de juan gabriel,La casa de Juan Gabriel,1,2,,,,1,-99,-99,-99,-99,-99,-99,-99,1,-99,-99,-99,,-99,-99,-99,-99,-99,-99,-99,1,-99,-99,-99,,2,,-99,-99,-99,-99,-99,-99,-99,,2,,-99,-99,-99,-99,-99,-99,-99,,4,2,,2,,1,2,,,1,1,8,5,7,7,1,1,1,1,1,,2,2,0,0,0,2,,45,3,2,4,1,1,,3,,pslmas del sol
7216,2,3,2,1,9,,1,No hay ninguna persona en educacion media,,3,No hay ninguna persona en educacion superior,,3,1,1,1,1,2,1,1,1,2,2,2,2,2,2,1,1,-99,-99,-99,-99,-99,-99,,-99,1,,4,4,2,2,10,7,6,8,10,10,5,3,7,1,2,2,9,1,1,1,5,9,3,2,0,,6,5,7,2,0,,2,2,0,,8,3,8,8,8,2,5,1,8,3,4,1,1,1,3,la puerta,Umbral del milenio,2,2,,,,1,-99,-99,-99,-99,-99,-99,-99,1,-99,-99,-99,,-99,-99,-99,-99,-99,-99,-99,1,-99,-99,-99,,2,,-99,-99,-99,-99,-99,-99,-99,,2,,-99,-99,-99,-99,-99,-99,-99,,2,5,,2,,1,1,municipal,sbuso d autoridad,3,9,6,5,4,7,1,1,1,2,2,,2,2,0,0,0,1,,39,2,2,4,1,1,,1,,palmas de el sol
7216,2,3,2,2,,,0,,,0,,,0,1,2,1,1,2,1,1,1,1,2,1,2,1,1,1,-99,-99,1,-99,-99,-99,-99,,-99,3,,6,8,9,5,7,9,7,7,6,6,9,8,7,2,0,,7,5,2,0,,7,3,2,0,,3,5,4,2,0,,3,2,0,,4,5,3,9,3,3,7,4,8,8,6,4,4,3,4,oa puerta,Umbral del milenio,2,2,,,,1,-99,-99,-99,-99,-99,-99,-99,1,-99,-99,-99,,-99,-99,-99,-99,-99,-99,-99,1,-99,-99,-99,,2,,-99,-99,-99,-99,-99,-99,-99,,2,,-99,-99,-99,-99,-99,-99,-99,,3,2,,4,,1,2,,,4,2,4,5,5,3,1,1,1,1,5,,2,2,0,0,0,2,,18,1,2,1,1,1,,1,,palmas deel sol
7216,2,3,3,1,8,,2,8,,2,No hay ninguna persona en educacion superior,,3,1,1,1,1,2,1,2,1,2,2,1,2,2,2,1,1,-99,-99,-99,-99,-99,-99,,-99,1,,7,7,5,7,8,7,6,7,6,10,8,8,7,2,0,,9,4,2,0,,7,2,2,0,,7,7,8,2,0,,4,2,0,,7,3,8,8,6,8,7,4,7,7,6,4,4,3,3,la x,La X,1,2,,,,2,-99,-99,-99,-99,-99,-99,-99,-99,-99,-99,-99,,-99,-99,-99,-99,-99,-99,-99,-99,1,-99,-99,,1,6,1,-99,-99,-99,-99,-99,-99,,2,,-99,-99,-99,-99,-99,-99,-99,,3,5,,3,,1,2,,,3,9,10,5,5,7,2,1,2,1,6,,2,2,0,0,0,1,,18,1,5,9,2,19,,2,,palmas del sol
7216,2,3,2,1,No hay ninguna persona en nivel basico,,3,10,,1,No hay ninguna persona en educacion superior,,3,1,1,1,1,2,2,2,2,2,2,2,2,2,2,1,1,-99,-99,-99,-99,-99,-99,,-99,1,,1,4,1,3,3,5,10,10,10,5,2,5,7,2,0,,10,3,2,0,,9,3,2,0,,5,5,9,2,0,,1,2,0,,9,1,1,5,2,1,1,5,1,5,1,3,4,4,2,monumento a benito Juárez,El monumento a Benito Juárez,1,1,1,2,0,1,-99,-99,-99,-99,-99,1,-99,-99,-99,-99,-99,,-99,-99,-99,-99,-99,-99,-99,1,-99,-99,-99,,2,,-99,-99,-99,-99,-99,-99,-99,,2,,-99,-99,-99,-99,-99,-99,-99,,2,2,,5,,1,2,,,4,9,9,5,2,8,2,2,2,2,2,,2,2,0,0,0,1,,44,2,2,4,1,1,,2,,palmas del sol
7216,2,3,4,2,,,0,,,0,,,0,1,2,1,2,2,2,2,2,2,2,2,2,2,2,1,1,-99,-99,-99,-99,-99,-99,,-99,1,,8,8,10,8,10,10,9,9,9,9,10,10,7,2,0,,10,5,2,0,,10,3,2,0,,7,7,7,2,0,,5,2,0,,10,11,0,0,0,0,0,0,11,5,5,4,4,4,4,benito juarezde la glorietadel 20,Benito Juárez de la Glorieta,2,2,,,,2,-99,-99,-99,-99,-99,-99,-99,-99,-99,-99,-99,,-99,-99,-99,-99,-99,-99,-99,1,-99,-99,-99,,2,,-99,-99,-99,-99,-99,-99,-99,,2,,-99,-99,-99,-99,-99,-99,-99,,4,15,,13,,1,2,,,3,10,10,10,5,5,2,1,1,1,6,,2,2,0,0,0,1,,57,3,1,2,1,1,,1,,palmas del sol
7216,2,4,1,1,9,,1,No hay ninguna persona en educacion media,,3,No hay ninguna persona en educacion superior,,3,1,1,1,1,2,2,2,2,2,1,2,2,2,2,2,-99,-99,-99,-99,-99,1,-99,,-99,6,,,,,,,,9,9,9,9,10,5,7,2,0,,10,5,2,0,,10,3,2,0,,8,8,8,2,0,,6,2,0,,8,11,0,0,0,0,2,0,0,0,0,4,4,4,4,monumento benio juarez,El monumento a Benito Juárez,1,1,0,0,1,1,-99,1,-99,-99,-99,-99,-99,-99,-99,-99,-99,,-99,1,-99,-99,-99,-99,-99,-99,-99,-99,-99,,2,,-99,-99,-99,-99,-99,-99,-99,,2,,-99,-99,-99,-99,-99,-99,-99,,4,5,,2,,1,2,,,2,1,5,5,5,5,2,1,2,1,2,,2,2,0,0,0,2,,42,2,9,2,1,1,,1,,palmasdel sol
7216,2,3,2,2,,,0,,,0,,,0,2,2,2,2,2,2,2,2,2,2,2,2,2,2,1,-99,-99,-99,1,-99,-99,-99,,-99,4,,6,8,8,8,6,9,6,8,8,7,4,9,7,2,0,,8,5,2,0,,8,3,2,0,,5,5,9,2,0,,5,2,0,,3,5,3,3,3,7,7,1,2,3,1,4,4,4,4,lax,La X,0,2,,,,2,-99,-99,-99,-99,-99,-99,-99,-99,-99,-99,-99,,1,-99,-99,-99,-99,-99,-99,-99,-99,-99,-99,,2,,-99,-99,-99,-99,-99,-99,-99,,2,,-99,-99,-99,-99,-99,-99,-99,,4,3,,5,,3,2,,,3,9,6,3,4,9,1,1,2,1,2,,2,2,0,0,0,1,,62,4,1,1,1,1,,1,,Zaragoza
2658,8,2,2,2,,,0,,,0,,,0,1,1,1,1,1,1,2,2,2,2,2,2,2,1,1,-99,-99,-99,-99,1,-99,-99,,-99,5,,10,10,10,10,10,9,10,9,9,10,10,9,7,2,0,,10,5,2,0,,10,3,2,0,,7,4,4,2,0,,10,2,0,,10,11,0,0,0,0,0,0,0,8,0,4,5,2,2,la x,La X,1,2,,,,1,-99,-99,-99,-99,-99,-99,-99,1,-99,-99,-99,,-99,-99,-99,-99,-99,-99,-99,1,-99,-99,-99,,2,,-99,-99,-99,-99,-99,-99,-99,,2,,-99,-99,-99,-99,-99,-99,-99,,2,5,,17,,1,1,municipales,acoso,3,1,9,6,6,7,2,1,1,1,2,,2,2,0,0,0,2,,21,1,2,4,1,1,,2,,morelos zaragoza
2658,8,4,2,2,,,0,,,0,,,0,1,2,1,1,2,2,2,2,2,2,2,2,2,1,1,-99,-99,-99,-99,-99,1,-99,,-99,6,,,,,,,,10,10,10,10,10,9,7,2,0,,10,3,2,0,,10,3,2,0,,5,5,5,2,0,,4,2,0,,3,11,0,0,0,0,0,0,0,0,0,4,5,5,5,ninguno,NINGUNO,3,2,,,,1,1,-99,-99,-99,-99,-99,-99,-99,-99,-99,-99,,-99,-99,-99,-99,-99,-99,-99,1,-99,-99,-99,,2,,-99,-99,-99,-99,-99,-99,-99,,2,,-99,-99,-99,-99,-99,-99,-99,,1,5,,2,,1,2,,,2,1,10,1,1,3,1,1,1,1,6,,2,2,0,0,0,2,,46,3,9,2,1,2,,2,,morelos zaragoza
2658,8,3,2,2,,,0,,,0,,,0,1,1,1,1,2,2,2,2,2,2,2,2,2,2,1,-99,-99,-99,1,-99,-99,-99,,-99,4,,10,10,9,10,10,9,10,10,7,7,10,10,7,2,0,,10,3,2,0,,10,3,2,0,,10,10,7,2,0,,5,2,0,,8,5,8,7,7,7,5,6,8,8,5,3,3,4,4,la x,La X,0,2,,,,2,-99,-99,-99,-99,-99,-99,-99,-99,-99,-99,-99,,1,-99,-99,-99,-99,-99,-99,-99,-99,-99,-99,,2,,-99,-99,-99,-99,-99,-99,-99,,2,,-99,-99,-99,-99,-99,-99,-99,,4,2,,5,,1,2,,,2,1,6,6,5,10,2,1,2,2,6,,2,2,0,0,0,1,,39,2,1,2,1,1,,1,,morelos Zaragoza
2658,8,2,3,1,10,,1,10,,1,No hay ninguna persona en educacion superior,,3,1,2,2,1,2,2,2,2,2,2,2,2,2,2,2,-99,-99,-99,1,-99,-99,-99,,-99,4,,10,9,10,9,9,10,8,7,10,10,9,10,7,2,0,,10,3,2,0,,5,3,2,0,,10,10,8,2,0,,7,2,0,,7,10,10,10,10,10,0,0,10,10,0,1,3,3,3,monumento,El monumento a Benito Juárez,2,1,3,3,0,2,-99,-99,-99,-99,-99,-99,-99,-99,-99,-99,-99,,-99,-99,-99,-99,-99,-99,-99,1,-99,-99,-99,,2,,-99,-99,-99,-99,-99,-99,-99,,2,,-99,-99,-99,-99,-99,-99,-99,,4,9,,5,,3,2,,,1,9,7,6,9,10,1,1,1,1,5,,2,2,0,0,0,1,,32,2,4,2,1,2,,3,,zaragoza
3459,5,3,1,2,,,0,,,0,,,0,1,2,1,1,2,1,2,2,2,2,2,2,2,1,2,-99,-99,-99,1,-99,-99,1,ICHISAL,-99,4,,8,8,8,8,8,8,9,9,9,9,9,9,7,2,0,,9,5,2,0,,9,3,2,0,,7,7,8,2,0,,7,2,0,,8,11,0,0,0,0,0,0,11,7,7,4,5,5,3,benito juarez,El monumento a Benito Juárez,2,2,,,,1,-99,-99,-99,-99,-99,-99,-99,1,-99,-99,-99,,-99,-99,-99,-99,-99,-99,-99,1,-99,-99,-99,,2,,-99,-99,-99,-99,-99,-99,-99,,2,,-99,-99,-99,-99,-99,-99,-99,,4,5,,15,,1,2,,,2,1,8,7,7,8,2,2,2,2,2,,2,2,0,0,0,1,,59,3,2,6,1,2,,2,,rio bravo
3459,5,3,2,2,,,0,,,0,,,0,1,1,1,1,1,1,1,1,1,1,1,1,1,1,1,1,-99,-99,-99,-99,-99,-99,,-99,1,,8,7,7,6,8,8,6,10,8,9,6,6,7,1,1,3,7,5,2,0,,9,3,2,0,,5,3,5,2,0,,5,2,0,,8,1,2,2,1,2,0,0,6,5,2,4,4,4,2,la x,La X,2,1,0,0,3,1,-99,-99,-99,-99,-99,-99,-99,1,-99,-99,-99,,-99,-99,-99,-99,-99,-99,-99,1,-99,-99,-99,,2,,-99,-99,-99,-99,-99,-99,-99,,2,,-99,-99,-99,-99,-99,-99,-99,,4,2,,6,,1,2,,,3,9,5,2,3,7,2,1,1,1,5,,2,2,0,0,0,2,,47,3,2,4,1,1,,1,,fraccionamiento rio bravo
3459,5,3,2,2,,,0,,,0,,,0,1,1,1,1,1,2,2,2,2,2,2,2,2,2,1,-99,-99,-99,1,-99,-99,-99,,-99,4,,9,8,9,8,8,9,10,7,8,8,10,10,7,2,0,,9,3,2,0,,10,3,2,0,,8,8,8,2,0,,6,2,0,,8,8,8,7,7,7,7,4,5,8,5,4,3,3,3,la x,La X,1,2,,,,1,-99,-99,-99,-99,-99,-99,-99,1,-99,-99,-99,,-99,-99,-99,-99,-99,-99,-99,1,-99,-99,-99,,2,,-99,-99,-99,-99,-99,-99,-99,,2,,-99,-99,-99,-99,-99,-99,-99,,4,10,,9,,2,2,,,2,9,7,6,5,10,2,2,2,2,5,,2,2,0,0,0,1,,26,1,2,4,1,1,,2,,rio bravo
3459,5,2,2,1,No hay ninguna persona en nivel basico,,3,No hay ninguna persona en educacion media,,3,10,,2,1,2,1,1,1,2,2,2,2,2,2,1,1,1,2,-99,-99,1,-99,-99,-99,-99,,-99,3,,7,9,3,7,8,9,8,9,8,10,10,9,7,2,0,,10,5,2,0,,10,3,2,0,,5,9,8,2,0,,2,2,0,,4,11,0,0,0,0,0,2,8,4,2,2,5,4,4,la x,La X,2,2,,,,2,-99,-99,-99,-99,-99,-99,-99,-99,-99,-99,-99,,-99,-99,-99,-99,-99,-99,-99,1,-99,-99,-99,,2,,-99,-99,-99,-99,-99,-99,-99,,2,,-99,-99,-99,-99,-99,-99,-99,,4,7,,5,,4,2,,,3,4,8,7,9,9,2,1,1,2,7,drrnaje,2,2,0,0,0,2,,22,1,5,8,1,1,,2,,rio bravo
3459,5,2,3,2,,,0,,,0,,,0,1,2,1,1,1,1,1,1,1,1,2,2,2,1,2,-99,-99,-99,1,-99,-99,-99,,-99,4,,9,8,8,6,8,8,8,8,8,9,9,6,7,2,0,,8,4,2,0,,8,3,2,0,,8,8,7,2,0,,7,2,0,,8,6,5,5,5,5,0,0,0,7,3,4,5,5,5,x,La X,1,1,1,0,0,2,-99,-99,-99,-99,-99,-99,-99,-99,-99,-99,-99,,-99,-99,-99,-99,-99,-99,-99,1,-99,-99,-99,,2,,-99,-99,-99,-99,-99,-99,-99,,2,,-99,-99,-99,-99,-99,-99,-99,,4,5,,6,,1,2,,,3,9,7,6,5,7,2,2,2,2,1,,2,2,0,0,0,1,,38,2,4,4,1,2,,1,,fraccionamiento ciudad rio bravo
5845,9,3,1,2,,,0,,,0,,,0,1,2,1,1,2,2,2,2,2,2,2,2,2,2,1,-99,-99,-99,1,-99,-99,-99,,-99,4,,10,10,10,10,10,10,10,9,10,10,10,10,7,2,0,,5,5,2,0,,10,3,2,0,,2,1,6,2,0,,1,2,0,,10,10,1,1,1,1,1,0,8,10,0,4,5,5,5,la x,La X,,2,,,,1,-99,-99,-99,-99,-99,-99,-99,1,-99,-99,-99,,-99,-99,-99,-99,-99,-99,-99,1,-99,-99,-99,,2,,-99,-99,-99,-99,-99,-99,-99,,2,,-99,-99,-99,-99,-99,-99,-99,,4,5,,4,,1,2,,,3,10,7,7,7,9,2,1,1,1,2,,2,2,0,0,0,2,,51,3,9,6,1,2,,2,,praderas del sur
5845,9,4,2,2,,,0,,,0,,,0,1,1,2,2,2,2,2,2,2,2,2,2,2,2,1,1,-99,-99,-99,-99,-99,-99,,-99,1,,10,10,10,8,8,9,10,9,9,10,10,9,7,2,0,,10,5,2,0,,10,3,2,0,,8,8,10,2,0,,6,2,0,,9,11,0,0,0,0,0,0,0,8,0,4,5,5,5,la plaza de torod,La plaza de Toros,1,2,,,,2,-99,-99,-99,-99,-99,-99,-99,-99,-99,-99,-99,,-99,-99,-99,-99,-99,-99,-99,1,-99,-99,-99,,2,,-99,-99,-99,-99,-99,-99,-99,,2,,-99,-99,-99,-99,-99,-99,-99,,4,5,,1,,1,2,,,3,10,7,3,7,7,2,2,2,2,2,,2,2,0,0,0,2,,80,4,1,2,1,1,,1,,praderas del sur
5845,9,4,3,1,10,,1,No hay ninguna persona en educacion media,,3,No hay ninguna persona en educacion superior,,3,1,1,1,1,1,1,1,1,1,2,2,2,2,2,1,-99,-99,-99,1,-99,-99,-99,,-99,4,,10,10,10,10,10,10,9,9,8,10,9,10,7,2,0,,10,5,2,0,,10,3,2,0,,9,8,8,2,0,,9,2,0,,9,10,5,8,2,1,9,10,10,10,8,4,5,5,3,la x,La X,0,2,,,,1,-99,-99,-99,1,-99,-99,-99,-99,1,-99,-99,,-99,-99,-99,-99,-99,1,-99,-99,1,-99,-99,,1,9,-99,-99,-99,-99,-99,-99,-99,,2,,-99,-99,-99,-99,-99,-99,-99,,4,5,,3,,1,2,,,3,10,8,3,7,9,2,2,2,2,5,,2,2,0,0,0,2,,23,1,2,6,1,1,,2,,ptaderas del su
5845,9,4,1,1,9,,1,No hay ninguna persona en educacion media,,3,No hay ninguna persona en educacion superior,,3,1,2,1,1,1,1,2,2,2,2,2,2,2,1,1,-99,-99,-99,1,-99,-99,-99,,-99,4,,8,9,4,10,9,10,10,10,10,10,10,10,7,2,0,,10,5,2,0,,10,3,2,0,,8,8,9,2,0,,8,2,0,,10,10,3,3,3,3,9,3,0,5,2,4,5,5,5,la x,La X,2,1,2,0,0,1,-99,-99,-99,-99,-99,-99,-99,1,-99,-99,-99,,-99,-99,-99,-99,-99,-99,-99,1,-99,-99,-99,,2,,-99,-99,-99,-99,-99,-99,-99,,2,,-99,-99,-99,-99,-99,-99,-99,,2,5,,10,,1,2,,,1,9,10,4,3,8,2,2,2,2,7,alumbrado,2,2,0,0,0,1,,28,1,9,6,1,2,,2,,praderas del sur
5845,9,2,3,2,,,0,,,0,,,0,1,1,1,1,2,2,2,2,1,1,1,2,2,2,2,1,-99,-99,-99,-99,-99,-99,,-99,1,,8,8,9,7,9,3,9,9,10,10,8,8,7,2,0,,10,4,1,1,7,10,3,2,0,,7,6,6,2,0,,5,2,0,,7,10,10,8,3,5,6,0,0,6,0,4,5,5,5,la x,La X,1,2,,,,2,-99,-99,-99,-99,-99,-99,-99,-99,-99,-99,-99,,-99,-99,-99,-99,-99,-99,-99,1,-99,-99,-99,,2,,-99,-99,-99,-99,-99,-99,-99,,2,,-99,-99,-99,-99,-99,-99,-99,,2,5,,9,,1,2,,,3,10,6,3,5,8,1,1,1,1,6,,2,2,0,0,0,2,,52,3,4,4,1,1,,1,,praderas del sur
5845,9,3,3,1,No hay ninguna persona en nivel basico,,3,No hay ninguna persona en educacion media,,3,10,,1,1,2,1,1,1,2,2,2,1,2,2,2,2,2,1,1,-99,-99,-99,-99,-99,-99,,-99,1,,8,8,9,7,7,10,9,9,8,10,5,6,7,2,0,,10,5,2,0,,10,3,2,0,,8,8,5,2,0,,3,2,0,,4,10,10,7,7,7,0,0,0,8,0,4,5,5,5,la x,La X,2,2,,,,1,-99,-99,-99,-99,-99,-99,-99,1,-99,-99,-99,,-99,-99,-99,-99,-99,-99,-99,1,-99,-99,-99,,2,,-99,-99,-99,-99,-99,-99,-99,,2,,-99,-99,-99,-99,-99,-99,-99,,4,4,,5,,3,2,,,3,6,8,5,7,6,2,2,2,2,3,,2,2,0,0,0,1,,46,3,9,4,1,3,,4,,praderas del sur
5845,9,3,3,2,,,0,,,0,,,0,1,2,1,1,2,2,2,2,2,2,2,2,2,2,1,1,-99,-99,-99,-99,-99,-99,,-99,1,,5,5,5,6,5,10,5,10,10,10,10,8,7,2,0,,10,5,2,0,,8,3,2,0,,8,8,7,2,0,,3,2,0,,6,10,1,1,1,1,1,0,6,4,7,4,2,2,2,la x,La X,2,2,,,,2,-99,-99,-99,-99,-99,-99,-99,-99,-99,-99,-99,,-99,-99,-99,-99,-99,-99,-99,1,-99,-99,-99,,2,,-99,-99,-99,-99,-99,-99,-99,,2,,-99,-99,-99,-99,-99,-99,-99,,4,5,,6,,1,2,,,5,10,6,5,3,4,2,2,2,2,3,,2,2,0,0,0,1,,63,4,1,2,1,1,,1,,praderas delsur
5845,9,2,3,2,,,0,,,0,,,0,1,1,1,2,2,2,2,2,2,2,2,2,2,2,2,1,-99,-99,-99,-99,-99,-99,,-99,1,,8,8,8,3,8,3,9,8,9,10,10,10,7,2,0,,10,5,2,0,,10,3,2,0,,9,8,10,2,0,,9,2,0,,5,10,4,9,5,2,8,0,4,9,0,4,5,5,5,la x,La X,2,2,,,,2,-99,-99,-99,-99,-99,-99,-99,-99,-99,-99,-99,,-99,-99,-99,-99,-99,-99,-99,1,-99,-99,-99,,2,,-99,-99,-99,-99,-99,-99,-99,,2,,-99,-99,-99,-99,-99,-99,-99,,4,5,,15,,3,2,,,3,9,4,4,5,4,2,1,1,1,7,alumbrado,2,2,0,0,0,2,,58,3,2,4,1,1,,1,,praderas del sur
5845,9,3,1,1,10,,1,10,,1,10,,1,1,1,1,2,2,2,2,2,2,2,2,2,2,1,1,-99,-99,-99,1,-99,-99,-99,,-99,4,,10,10,10,10,10,10,10,10,7,10,10,10,7,2,0,,10,3,2,0,,10,3,2,0,,8,10,10,2,0,,1,2,0,,10,5,5,5,5,4,8,8,9,10,1,4,3,4,4,la x,La X,2,2,,,,1,-99,-99,-99,-99,-99,-99,-99,1,-99,-99,-99,,-99,-99,-99,-99,-99,-99,-99,1,-99,-99,-99,,2,,-99,-99,-99,-99,-99,-99,-99,,2,,-99,-99,-99,-99,-99,-99,-99,,2,5,,2,,1,2,,,1,9,5,5,5,8,2,2,2,2,6,,2,2,0,0,0,2,,32,2,9,4,1,2,,3,,praderas del sur
5845,9,3,2,1,8,,1,8,,1,8,,1,1,1,1,1,2,2,2,2,1,2,2,2,2,2,2,1,-99,-99,-99,-99,-99,-99,,-99,1,,7,7,5,7,7,8,10,9,10,10,10,10,7,2,0,,10,4,1,1,10,10,1,2,0,,6,7,5,2,0,,4,2,0,,7,7,4,4,4,4,3,5,8,8,6,3,3,3,2,la x,La X,1,2,,,,1,-99,-99,-99,1,-99,-99,-99,-99,-99,-99,-99,,-99,-99,-99,-99,-99,-99,-99,1,-99,-99,-99,,2,,-99,-99,-99,-99,-99,-99,-99,,2,,-99,-99,-99,-99,-99,-99,-99,,2,5,,2,,1,2,,,2,9,4,3,3,7,1,1,1,1,6,,2,2,0,0,0,1,,36,2,2,8,1,1,,1,,praderas del sur
5845,9,3,2,2,,,0,,,0,,,0,1,1,1,2,2,2,2,2,2,2,2,2,2,2,1,1,-99,-99,-99,-99,-99,-99,,-99,1,,8,11,8,1,10,10,10,10,10,10,10,6,7,2,0,,10,3,1,1,8,10,3,2,0,,4,6,5,2,0,,1,2,0,,6,8,9,5,5,5,10,3,9,5,1,4,4,4,2,monumento a Benito Juárez,El monumento a Benito Juárez,1,2,,,,2,-99,-99,-99,-99,-99,-99,-99,-99,-99,-99,-99,,-99,-99,-99,-99,-99,-99,-99,1,-99,-99,-99,,2,,-99,-99,-99,-99,-99,-99,-99,,2,,-99,-99,-99,-99,-99,-99,-99,,2,5,,7,,1,2,,,2,3,1,5,5,10,1,2,2,2,2,,2,2,0,0,0,2,,55,3,1,11,1,1,por mes,1,,praderas del sur
5845,9,2,3,2,,,0,,,0,,,0,1,1,1,1,2,2,2,2,1,2,2,2,2,2,2,1,-99,-99,-99,-99,-99,-99,,-99,1,,5,5,6,2,9,10,10,9,10,10,10,9,7,2,0,,10,3,2,0,,10,3,2,0,,10,10,9,2,0,,8,2,0,,10,6,10,10,10,10,6,3,8,9,5,4,5,5,5,la letas del centro,Letras JRZ,0,2,,,,2,-99,-99,-99,-99,-99,-99,-99,-99,-99,-99,-99,,-99,-99,-99,-99,1,1,-99,-99,-99,-99,-99,,2,,-99,-99,-99,-99,-99,-99,-99,,2,,-99,-99,-99,-99,-99,-99,-99,,3,5,,3,,1,2,,,3,1,6,7,6,10,2,1,2,2,2,,2,2,0,0,0,1,,64,4,1,2,1,1,,2,,praderas del sur
5845,9,4,2,2,,,0,,,0,,,0,1,2,1,2,2,2,2,2,1,2,2,2,2,2,2,1,-99,-99,-99,-99,-99,-99,,-99,1,,6,8,1,7,10,8,10,10,10,10,10,10,7,2,0,,10,4,2,0,,10,3,2,0,,10,10,8,2,0,,8,2,0,,10,10,8,8,6,6,10,3,8,10,9,2,5,5,5,la x,La X,2,2,,,,2,-99,-99,-99,-99,-99,-99,-99,-99,-99,-99,-99,,1,-99,-99,-99,-99,-99,-99,1,-99,-99,-99,,2,,-99,-99,-99,-99,-99,-99,-99,,2,,-99,-99,-99,-99,-99,-99,-99,,4,5,,2,,1,2,,,2,1,10,8,5,10,2,2,2,1,2,,2,2,0,0,0,2,,62,4,8,4,1,1,,1,,pradeas del sur
5845,9,4,2,2,,,0,,,0,,,0,1,1,1,1,1,2,2,1,2,2,1,2,2,1,1,1,-99,-99,-99,-99,-99,-99,,-99,1,,5,5,1,2,5,9,10,10,10,10,10,10,7,2,0,,10,4,2,0,,10,3,2,0,,8,7,5,2,0,,4,2,0,,10,5,7,7,5,5,5,5,4,8,3,4,5,5,5,la x,La X,4,1,3,1,2,1,-99,-99,-99,-99,-99,-99,-99,1,-99,-99,-99,,-99,-99,-99,-99,-99,-99,-99,1,-99,-99,-99,,2,,-99,-99,-99,-99,-99,-99,-99,,2,,-99,-99,-99,-99,-99,-99,-99,,4,2,,5,,2,1,seguridad pública,arresto sin causa,2,9,9,9,6,8,2,2,2,1,1,,2,2,0,0,0,2,,49,3,3,2,1,1,,1,,praderas del sur
5845,9,2,2,1,10,,1,8,,1,10,,1,1,1,1,1,2,1,2,2,2,2,2,2,1,1,1,1,-99,-99,-99,-99,-99,-99,,-99,1,,8,6,5,4,8,10,10,10,8,10,10,8,7,2,0,,10,4,2,0,,10,3,2,0,,9,9,9,2,0,,5,2,0,,9,9,10,7,9,9,9,1,7,10,5,4,5,5,5,las letras del centro,Letras JRZ,2,2,,,,1,-99,-99,-99,-99,-99,-99,-99,1,-99,-99,-99,,-99,-99,-99,-99,-99,-99,-99,1,-99,-99,-99,,2,,-99,-99,-99,-99,-99,-99,-99,,2,,-99,-99,-99,-99,-99,-99,-99,,3,5,,5,,1,2,,,4,9,9,5,8,10,2,2,2,2,6,,2,2,0,0,0,1,,65,4,2,2,1,1,,3,,praderas del sur
5845,9,3,2,2,,,0,,,0,,,0,1,2,1,1,1,2,2,2,2,2,2,2,2,1,1,1,-99,-99,-99,-99,-99,-99,,-99,1,,8,8,7,9,9,9,10,10,10,9,6,6,7,2,0,,9,4,2,0,,10,3,2,0,,7,8,7,2,0,,8,2,0,,8,8,8,8,8,7,9,5,8,8,7,4,3,3,4,la x,La X,1,2,,,,1,-99,-99,-99,-99,-99,-99,-99,1,-99,-99,-99,,-99,-99,-99,-99,-99,-99,-99,1,-99,-99,-99,,2,,-99,-99,-99,-99,-99,-99,-99,,2,,-99,-99,-99,-99,-99,-99,-99,,4,5,,9,,2,2,,,1,9,7,6,7,6,2,2,2,2,2,,2,2,0,0,0,2,,19,1,3,6,1,2,,3,,praderas del sur
5845,9,4,1,2,,,0,,,0,,,0,1,1,1,1,2,1,2,2,1,2,2,2,2,2,1,1,-99,-99,-99,-99,-99,-99,,-99,1,,10,10,8,8,10,10,10,10,10,10,8,2,7,2,0,,10,4,2,0,,10,3,2,0,,10,10,7,2,0,,5,2,0,,6,8,8,8,8,8,9,3,5,8,3,4,4,4,4,la entrada,Umbral del milenio,4,2,,,,2,-99,-99,-99,-99,-99,-99,-99,-99,-99,-99,-99,,-99,-99,-99,-99,-99,-99,-99,1,-99,-99,-99,,2,,-99,-99,-99,-99,-99,-99,-99,,2,,-99,-99,-99,-99,-99,-99,-99,,2,2,,5,,1,2,,,3,1,4,7,4,9,2,2,2,2,6,,2,2,0,0,0,2,,52,3,8,4,1,2,,3,,praderas del sur
5845,9,3,3,1,4,,1,8,,1,10,,1,1,2,1,1,2,2,2,2,2,2,2,2,2,2,1,1,-99,-99,-99,-99,-99,-99,,-99,1,,10,10,10,5,10,10,10,10,10,10,1,3,7,2,0,,10,3,2,0,,10,3,2,0,,10,10,9,2,0,,2,2,0,,11,8,9,9,10,10,8,4,9,4,5,4,5,5,5,la x,La X,1,1,0,0,1,1,-99,-99,-99,-99,-99,-99,-99,-99,1,-99,1,bicicleta,-99,-99,-99,-99,-99,1,-99,1,1,-99,-99,,1,9,-99,-99,-99,-99,-99,-99,-99,,2,,-99,-99,-99,-99,-99,-99,-99,,4,15,,5,,1,2,,,3,9,8,10,5,8,1,1,1,1,2,,2,2,0,0,0,2,,56,3,2,6,1,2,,2,,praderas del sur
5845,9,3,2,2,,,0,,,0,,,0,1,1,1,1,2,1,2,1,1,2,2,1,2,1,2,1,-99,-99,-99,-99,-99,-99,,-99,1,,9,9,8,9,8,9,8,8,8,9,3,5,7,2,0,,8,5,2,0,,7,3,2,0,,5,6,7,2,0,,8,2,0,,6,8,3,9,9,2,5,5,5,6,2,4,4,3,4,la x,La X,1,2,,,,2,-99,-99,-99,-99,-99,-99,-99,-99,-99,-99,-99,,-99,-99,-99,-99,-99,-99,-99,1,-99,-99,-99,,2,,-99,-99,-99,-99,-99,-99,-99,,2,,-99,-99,-99,-99,-99,-99,-99,,4,5,,4,,1,2,,,4,9,8,5,8,8,1,1,2,1,5,,2,2,0,0,0,1,,25,1,1,8,1,1,,1,,praderas de el sur
5845,9,4,2,1,5,,1,10,,1,No hay ninguna persona en educacion superior,,3,1,2,1,2,2,1,2,1,2,2,2,2,2,2,1,1,-99,-99,1,-99,-99,-99,,-99,4,,5,5,3,4,5,8,5,8,5,10,10,5,7,2,0,,10,5,2,0,,6,2,2,0,,5,6,5,2,0,,6,2,0,,9,5,10,5,4,8,5,4,9,2,5,2,4,3,4,la x,La X,1,2,,,,1,-99,-99,-99,-99,-99,-99,-99,1,-99,-99,-99,,-99,-99,-99,-99,-99,-99,-99,1,-99,-99,-99,,2,,-99,-99,-99,-99,-99,-99,-99,,2,,-99,-99,-99,-99,-99,-99,-99,,4,2,,9,,1,2,,,2,9,5,2,5,10,2,1,2,2,1,,2,2,0,0,0,1,,38,2,2,6,1,2,,2,,praderasdrl sur
5845,9,3,2,2,,,0,,,0,,,0,1,1,1,1,2,2,2,2,1,2,2,2,2,2,1,1,-99,-99,-99,-99,-99,-99,,-99,1,,7,8,6,8,9,9,9,8,10,9,9,9,7,2,0,,9,5,2,0,,10,3,2,0,,8,8,8,2,0,,6,2,0,,5,4,6,6,2,7,6,3,3,5,5,4,4,4,4,el Chamizal,El Chamizal,1,2,,,,2,-99,-99,-99,-99,-99,-99,-99,-99,-99,-99,-99,,-99,-99,-99,-99,-99,-99,-99,1,-99,-99,-99,,2,,-99,-99,-99,-99,-99,-99,-99,,2,,-99,-99,-99,-99,-99,-99,-99,,4,5,,6,,2,2,,,3,2,5,3,4,6,1,1,2,2,3,,2,2,0,0,0,1,,63,4,1,8,1,1,,1,,praderasde o sur
5845,9,4,2,2,,,0,,,0,,,0,1,1,1,1,2,1,1,1,1,1,1,1,2,2,1,1,-99,-99,-99,-99,-99,-99,,-99,1,,9,6,8,10,10,10,8,9,8,10,10,10,7,2,0,,10,5,2,0,,10,3,2,0,,10,10,10,2,0,,10,1,1,10,10,4,10,10,10,10,6,1,6,8,8,4,4,3,4,oarquedeek dif,El parque DIF,1,1,2,0,0,1,-99,-99,-99,1,-99,-99,-99,-99,-99,-99,-99,,-99,-99,-99,-99,-99,-99,-99,1,-99,-99,-99,,2,,-99,-99,-99,-99,-99,-99,-99,,2,,-99,-99,-99,-99,-99,-99,-99,,4,3,,4,,3,2,,,3,9,8,7,9,8,1,1,2,1,5,,2,2,0,0,0,1,,29,1,2,4,1,1,,1,,prsderas de el sur
5845,9,3,2,2,,,0,,,0,,,0,1,1,1,1,1,1,1,1,1,1,2,2,2,1,1,1,-99,-99,-99,-99,-99,-99,,-99,1,,6,8,8,7,7,6,8,8,10,9,8,7,6,2,0,,9,5,2,0,,10,3,2,0,,9,10,8,2,0,,7,2,0,,7,6,10,10,10,9,4,4,1,4,3,4,4,4,2,la x,La X,1,2,,,,1,-99,-99,-99,-99,-99,-99,-99,-99,-99,-99,1,SE RESERVA,-99,-99,-99,-99,-99,-99,-99,1,-99,-99,-99,,2,,-99,-99,-99,-99,-99,-99,-99,,2,,-99,-99,-99,-99,-99,-99,-99,,4,5,,5,,1,2,,,3,9,6,7,5,5,2,2,2,1,2,,2,2,0,0,0,1,,40,2,2,4,1,1,,2,,praderas e de l sur
5845,9,3,2,2,,,0,,,0,,,0,1,1,1,1,2,1,2,1,1,1,1,1,1,1,1,1,-99,-99,-99,-99,-99,-99,,-99,1,,6,7,9,6,6,5,8,8,8,7,8,7,5,2,0,,8,5,2,0,,9,3,2,0,,8,6,7,2,0,,8,2,0,,7,6,10,10,10,6,6,5,6,8,6,4,4,3,2,la x,La X,1,2,,,,2,-99,-99,-99,-99,-99,-99,-99,-99,-99,-99,-99,,-99,-99,-99,-99,-99,1,-99,-99,-99,-99,-99,,2,,-99,-99,-99,-99,-99,-99,-99,,2,,-99,-99,-99,-99,-99,-99,-99,,4,6,,6,,1,2,,,3,9,5,3,6,8,1,1,1,1,5,,2,2,0,0,0,1,,51,3,1,4,1,1,,1,,praderas d el sur
5845,9,3,3,2,,,0,,,0,,,0,1,1,1,1,2,1,1,1,1,2,2,2,2,1,1,1,-99,-99,-99,-99,-99,-99,,-99,1,,8,8,7,4,7,8,9,9,8,7,10,10,7,2,0,,9,5,2,0,,8,3,2,0,,5,7,6,2,0,,7,2,0,,5,9,10,10,10,5,1,5,5,7,7,4,4,4,2,la x,La X,1,1,2,0,1,2,-99,-99,-99,-99,-99,-99,-99,-99,-99,-99,-99,,-99,-99,-99,-99,-99,-99,-99,1,-99,-99,-99,,2,,-99,-99,-99,-99,-99,-99,-99,,2,,-99,-99,-99,-99,-99,-99,-99,,4,10,,5,,1,2,,,3,9,5,5,8,9,1,1,2,1,5,,2,2,0,0,0,1,,52,3,1,4,1,1,,1,,praderas ee en l sur
5845,9,3,2,2,,,0,,,0,,,0,1,1,1,1,1,1,2,2,1,2,2,2,2,1,1,1,-99,-99,-99,-99,-99,-99,,-99,1,,8,8,4,6,8,8,8,9,9,10,8,7,7,2,0,,10,5,2,0,,7,3,2,0,,9,8,9,2,0,,7,2,0,,7,8,10,10,10,2,5,1,5,5,6,4,4,4,4,la x,La X,1,2,,,,1,-99,-99,-99,-99,-99,-99,-99,1,-99,-99,-99,,-99,-99,-99,-99,-99,-99,-99,1,-99,-99,-99,,2,,-99,-99,-99,-99,-99,-99,-99,,2,,-99,-99,-99,-99,-99,-99,-99,,4,7,,5,,1,2,,,3,9,6,4,4,6,1,1,2,1,5,,2,2,0,0,0,2,,40,2,2,6,1,1,,1,,praderas de el sur
5845,9,3,2,1,9,,1,No hay ninguna persona en educacion media,,3,No hay ninguna persona en educacion superior,,3,1,1,1,1,2,1,2,1,1,1,2,1,2,1,1,1,1,-99,-99,-99,-99,-99,,-99,2,,8,6,7,5,8,9,7,10,10,10,10,10,7,2,0,,10,5,2,0,,10,3,2,0,,7,3,7,2,0,,4,2,0,,5,7,10,10,10,10,4,1,6,4,3,4,4,4,4,la x,La X,1,2,,,,1,-99,-99,-99,-99,-99,-99,1,-99,-99,-99,-99,,-99,-99,-99,-99,-99,-99,-99,1,-99,-99,-99,,2,,-99,-99,-99,-99,-99,-99,-99,,2,,-99,-99,-99,-99,-99,-99,-99,,4,2,,5,,1,1,municipal,abuso ee autoridad,3,9,7,3,5,7,1,1,1,1,1,,2,2,0,0,0,2,,48,3,2,6,1,1,,1,,praderas deel sur
5845,9,3,2,1,10,,1,No hay ninguna persona en educacion media,,3,No hay ninguna persona en educacion superior,,3,1,1,1,1,2,1,1,1,2,2,2,1,2,1,2,1,-99,-99,-99,-99,-99,-99,,-99,1,,8,8,3,6,7,8,8,10,9,9,8,9,7,2,0,,9,5,2,0,,9,3,2,0,,9,5,7,2,0,,8,2,0,,8,9,9,9,9,9,5,8,3,4,7,4,4,4,2,el Chamizal,El Chamizal,1,2,,,,1,-99,-99,-99,1,-99,-99,-99,-99,-99,-99,-99,,-99,-99,-99,-99,-99,-99,-99,1,-99,-99,-99,,2,,-99,-99,-99,-99,-99,-99,-99,,2,,-99,-99,-99,-99,-99,-99,-99,,4,5,,4,,1,2,,,3,9,5,7,4,8,2,2,2,2,5,,2,2,0,0,0,1,,39,2,2,4,1,1,,1,,praderas dro sur
5845,9,3,2,2,,,0,,,0,,,0,1,2,1,1,2,2,2,2,2,2,2,2,2,2,2,1,-99,-99,1,-99,-99,-99,,-99,4,,9,9,9,8,9,9,10,10,10,10,10,1,7,1,2,1,10,5,2,0,,10,3,2,0,,7,9,8,2,0,,2,2,0,,8,11,0,0,0,0,4,0,8,4,8,4,5,5,5,el chamizal,El Chamizal,2,1,0,0,1,1,-99,-99,-99,1,-99,-99,-99,-99,-99,-99,-99,,-99,-99,-99,-99,-99,-99,-99,1,-99,-99,-99,,2,,-99,-99,-99,-99,-99,-99,-99,,2,,-99,-99,-99,-99,-99,-99,-99,,4,2,,5,,1,2,,,2,9,7,5,5,8,1,1,1,1,6,,2,2,0,0,0,2,,50,3,2,2,1,1,,1,,praderasdelsu
5845,9,2,2,2,,,0,,,0,,,0,1,1,1,1,2,2,2,2,2,2,2,2,2,2,1,1,-99,-99,1,-99,-99,-99,,-99,4,,8,8,8,8,9,8,8,8,8,8,8,9,7,2,0,,8,5,2,0,,10,3,2,0,,7,7,7,2,0,,8,2,0,,9,9,9,9,7,4,8,0,9,5,5,4,5,5,5,parqueborunda,El parque Borunda,0,2,,,,2,-99,-99,-99,-99,-99,-99,-99,-99,-99,-99,-99,,-99,-99,-99,-99,-99,1,-99,1,-99,-99,-99,,2,,-99,-99,-99,-99,-99,-99,-99,,2,,-99,-99,-99,-99,-99,-99,-99,,4,3,,9,,1,2,,,1,1,5,4,4,8,1,1,1,1,5,,2,2,0,0,0,1,,65,4,8,2,1,1,,1,,pradera del sur
5845,9,1,4,2,,,0,,,0,,,0,1,2,2,2,2,2,2,2,2,2,2,2,2,2,1,1,-99,-99,-99,-99,-99,-99,,-99,1,,4,4,4,4,4,4,7,7,7,8,8,7,7,2,0,,8,5,2,0,,10,3,2,0,,7,7,7,2,0,,8,2,0,,8,8,8,8,8,8,8,4,11,7,7,4,4,4,4,el monumento,El monumento a Benito Juárez,1,2,,,,1,-99,-99,-99,-99,-99,-99,-99,1,-99,-99,-99,,-99,-99,-99,-99,-99,-99,-99,1,-99,-99,-99,,2,,-99,-99,-99,-99,-99,-99,-99,,2,,-99,-99,-99,-99,-99,-99,-99,,4,2,,5,,1,2,,,1,9,8,5,6,8,1,1,1,1,2,,2,2,0,0,0,2,,46,3,4,2,1,1,,1,,praderas del sur
5845,9,3,2,1,No hay ninguna persona en nivel basico,,3,No hay ninguna persona en educacion media,,3,9,,1,1,1,1,1,2,1,2,2,2,2,2,2,2,1,1,1,-99,-99,-99,1,-99,-99,,-99,5,,9,9,7,9,9,9,10,10,10,10,10,10,7,2,0,,10,5,2,0,,10,3,2,0,,8,8,7,2,0,,6,2,0,,7,4,3,8,9,8,6,0,0,4,0,4,5,5,5,la x,La X,2,1,0,0,3,1,-99,-99,-99,-99,-99,-99,-99,1,-99,-99,-99,,-99,-99,-99,-99,-99,-99,-99,1,-99,-99,-99,,2,,-99,-99,-99,-99,-99,-99,-99,,2,,-99,-99,-99,-99,-99,-99,-99,,4,5,,3,,1,2,,,2,9,10,3,5,10,1,1,1,1,1,,2,2,0,0,0,2,,53,3,2,8,1,2,,2,,pradersdel sur
5845,9,2,3,2,,,0,,,0,,,0,1,2,1,2,2,2,1,2,2,2,2,2,2,2,1,1,-99,-99,-99,-99,-99,-99,,-99,1,,7,7,7,4,2,5,8,8,4,8,7,7,7,2,0,,6,4,2,0,,10,3,2,0,,6,6,6,2,0,,2,2,0,,7,8,8,8,8,8,8,11,11,6,4,1,1,1,1,el chamizal,El Chamizal,1,1,0,0,1,2,-99,-99,-99,-99,-99,-99,-99,-99,-99,-99,-99,,1,-99,-99,-99,-99,-99,-99,1,-99,-99,-99,,2,,-99,-99,-99,-99,-99,-99,-99,,2,,-99,-99,-99,-99,-99,-99,-99,,1,3,,19,perros sueltos,1,2,,,2,2,2,8,6,6,1,1,1,1,7,perrossueltos,2,2,0,0,0,1,,55,3,4,7,1,1,,1,,praderas del sur
5845,9,4,2,1,9,,1,No hay ninguna persona en educacion media,,3,No hay ninguna persona en educacion superior,,3,1,1,1,1,2,2,1,2,2,2,2,2,2,1,1,1,-99,-99,1,-99,-99,-99,,-99,4,,8,8,10,9,10,8,9,10,10,9,10,10,7,2,0,,10,3,2,0,,10,3,2,0,,10,10,8,2,0,,7,2,0,,10,10,8,8,9,9,10,11,11,10,7,2,4,4,4,la x,La X,1,2,,,,1,-99,-99,-99,1,-99,-99,-99,-99,-99,-99,-99,,1,-99,-99,-99,-99,-99,-99,1,-99,-99,-99,,2,,-99,-99,-99,-99,-99,-99,-99,,2,,-99,-99,-99,-99,-99,-99,-99,,4,18,,13,,1,2,,,3,9,10,10,7,8,1,1,1,1,5,,2,2,0,0,0,2,,20,1,2,6,1,1,,1,,praderas del sur
5845,9,3,3,1,8,,1,8,,1,No hay ninguna persona en educacion superior,,3,1,1,1,1,2,1,1,2,1,1,2,1,2,2,1,1,-99,-99,-99,1,-99,-99,,-99,5,,8,8,8,7,9,7,10,6,6,8,8,9,7,2,0,,9,5,2,0,,10,3,2,0,,9,9,8,2,0,,8,2,0,,8,8,8,7,8,8,3,0,11,7,6,4,4,4,4,monumento a benito juarez,El monumento a Benito Juárez,0,2,,,,1,-99,-99,-99,-99,-99,-99,-99,-99,1,-99,-99,,-99,-99,-99,-99,-99,-99,-99,-99,1,-99,-99,,1,8,-99,-99,-99,-99,-99,-99,-99,,2,,-99,-99,-99,-99,-99,-99,-99,,3,5,,15,,1,2,,,1,9,6,6,5,6,2,1,1,1,2,,2,2,0,0,0,2,,50,3,2,2,1,2,,2,,praderas del sur
5845,9,3,2,1,9,,1,No hay ninguna persona en educacion media,,3,No hay ninguna persona en educacion superior,,3,2,2,1,1,2,2,2,2,2,2,2,2,2,2,2,1,-99,-99,1,-99,-99,-99,,-99,4,,10,10,9,10,10,9,10,10,10,10,9,5,7,2,0,,8,2,2,0,,10,3,2,0,,9,8,8,2,0,,1,2,0,,8,8,9,7,7,7,0,0,11,8,0,2,5,5,5,la x,La X,1,1,4,0,0,1,-99,-99,-99,-99,-99,-99,-99,1,-99,-99,-99,,-99,-99,-99,-99,-99,-99,-99,1,-99,-99,-99,,2,,-99,-99,-99,-99,-99,-99,-99,,2,,-99,-99,-99,-99,-99,-99,-99,,4,5,,2,,1,2,,,1,1,8,6,5,7,1,1,1,1,2,,2,2,0,0,0,2,,48,3,2,4,1,2,,2,,praderasdel sur
5845,9,4,1,1,8,,1,9,,2,No hay ninguna persona en educacion superior,,3,1,1,1,1,1,1,2,2,1,2,1,2,2,1,1,1,-99,-99,-99,-99,-99,-99,,-99,1,,8,8,7,9,9,9,8,9,7,10,8,8,7,2,0,,9,2,2,0,,8,3,2,0,,6,8,8,2,0,,5,2,0,,9,5,5,6,5,4,8,11,11,7,5,1,5,5,5,la x,La X,1,2,,,,1,-99,-99,-99,-99,-99,1,-99,-99,-99,-99,-99,,-99,-99,-99,-99,-99,1,-99,-99,-99,-99,-99,,2,,-99,-99,-99,-99,-99,-99,-99,,2,,-99,-99,-99,-99,-99,-99,-99,,4,9,,7,,1,2,,,1,9,8,5,3,8,2,1,2,1,7,fala de arboles,2,2,0,0,0,2,,18,1,5,7,1,1,,1,,praderas del sur
5845,9,3,2,1,No hay ninguna persona en nivel basico,,3,7,,1,No hay ninguna persona en educacion superior,,3,1,2,1,2,2,2,2,2,2,2,2,2,2,2,2,-99,-99,-99,1,-99,-99,-99,,-99,4,,8,6,5,7,7,6,5,10,5,5,7,7,7,2,0,,10,3,1,1,6,7,3,2,0,,6,6,7,2,0,,5,2,0,,5,7,5,3,5,8,0,0,0,6,5,4,5,5,1,la x,La X,1,2,,,,1,-99,-99,-99,-99,-99,-99,-99,1,-99,-99,-99,,-99,-99,-99,-99,-99,-99,-99,1,-99,-99,-99,,2,,-99,-99,-99,-99,-99,-99,-99,,2,,-99,-99,-99,-99,-99,-99,-99,,4,7,,5,,2,2,,,3,9,7,6,7,6,2,2,2,2,3,,2,2,0,0,0,2,,22,1,9,9,1,2,,3,,talexico
5845,9,3,2,2,,,0,,,0,,,0,1,1,1,1,1,1,1,1,1,1,1,1,1,1,2,1,-99,-99,1,-99,-99,-99,,-99,4,,10,10,10,10,10,10,10,10,10,10,10,10,7,2,0,,10,5,2,0,,10,3,2,0,,9,10,10,2,0,,10,2,0,,9,8,7,7,6,5,8,0,10,8,8,4,5,5,5,las torres,OTRO,1,1,0,1,0,1,-99,-99,-99,-99,-99,-99,-99,-99,-99,-99,1,SE RESERVA,-99,-99,-99,-99,-99,-99,-99,1,-99,-99,-99,,2,,-99,-99,-99,-99,-99,-99,-99,,2,,-99,-99,-99,-99,-99,-99,-99,,4,2,,7,,1,2,,,3,3,10,8,9,9,2,2,2,2,1,,2,2,0,0,0,2,,42,2,2,5,1,2,,3,,praderas del sur
5845,9,2,2,1,2,,1,No hay ninguna persona en educacion media,,3,No hay ninguna persona en educacion superior,,3,1,1,1,1,1,1,1,1,1,1,1,2,2,2,2,1,-99,-99,1,-99,-99,-99,,-99,4,,9,8,8,8,8,7,10,10,10,10,10,9,7,2,0,,10,5,2,0,,9,3,2,0,,9,8,9,2,0,,7,2,0,,7,8,8,8,8,8,0,0,0,8,10,4,5,5,5,x,La X,1,2,,,,2,-99,-99,-99,-99,-99,-99,-99,-99,-99,-99,-99,,-99,-99,-99,-99,-99,-99,-99,1,-99,-99,-99,,2,,-99,-99,-99,-99,-99,-99,-99,,2,,-99,-99,-99,-99,-99,-99,-99,,4,6,,2,,1,2,,,1,2,8,8,7,7,2,1,1,1,1,,2,2,0,0,0,1,,26,1,1,6,1,1,,1,,praderas delbsurpraderad fel sur
5845,9,4,2,1,10,,1,No hay ninguna persona en educacion media,,3,No hay ninguna persona en educacion superior,,3,1,1,1,1,2,1,2,2,2,2,2,2,2,2,2,-99,-99,-99,1,-99,-99,-99,,-99,4,,8,9,8,8,8,9,10,10,10,10,10,10,7,2,0,,10,3,2,0,,10,3,2,0,,8,8,8,2,0,,5,2,0,,7,8,8,3,10,8,0,0,0,8,10,4,4,4,4,parque central,El Parque Central,0,1,2,0,0,1,1,-99,-99,-99,-99,-99,-99,-99,1,-99,-99,,-99,-99,-99,-99,-99,1,-99,-99,1,-99,-99,,1,8,-99,-99,-99,-99,-99,-99,-99,,2,,-99,-99,-99,-99,-99,-99,-99,,4,2,,5,,1,2,,,1,2,7,6,6,6,2,1,2,1,1,,2,2,0,0,0,1,,27,1,2,4,1,1,,2,,praferas del dur
5845,9,3,3,2,,,0,,,0,,,0,1,1,1,1,2,1,2,1,1,1,1,1,1,2,2,1,-99,-99,1,-99,-99,-99,,-99,4,,8,8,8,6,8,9,10,10,9,9,8,7,7,2,0,,10,5,2,0,,9,3,2,0,,8,8,9,2,0,,8,2,0,,8,10,9,9,9,9,10,0,0,9,7,4,5,5,5,parque cemtral,El Parque Central,1,2,,,,1,-99,-99,-99,-99,-99,-99,-99,1,-99,-99,-99,,-99,-99,-99,-99,-99,-99,-99,1,-99,-99,-99,,2,,-99,-99,-99,-99,-99,-99,-99,,2,,-99,-99,-99,-99,-99,-99,-99,,4,3,,2,,1,1,la policia,lo han robado,5,2,8,8,8,9,2,2,1,2,1,,2,2,0,0,0,2,,30,2,9,5,1,3,,5,,prsderas del sur
5845,9,4,2,2,,,0,,,0,,,0,1,2,1,1,1,1,1,1,1,1,1,2,1,1,1,-99,-99,-99,-99,1,-99,-99,,-99,5,,9,8,8,8,6,8,10,10,10,10,9,9,7,2,0,,10,5,2,0,,9,3,2,0,,8,9,9,2,0,,10,2,0,,9,8,6,6,6,6,7,0,0,8,10,4,5,5,5,parque central,El Parque Central,0,2,,,,1,-99,-99,-99,-99,-99,1,-99,-99,-99,-99,-99,,-99,-99,-99,-99,-99,1,-99,-99,-99,-99,-99,,2,,-99,-99,-99,-99,-99,-99,-99,,2,,-99,-99,-99,-99,-99,-99,-99,,4,2,,7,,1,2,,,3,1,10,8,6,7,2,2,1,2,2,,2,2,0,0,0,2,,28,1,9,6,1,2,,3,,praderasvdel sur
5845,9,3,2,2,,,0,,,0,,,0,1,1,1,1,2,1,2,2,2,2,2,2,2,2,2,1,-99,-99,1,-99,-99,-99,,-99,4,,9,6,8,7,8,7,10,10,10,8,10,8,7,2,0,,10,5,2,0,,10,3,2,0,,9,8,8,2,0,,8,2,0,,8,8,6,5,7,5,6,0,7,8,8,4,5,3,3,pñaza ñas torres,OTRO,2,2,,,,1,-99,-99,-99,-99,-99,-99,-99,1,-99,-99,-99,,-99,-99,-99,-99,-99,-99,-99,1,-99,-99,-99,,2,,-99,-99,-99,-99,-99,-99,-99,,2,,-99,-99,-99,-99,-99,-99,-99,,4,5,,3,,1,2,,,3,9,8,7,9,7,1,2,2,2,4,,2,2,0,0,0,2,,25,1,2,9,1,3,,4,,praderas del sur
5845,9,3,2,2,,,0,,,0,,,0,1,1,1,1,2,1,1,1,2,2,2,2,2,2,2,1,-99,-99,1,-99,-99,-99,,-99,4,,8,9,9,4,8,8,10,9,10,10,9,6,7,2,0,,9,5,2,0,,8,4,2,0,,7,9,8,2,0,,8,2,0,,8,8,5,5,5,5,0,0,0,8,7,4,3,3,3,x,La X,1,2,,,,1,-99,-99,-99,-99,-99,-99,-99,1,-99,-99,-99,,-99,-99,-99,-99,-99,-99,-99,1,-99,-99,-99,,2,,-99,-99,-99,-99,-99,-99,-99,,2,,-99,-99,-99,-99,-99,-99,-99,,4,6,,3,,1,2,,,2,2,9,8,9,8,2,2,2,2,2,,2,2,0,0,0,2,,45,3,2,3,1,2,,3,,praderas del sur
5845,9,3,2,2,,,0,,,0,,,0,2,2,2,1,2,2,2,2,2,1,2,2,2,2,2,1,-99,-99,-99,-99,-99,-99,,-99,1,,9,8,9,9,7,7,10,10,10,9,9,8,7,2,0,,9,5,2,0,,9,3,2,0,,9,5,9,2,0,,7,2,0,,9,8,6,6,5,5,0,0,0,8,6,4,5,5,5,x,La X,1,2,,,,1,-99,-99,-99,-99,-99,-99,-99,1,-99,-99,-99,,-99,-99,-99,-99,-99,-99,-99,1,-99,-99,-99,,2,,-99,-99,-99,-99,-99,-99,-99,,2,,-99,-99,-99,-99,-99,-99,-99,,4,2,,6,,1,2,,,2,2,9,8,8,9,1,1,1,2,2,,2,2,0,0,0,2,,50,3,2,4,1,2,,3,,praderas del sur
5845,9,3,2,2,,,0,,,0,,,0,1,1,2,2,2,2,2,1,1,1,2,2,2,2,2,1,-99,-99,1,-99,-99,-99,,-99,4,,9,7,8,9,8,8,10,10,9,10,9,10,7,2,0,,10,5,2,0,,9,3,2,0,,10,9,6,2,0,,8,2,0,,9,7,4,4,4,4,7,0,0,8,5,4,5,5,5,x,La X,1,2,,,,1,-99,-99,-99,-99,-99,-99,-99,1,-99,-99,-99,,-99,-99,-99,-99,-99,-99,-99,1,-99,-99,-99,,2,,-99,-99,-99,-99,-99,-99,-99,,2,,-99,-99,-99,-99,-99,-99,-99,,4,2,,4,,1,2,,,3,2,7,7,8,8,2,2,2,2,3,,2,2,0,0,0,2,,64,4,8,2,1,1,,3,,praderas del sur
293A,7,4,1,1,No hay ninguna persona en nivel basico,,3,No hay ninguna persona en educacion media,,3,6,,1,1,1,1,2,2,2,2,2,2,2,2,2,2,1,1,1,-99,-99,-99,1,-99,-99,,-99,5,,8,8,9,10,10,8,10,10,9,10,10,10,7,2,0,,10,5,2,0,,10,3,2,0,,8,8,6,2,0,,6,2,0,,6,8,8,8,8,1,0,0,11,0,0,4,5,5,5,monumento a benito juarez,El monumento a Benito Juárez,0,2,,,,2,-99,-99,-99,-99,-99,-99,-99,-99,-99,-99,-99,,1,-99,-99,-99,-99,-99,-99,-99,-99,-99,-99,,2,,-99,-99,-99,-99,-99,-99,-99,,2,,-99,-99,-99,-99,-99,-99,-99,,4,15,,19,perros sueltos,1,2,,,1,1,7,4,7,9,2,1,2,2,7,perros sueltos,2,2,0,0,0,1,,61,4,1,2,1,1,,2,,los alcaldes
293A,7,4,1,2,,,0,,,0,,,0,1,2,2,2,2,2,2,2,2,2,2,2,2,2,1,1,-99,-99,-99,-99,-99,-99,,-99,1,,5,5,5,5,5,5,10,10,10,10,10,10,7,2,0,,10,5,2,0,,10,3,2,0,,7,9,7,2,0,,4,2,0,,8,5,4,4,4,4,0,0,11,3,0,4,5,5,5,el monumento,El monumento a Benito Juárez,0,2,,,,2,-99,-99,-99,-99,-99,-99,-99,-99,-99,-99,-99,,-99,-99,-99,-99,-99,1,-99,-99,-99,-99,-99,,2,,-99,-99,-99,-99,-99,-99,-99,,2,,-99,-99,-99,-99,-99,-99,-99,,4,6,,9,,1,2,,,1,9,3,3,5,5,1,1,1,1,3,,2,2,0,0,0,2,,74,4,8,13,1,2,,2,,alcaldes
293A,7,2,2,1,No hay ninguna persona en nivel basico,,3,8,,1,No hay ninguna persona en educacion superior,,3,1,1,1,1,2,2,2,2,2,2,2,2,2,2,1,1,-99,-99,-99,-99,-99,-99,,-99,1,,9,8,7,6,10,6,9,9,9,8,7,7,7,2,0,,6,5,2,0,,10,3,2,0,,10,10,7,2,0,,5,2,0,,8,8,5,4,1,1,6,0,11,0,0,4,5,5,5,la x,La X,2,2,,,,2,-99,-99,-99,-99,-99,-99,-99,-99,-99,-99,-99,,-99,-99,-99,-99,-99,1,-99,-99,-99,-99,-99,,2,,-99,-99,-99,-99,-99,-99,-99,,2,,-99,-99,-99,-99,-99,-99,-99,,4,5,,3,,1,2,,,3,2,1,8,1,8,2,1,1,2,3,,2,2,0,0,0,1,,71,4,1,2,1,1,,1,,los alcaldes
293A,7,4,2,2,,,0,,,0,,,0,1,1,1,1,1,1,1,1,1,1,2,1,2,2,1,1,-99,-99,-99,-99,-99,-99,,-99,1,,6,6,3,3,6,6,8,8,8,8,10,10,7,2,0,,9,5,2,0,,3,1,2,0,,6,7,7,2,0,,7,2,0,,6,8,9,9,9,9,6,6,6,6,6,4,4,4,4,la x,La X,1,2,,,,1,-99,-99,-99,1,-99,-99,-99,-99,-99,-99,-99,,-99,-99,-99,-99,-99,-99,-99,1,-99,-99,-99,,2,,-99,-99,-99,-99,-99,-99,-99,,2,,-99,-99,-99,-99,-99,-99,-99,,4,2,,7,,1,2,,,3,2,6,7,8,8,1,1,2,1,5,,2,2,0,0,0,2,,29,1,2,4,1,1,,1,,alcaldes
293A,7,2,2,1,8,,1,No hay ninguna persona en educacion media,,3,No hay ninguna persona en educacion superior,,3,1,1,1,2,2,1,2,2,2,2,2,2,2,1,1,-99,1,-99,-99,-99,-99,-99,,-99,2,,7,5,3,2,6,4,5,3,6,6,2,2,7,1,2,3,5,4,1,1,5,8,3,2,0,,5,5,3,2,0,,1,2,0,,5,1,2,2,2,2,0,0,0,5,3,1,4,2,2,la x,La X,1,1,0,0,1,1,-99,-99,-99,-99,-99,-99,-99,1,-99,-99,-99,,-99,-99,-99,-99,-99,-99,-99,1,-99,-99,-99,,2,,-99,-99,-99,-99,-99,-99,-99,,2,,-99,-99,-99,-99,-99,-99,-99,,4,5,,8,,1,2,,,3,2,4,3,5,6,1,1,2,1,2,,2,2,0,0,0,2,,39,2,2,6,1,1,,1,,alcaldes
293A,7,3,2,2,,,0,,,0,,,0,1,1,1,1,2,2,2,2,2,2,2,2,2,2,1,1,-99,-99,-99,-99,-99,-99,,-99,1,,6,3,7,4,7,7,6,7,7,9,9,8,7,2,0,,10,2,2,0,,8,3,2,0,,5,6,7,2,0,,7,2,0,,5,5,10,10,10,10,7,6,5,5,6,4,5,5,5,le centro,El centro,0,2,,,,2,-99,-99,-99,-99,-99,-99,-99,-99,-99,-99,-99,,-99,-99,-99,-99,-99,-99,-99,-99,-99,-99,1,SE RESERVA,2,,-99,-99,-99,-99,-99,-99,-99,,2,,-99,-99,-99,-99,-99,-99,-99,,4,5,,2,,1,2,,,4,1,7,8,8,6,2,1,1,2,2,,2,2,0,0,0,2,,60,4,8,2,1,1,,1,,alcaldes
293A,7,3,2,1,8,,1,No hay ninguna persona en educacion media,,3,No hay ninguna persona en educacion superior,,3,1,1,1,1,1,2,2,1,1,2,2,1,1,1,1,-99,-99,-99,1,-99,-99,-99,,-99,4,,8,8,9,8,8,4,10,9,10,9,8,8,7,2,0,,8,4,2,0,,9,3,2,0,,9,8,3,2,0,,1,2,0,,7,7,7,6,1,8,9,0,0,7,0,3,5,5,5,parque central,El Parque Central,1,1,1,0,0,1,-99,-99,-99,-99,-99,-99,-99,1,-99,-99,-99,,-99,-99,-99,-99,-99,-99,-99,1,-99,-99,-99,,2,,-99,-99,-99,-99,-99,-99,-99,,2,,-99,-99,-99,-99,-99,-99,-99,,4,3,,11,,1,1,policia,abusos de dinero,3,2,7,5,5,7,2,2,2,2,3,,2,2,0,0,0,2,,27,1,9,6,1,3,,3,,alcaldes
293A,7,3,2,1,10,,1,10,,1,No hay ninguna persona en educacion superior,,3,1,1,1,1,2,2,2,2,2,2,2,2,2,2,2,-99,-99,-99,1,-99,-99,-99,,-99,4,,8,7,8,9,7,8,10,10,10,10,9,9,7,2,0,,10,5,2,0,,9,3,2,0,,8,10,9,2,0,,7,2,0,,9,10,9,9,9,9,8,0,0,9,5,4,5,5,5,x,La X,1,1,1,0,0,1,-99,-99,-99,-99,-99,-99,-99,1,1,1,-99,,-99,-99,-99,-99,-99,-99,-99,1,1,1,-99,,1,7,-99,-99,-99,-99,-99,-99,-99,,1,8,-99,-99,-99,-99,-99,-99,-99,,4,5,,7,,1,2,,,2,1,8,8,8,8,2,1,1,1,1,,2,2,0,0,0,1,,35,2,9,2,1,1,,2,,alcaldes
293A,7,3,3,1,9,,1,No hay ninguna persona en educacion media,,3,No hay ninguna persona en educacion superior,,3,1,1,1,1,2,2,2,2,2,2,2,2,2,2,2,1,-99,-99,1,-99,-99,-99,,-99,4,,5,4,6,6,7,6,10,9,9,6,9,8,7,2,0,,9,4,2,0,,10,3,2,0,,5,5,6,2,0,,8,2,0,,8,8,9,5,7,7,9,0,0,7,6,4,5,5,5,x,La X,1,1,1,0,0,1,-99,-99,-99,-99,-99,-99,-99,1,-99,-99,-99,,-99,-99,-99,-99,-99,-99,-99,1,-99,-99,-99,,2,,-99,-99,-99,-99,-99,-99,-99,,2,,-99,-99,-99,-99,-99,-99,-99,,4,2,,6,,1,2,,,2,9,8,8,8,7,2,2,1,1,1,,2,2,0,0,0,1,,49,3,9,4,1,2,,3,,alcaldes
293A,7,3,2,2,,,0,,,0,,,0,1,1,1,1,2,2,2,2,1,2,2,2,2,2,1,1,-99,-99,-99,-99,-99,-99,,-99,1,,6,6,8,9,10,4,10,10,10,10,10,10,7,2,0,,10,4,2,0,,10,3,2,0,,10,10,10,2,0,,10,2,0,,9,8,6,5,5,5,5,3,5,9,4,4,5,5,1,la x,La X,0,1,0,0,1,2,-99,-99,-99,-99,-99,-99,-99,-99,-99,-99,-99,,-99,-99,-99,-99,-99,-99,-99,-99,1,-99,-99,,1,8,-99,-99,-99,-99,-99,-99,-99,,2,,-99,-99,-99,-99,-99,-99,-99,,4,6,,7,,1,2,,,1,9,5,7,3,8,2,2,2,2,5,,2,2,0,0,0,2,,72,4,8,3,1,1,,3,,alcaldes
293A,7,4,2,2,,,0,,,0,,,0,1,2,2,1,2,2,2,2,2,2,2,2,2,2,2,1,-99,-99,-99,-99,-99,-99,,-99,1,,10,10,10,9,10,5,10,10,10,10,8,8,7,2,0,,10,3,2,0,,10,3,2,0,,8,10,9,2,0,,10,2,0,,8,5,9,8,8,8,7,4,9,10,6,4,5,5,5,la entrada,Umbral del milenio,0,2,,,,2,-99,-99,-99,-99,-99,-99,-99,-99,-99,-99,-99,,-99,-99,-99,-99,-99,1,-99,-99,-99,-99,-99,,2,,-99,-99,-99,-99,-99,-99,-99,,2,,-99,-99,-99,-99,-99,-99,-99,,3,5,,2,,1,2,,,2,9,4,5,6,8,2,1,2,1,2,,2,2,0,0,0,1,,66,4,1,3,1,1,,1,,alcaldes
293A,7,2,3,2,,,0,,,0,,,0,1,1,1,1,2,2,2,2,2,2,2,2,2,2,1,-99,-99,1,-99,-99,-99,-99,,-99,3,,7,10,7,6,10,5,10,10,7,8,9,10,7,2,0,,10,3,2,0,,10,3,2,0,,7,7,8,2,0,,8,2,0,,6,8,10,8,5,5,7,4,5,10,4,4,5,5,2,la x,La X,0,1,0,1,0,2,-99,-99,-99,-99,-99,-99,-99,-99,-99,-99,-99,,-99,-99,-99,-99,-99,1,-99,-99,-99,-99,-99,,1,6,1,-99,-99,1,1,-99,-99,,2,,-99,-99,-99,-99,-99,-99,-99,,4,3,,9,,2,2,,,3,1,5,5,4,10,1,2,2,1,2,,2,2,0,0,0,2,,54,3,4,2,2,19,,1,,los alcaldes
293A,7,4,2,1,7,,1,No hay ninguna persona en educacion media,,3,No hay ninguna persona en educacion superior,,3,1,2,1,1,2,2,2,2,2,2,2,2,2,2,1,1,-99,-99,-99,-99,-99,-99,,-99,1,,5,7,5,5,7,9,8,9,8,10,9,10,7,2,0,,7,4,1,1,5,10,3,2,0,,7,7,5,2,0,,1,1,2,1,8,10,1,2,5,5,6,1,0,2,5,4,5,5,4,chamizal,El Chamizal,1,2,,,,1,-99,-99,-99,1,-99,-99,-99,-99,-99,-99,-99,,-99,-99,-99,-99,-99,-99,-99,1,-99,-99,-99,,2,,-99,-99,-99,-99,-99,-99,-99,,2,,-99,-99,-99,-99,-99,-99,-99,,4,5,,8,,1,1,municipales,abusp d poder,3,6,8,5,5,8,2,2,2,2,2,,2,2,0,0,0,2,,51,3,2,2,1,1,,3,,alcaldes
293A,7,3,2,2,,,0,,,0,,,0,1,1,2,1,2,2,2,2,2,2,2,2,2,2,1,-99,-99,-99,-99,1,-99,-99,,-99,5,,10,10,10,10,9,10,10,10,10,10,10,10,7,2,0,,10,5,2,0,,10,3,2,0,,3,8,7,2,0,,2,2,0,,9,10,6,6,5,2,8,0,0,0,0,4,5,5,5,el monumento,El monumento a Benito Juárez,0,1,0,0,2,1,-99,-99,-99,-99,-99,-99,-99,-99,1,-99,-99,,-99,-99,-99,-99,-99,1,-99,-99,1,-99,-99,,1,9,-99,-99,-99,-99,-99,-99,-99,,2,,-99,-99,-99,-99,-99,-99,-99,,4,5,,19,trágico,4,2,,,3,9,6,5,6,6,1,1,1,1,7,pavimemto,2,2,0,0,0,2,,53,3,3,11,1,1,,2,,alcaldes
293A,7,4,2,2,,,0,,,0,,,0,2,2,2,1,2,1,1,2,1,2,2,1,2,2,2,1,-99,-99,-99,-99,-99,-99,,-99,1,,8,7,6,10,10,9,10,7,9,10,10,9,7,2,0,,10,5,2,0,,10,3,2,0,,10,10,9,2,0,,9,2,0,,3,10,1,4,1,2,8,0,0,8,0,4,5,5,5,la casa de juangabriel,La casa de Juan Gabriel,0,2,,,,1,1,-99,-99,-99,-99,-99,-99,-99,1,-99,-99,,1,-99,-99,-99,-99,-99,-99,-99,1,-99,-99,,1,6,-99,1,-99,-99,-99,1,-99,,2,,-99,-99,-99,-99,-99,-99,-99,,4,5,,2,,1,2,,,3,6,7,3,3,6,1,1,1,1,2,,2,2,0,0,0,2,,55,3,9,1,1,1,,1,,alcaldes
5205,9,4,2,1,No hay ninguna persona en nivel basico,,3,10,,1,No hay ninguna persona en educacion superior,,3,1,1,1,1,2,1,2,2,2,2,2,2,2,2,1,-99,-99,-99,1,-99,-99,-99,,-99,4,,9,8,9,10,10,10,9,10,8,10,10,10,7,2,0,,10,4,2,0,,10,3,2,0,,10,10,10,2,0,,8,2,0,,9,10,10,10,10,10,9,0,5,10,8,4,5,5,5,la x,La X,2,2,,,,1,-99,-99,-99,-99,-99,-99,-99,1,1,1,-99,,-99,-99,-99,-99,-99,-99,-99,1,1,1,-99,,1,8,-99,-99,-99,-99,-99,-99,-99,,1,8,-99,-99,-99,-99,-99,-99,-99,,4,5,,15,,1,2,,,3,4,9,3,9,9,2,2,2,1,7,pavimentación,2,2,0,0,0,2,,18,1,9,6,1,1,,2,,morelos 3
5205,9,3,1,2,,,0,,,0,,,0,1,1,1,1,2,2,2,2,1,2,2,1,1,2,1,1,-99,-99,1,-99,-99,-99,,-99,1,,10,10,9,9,10,10,10,10,10,10,10,10,7,2,0,,10,5,2,0,,10,3,2,0,,10,10,10,2,0,,9,2,0,,10,10,10,1,10,10,10,0,0,8,0,4,5,5,5,la catedral,La Catedral,1,2,,,,2,-99,-99,-99,-99,-99,-99,-99,-99,-99,-99,-99,,-99,-99,-99,-99,-99,-99,-99,1,-99,-99,-99,,1,8,-99,-99,-99,-99,-99,-99,-99,,2,,-99,-99,-99,-99,-99,-99,-99,,4,5,,19,inmigrante,1,2,,,3,9,10,8,8,8,1,1,1,1,2,,1,0,1,1,1,2,,60,4,4,6,1,1,,1,,morelos 3
5205,9,2,2,2,,,0,,,0,,,0,1,1,1,1,2,2,2,2,1,2,2,2,2,2,1,1,-99,-99,-99,-99,-99,-99,,-99,1,,4,6,3,5,4,10,10,10,10,10,10,10,7,2,0,,10,5,2,0,,10,3,2,0,,7,6,8,2,0,,7,2,0,,10,10,9,9,9,9,9,3,0,8,2,4,5,5,5,ventral,El parque central,2,2,,,,2,-99,-99,-99,-99,-99,-99,-99,-99,-99,-99,-99,,-99,-99,-99,-99,-99,-99,-99,1,-99,-99,-99,,1,9,-99,-99,-99,-99,-99,-99,-99,,2,,-99,-99,-99,-99,-99,-99,-99,,4,5,,19,vigilancia,1,2,,,3,1,9,4,4,10,1,2,2,1,2,,2,2,0,0,0,2,,57,3,1,2,1,1,,1,,Morelos 3
5205,9,3,2,2,,,0,,,0,,,0,1,1,1,1,2,2,2,2,2,2,2,2,2,2,1,1,-99,-99,-99,-99,-99,-99,,-99,1,,8,8,8,8,9,10,9,8,8,10,10,8,7,2,0,,8,4,1,1,9,10,3,2,0,,9,9,9,2,0,,8,2,0,,8,8,8,8,8,8,8,6,0,8,8,2,5,5,5,la x,La X,1,2,,,,1,-99,-99,-99,-99,-99,-99,-99,1,-99,-99,-99,,-99,-99,-99,-99,-99,-99,-99,1,-99,-99,-99,,2,,-99,-99,-99,-99,-99,-99,-99,,2,,-99,-99,-99,-99,-99,-99,-99,,4,7,,16,,4,2,,,3,2,7,6,4,8,2,1,1,2,7,pavimentación,2,2,0,0,0,2,,53,3,9,8,1,2,,3,,morelos 3
5205,9,1,2,2,,,0,,,0,,,0,1,1,1,1,2,2,2,2,2,1,1,1,1,2,2,1,-99,-99,1,-99,-99,-99,,-99,1,,4,6,4,7,8,10,8,9,8,10,10,10,7,2,0,,10,4,1,1,8,10,3,2,0,,10,10,10,2,0,,9,2,0,,10,10,2,7,2,10,6,0,0,1,1,1,5,4,4,la presidencia,La Presidencia,2,2,,,,2,-99,-99,-99,-99,-99,-99,-99,-99,-99,-99,-99,,-99,-99,-99,-99,-99,-99,-99,1,-99,-99,-99,,2,,-99,-99,-99,-99,-99,-99,-99,,2,,-99,-99,-99,-99,-99,-99,-99,,4,6,,17,,2,2,,,1,9,5,3,4,10,1,2,2,1,3,,2,2,0,0,0,2,,62,4,4,4,1,1,,2,,"morelos ,3"
5205,9,3,2,1,10,,1,No hay ninguna persona en educacion media,,3,No hay ninguna persona en educacion superior,,3,2,2,2,2,2,2,1,2,1,2,2,2,2,2,2,-99,-99,-99,1,-99,-99,-99,,-99,4,,8,6,8,8,7,6,10,10,8,9,8,7,7,2,0,,10,5,2,0,,8,3,2,0,,8,8,8,2,0,,8,2,0,,2,10,10,10,9,10,7,0,8,7,8,4,5,5,5,x,La X,2,2,,,,1,-99,-99,-99,-99,-99,-99,-99,1,-99,-99,-99,,-99,-99,-99,-99,-99,-99,-99,1,-99,-99,-99,,2,,-99,-99,-99,-99,-99,-99,-99,,2,,-99,-99,-99,-99,-99,-99,-99,,4,2,,5,,1,2,,,3,2,7,9,8,8,1,1,2,1,2,,2,2,0,0,0,2,,44,2,9,6,1,5,,6,,morelos 3
5205,9,2,3,1,10,,1,No hay ninguna persona en educacion media,,3,10,,1,1,2,2,1,1,1,2,2,2,2,2,2,2,2,2,1,-99,-99,1,-99,-99,-99,,-99,4,,8,7,8,8,7,8,8,8,9,9,8,8,7,2,0,,9,5,2,0,,10,3,2,0,,9,8,6,2,0,,7,2,0,,8,9,8,8,3,3,9,0,0,8,6,4,5,5,5,x,La X,0,2,,,,1,-99,-99,-99,-99,-99,1,-99,-99,-99,-99,-99,,-99,-99,-99,-99,-99,1,-99,-99,-99,-99,-99,,2,,-99,-99,-99,-99,-99,-99,-99,,2,,-99,-99,-99,-99,-99,-99,-99,,4,2,,6,,4,2,,,3,2,5,6,8,9,1,1,1,1,2,,2,2,0,0,0,1,,53,3,9,2,1,1,,3,,morelos 3
5205,9,3,2,2,,,0,,,0,,,0,1,1,1,1,2,2,2,2,2,2,2,2,2,2,2,-99,-99,-99,1,-99,-99,-99,,-99,4,,8,8,6,8,8,8,9,8,8,8,8,8,7,2,0,,9,5,2,0,,8,3,2,0,,9,8,7,2,0,,8,2,0,,7,9,8,6,8,8,8,0,0,8,4,4,5,4,4,x,La X,0,1,0,0,2,1,1,-99,-99,-99,-99,-99,-99,-99,-99,-99,-99,,-99,-99,-99,-99,-99,1,-99,-99,-99,-99,-99,,2,,-99,-99,-99,-99,-99,-99,-99,,2,,-99,-99,-99,-99,-99,-99,-99,,4,6,,2,,1,2,,,3,2,7,7,7,7,2,2,2,1,2,,2,2,0,0,0,2,,72,4,8,2,1,1,,3,,morelos 2
5205,9,2,2,2,,,0,,,0,,,0,1,1,1,1,2,1,2,2,2,2,2,2,2,2,2,-99,-99,-99,1,-99,-99,-99,,-99,4,,10,10,9,10,10,8,10,10,10,9,7,8,7,2,0,,10,5,2,0,,10,3,2,0,,9,9,8,2,0,,7,2,0,,8,9,8,8,8,8,8,0,0,6,3,4,5,5,5,catedral,La Catedral,0,2,,,,1,-99,-99,-99,-99,-99,-99,-99,-99,-99,-99,1,SE RESERVA,-99,-99,-99,-99,-99,1,-99,-99,-99,-99,-99,,2,,-99,-99,-99,-99,-99,-99,-99,,2,,-99,-99,-99,-99,-99,-99,-99,,4,9,,10,,1,2,,,3,2,5,5,7,9,2,1,1,1,5,,2,2,0,0,0,1,,56,3,9,2,1,2,,3,,morelos 3
5205,9,2,3,1,9,,1,No hay ninguna persona en educacion media,,3,8,,1,1,1,1,1,2,2,2,2,2,2,2,2,2,2,2,1,-99,-99,1,-99,-99,-99,,-99,4,,8,7,8,9,7,7,8,8,8,8,9,8,7,1,1,4,9,4,2,0,,8,3,2,0,,9,9,8,2,0,,8,2,0,,8,10,8,9,9,9,8,0,0,8,4,2,3,4,4,la puerta fe juarez umbral del milenio,Umbral del milenio,1,1,0,0,1,1,-99,-99,-99,-99,-99,-99,-99,1,-99,-99,-99,,-99,-99,-99,-99,-99,-99,-99,1,-99,-99,-99,,2,,-99,-99,-99,-99,-99,-99,-99,,2,,-99,-99,-99,-99,-99,-99,-99,,3,5,,7,,1,1,policia,son unos rstrros tr roban finero,3,9,5,2,2,7,1,2,2,1,2,,1,0,2,2,2,2,,48,3,2,6,1,3,,4,,"morelos ,3"
5205,9,4,1,1,No hay ninguna persona en nivel basico,,3,No hay ninguna persona en educacion media,,3,9,,1,1,1,1,2,2,1,2,2,2,2,2,2,1,1,1,1,-99,-99,1,-99,-99,-99,,-99,4,,8,8,8,9,9,9,10,10,10,10,9,9,7,2,0,,10,5,2,0,,9,3,2,0,,8,9,7,2,0,,5,2,0,,7,8,8,8,7,8,8,0,11,8,0,4,5,5,3,lax,La X,1,1,0,0,1,1,-99,-99,-99,-99,-99,-99,-99,1,-99,-99,-99,,-99,-99,-99,-99,-99,-99,-99,1,-99,-99,-99,,2,,-99,-99,-99,-99,-99,-99,-99,,2,,-99,-99,-99,-99,-99,-99,-99,,4,15,,5,,1,1,los transitos,abuso deautoridad,3,2,9,8,7,8,1,1,2,2,2,,2,2,0,0,0,2,,26,1,5,9,1,1,,1,,morelos 3
5205,9,3,1,2,,,0,,,0,,,0,1,2,2,2,2,2,2,2,2,2,2,2,2,2,2,-99,-99,1,-99,-99,-99,-99,,-99,3,,8,8,5,7,7,6,10,10,10,10,8,8,7,2,0,,9,5,2,0,,10,3,2,0,,7,7,6,2,0,,5,2,0,,7,8,8,8,4,9,7,0,7,5,5,4,5,5,5,la catedral,La Catedral,0,2,,,,2,-99,-99,-99,-99,-99,-99,-99,-99,-99,-99,-99,,-99,-99,-99,-99,-99,-99,-99,-99,-99,-99,1,m en llevan de compras md hijos,2,,-99,-99,-99,-99,-99,-99,-99,,2,,-99,-99,-99,-99,-99,-99,-99,,4,5,,8,,1,2,,,2,1,1,1,3,6,2,1,1,1,2,,2,2,0,0,0,1,,69,4,1,3,1,1,,1,,morelos 3
5205,9,4,1,1,No hay ninguna persona en nivel basico,,3,10,,2,No hay ninguna persona en educacion superior,,3,1,1,1,1,2,2,2,2,2,2,2,2,2,2,1,-99,-99,-99,1,-99,-99,-99,,-99,4,,10,10,1,10,10,10,10,10,10,10,10,10,7,2,0,,10,5,2,0,,10,3,2,0,,8,10,6,2,0,,7,2,0,,7,9,9,9,9,9,9,9,9,0,3,1,1,3,3,el monumento,El monumento a Benito Juárez,1,2,,,,2,-99,-99,-99,-99,-99,-99,-99,-99,-99,-99,-99,,-99,-99,-99,-99,-99,-99,-99,-99,1,-99,-99,,1,8,-99,-99,-99,-99,-99,-99,-99,,1,10,-99,-99,-99,-99,-99,-99,-99,,4,5,,9,,1,2,,,1,1,1,3,6,6,2,2,2,1,2,,2,2,0,0,0,1,,56,3,1,11,1,1,,1,,morelos 3
5205,9,3,1,1,7,,1,No hay ninguna persona en educacion media,,3,9,,1,1,2,2,2,2,2,2,2,2,2,2,2,2,2,2,-99,-99,-99,-99,-99,-99,1,CENTRO COMUNITARIO,-99,7,CENTRO COMUNITARIO,10,10,9,10,10,10,10,10,10,10,10,10,7,2,0,,10,5,2,0,,10,3,2,0,,10,10,6,2,0,,5,2,0,,10,10,10,10,3,10,10,0,10,8,0,3,1,1,3,chamizal,El Chamizal,2,1,1,0,2,2,-99,-99,-99,-99,-99,-99,-99,-99,-99,-99,-99,,-99,-99,-99,-99,-99,-99,-99,1,-99,-99,-99,,2,,-99,-99,-99,-99,-99,-99,-99,,2,,-99,-99,-99,-99,-99,-99,-99,,2,5,,6,,1,2,,,3,1,3,1,5,7,2,2,2,2,5,,2,2,0,0,0,1,,39,2,1,4,1,1,,1,,morelos 3
5205,9,3,2,1,5,,1,No hay ninguna persona en educacion media,,3,8,,1,1,1,1,1,2,1,1,2,2,2,2,2,2,1,1,1,-99,-99,-99,1,-99,-99,,-99,5,,9,9,10,10,10,9,8,8,8,10,5,10,7,2,0,,10,5,2,0,,10,3,2,0,,10,10,7,2,0,,1,2,0,,10,10,10,10,10,10,7,11,6,8,8,4,4,3,1,la rodadora,La Rodadora,1,1,1,0,1,2,-99,-99,-99,-99,-99,-99,-99,-99,-99,-99,-99,,-99,-99,-99,-99,-99,-99,-99,1,-99,1,-99,,2,,-99,-99,-99,-99,-99,-99,-99,,1,8,-99,-99,-99,-99,-99,-99,-99,,4,15,,5,,1,2,,,3,11,5,6,6,8,1,1,1,1,1,,2,2,0,0,0,1,,42,2,1,4,1,1,,1,,morelos 2
5205,9,3,3,2,,,0,,,0,,,0,1,1,1,1,2,2,1,2,2,2,2,1,1,1,1,-99,-99,-99,-99,1,-99,-99,,-99,5,,7,7,7,6,7,7,8,8,8,8,8,8,7,1,1,8,8,4,2,0,,10,3,2,0,,7,7,7,2,0,,5,2,0,,6,8,5,6,5,5,8,7,7,6,5,2,3,3,3,borunda,El parque Borunda,2,2,,,,2,-99,-99,-99,-99,-99,-99,-99,-99,-99,-99,-99,,1,-99,-99,-99,-99,-99,-99,1,-99,-99,-99,,1,6,1,-99,-99,1,1,-99,-99,,2,,-99,-99,-99,-99,-99,-99,-99,,3,6,,5,,2,2,,,2,9,6,6,5,6,1,1,1,1,2,,2,2,0,0,0,1,,60,4,8,8,1,1,,1,,morelos
5205,9,4,2,1,5,,1,5,,1,4,,1,1,1,1,1,1,1,2,1,1,2,2,1,2,1,1,1,-99,-99,-99,-99,-99,-99,,-99,1,,6,7,3,4,1,7,7,10,5,5,7,10,7,2,0,,10,3,2,0,,10,3,2,0,,5,5,1,2,0,,1,2,0,,7,5,5,7,5,5,5,1,8,5,1,3,5,3,3,parque central,El Parque Central,2,2,,,,1,-99,-99,-99,-99,-99,-99,-99,1,-99,-99,-99,,-99,-99,-99,-99,-99,-99,-99,1,-99,-99,-99,,2,,-99,-99,-99,-99,-99,-99,-99,,2,,-99,-99,-99,-99,-99,-99,-99,,3,5,,2,,4,2,,,1,9,10,1,3,5,2,1,2,2,2,,2,2,0,0,0,2,,32,2,2,4,1,1,,2,,morelos 3
5205,9,4,2,2,,,0,,,0,,,0,1,2,1,1,2,2,2,2,1,2,2,1,2,1,1,-99,-99,-99,1,-99,-99,-99,,-99,4,,10,10,9,8,8,10,10,8,10,5,10,5,7,2,0,,10,3,2,0,,10,3,2,0,,8,7,9,2,0,,8,2,0,,8,5,5,5,5,5,10,4,10,6,4,4,5,5,2,la x,La X,0,1,0,0,1,1,1,-99,-99,-99,-99,-99,-99,-99,-99,-99,-99,,-99,-99,-99,-99,-99,1,-99,-99,-99,-99,-99,,2,,-99,-99,-99,-99,-99,-99,-99,,2,,-99,-99,-99,-99,-99,-99,-99,,3,3,,5,,1,2,,,3,3,7,5,7,10,2,1,2,2,1,,2,2,0,0,0,2,,71,4,2,2,1,1,,2,,morelos
5205,9,2,2,1,10,,1,10,,1,10,,1,1,1,1,1,2,2,2,2,2,2,2,2,2,2,2,-99,-99,-99,1,-99,-99,-99,,-99,4,,10,10,10,10,10,10,10,10,10,10,10,9,7,2,0,,10,3,2,0,,10,3,2,0,,8,7,7,2,0,,5,2,0,,9,10,10,7,9,10,10,0,7,7,5,3,3,4,4,parque central,El Parque Central,2,2,,,,2,-99,-99,-99,-99,-99,-99,-99,-99,-99,-99,-99,,-99,-99,-99,-99,-99,-99,-99,1,-99,-99,-99,,2,,-99,-99,-99,-99,-99,-99,-99,,2,,-99,-99,-99,-99,-99,-99,-99,,3,5,,9,,4,2,,,2,1,7,6,7,10,2,2,2,1,6,,2,2,0,0,0,1,,42,2,1,4,1,1,,3,,morelos
5205,9,3,2,2,,,0,,,0,,,0,1,2,1,1,2,2,2,2,2,2,2,2,2,1,2,1,-99,-99,-99,-99,-99,-99,,-99,1,,9,9,8,8,9,9,9,8,8,8,9,9,7,2,0,,7,2,2,0,,7,2,2,0,,7,7,6,2,0,,5,2,0,,6,6,6,6,6,7,6,2,8,6,6,4,4,4,4,la ex aduana,El museo de la Ex-Aduana,1,2,,,,2,-99,-99,-99,-99,-99,-99,-99,-99,-99,-99,-99,,-99,-99,-99,-99,-99,-99,-99,-99,1,-99,-99,,1,7,1,-99,-99,1,1,-99,-99,,2,,-99,-99,-99,-99,-99,-99,-99,,4,2,,7,,1,2,,,2,4,5,6,6,6,1,1,1,1,7,perros en la calle,2,2,0,0,0,1,,49,3,1,6,1,1,,1,,morelos
5205,9,3,2,2,,,0,,,0,,,0,1,1,1,1,2,2,1,1,2,2,2,2,2,2,1,1,-99,-99,-99,-99,-99,-99,,-99,1,,8,6,5,7,7,7,9,8,9,9,5,10,7,1,1,4,10,5,2,0,,10,3,2,0,,4,6,9,2,0,,6,3,0,,7,8,9,9,7,4,11,11,11,8,9,4,4,4,4,el omiciclo,NINGUNO,0,1,2,0,0,2,-99,-99,-99,-99,-99,-99,-99,-99,-99,-99,-99,,1,-99,-99,-99,-99,-99,-99,-99,-99,-99,-99,,1,3,-99,-99,-99,1,-99,-99,-99,,2,,-99,-99,-99,-99,-99,-99,-99,,4,5,,5,,1,2,,,3,9,7,2,5,7,1,1,1,1,2,,2,2,0,0,0,2,,73,4,8,4,1,1,,1,,morelos 3
5205,9,2,2,2,,,0,,,0,,,0,1,2,1,1,2,2,2,2,2,2,2,2,2,2,2,1,-99,-99,-99,-99,-99,-99,,-99,1,,7,8,4,5,9,9,10,10,9,8,7,7,7,2,0,,8,5,2,0,,8,3,2,0,,8,6,1,2,0,,1,2,0,,1,1,1,1,1,4,2,3,4,1,0,2,4,2,2,la x,La x,1,2,,,,1,-99,-99,-99,-99,-99,-99,-99,1,-99,-99,-99,,-99,-99,-99,-99,-99,-99,-99,1,-99,-99,-99,,2,,-99,-99,-99,-99,-99,-99,-99,,2,,-99,-99,-99,-99,-99,-99,-99,,4,2,,6,,1,2,,,3,2,3,1,1,2,2,2,2,1,2,,2,2,0,0,0,2,,56,3,7,7,1,1,,1,,morelo 3
5205,9,3,1,1,9,,1,9,,1,9,,1,1,1,1,1,2,1,1,2,1,2,2,1,1,1,1,-99,1,-99,-99,1,-99,-99,,-99,5,,7,7,7,4,8,7,10,10,7,8,5,5,7,1,1,3,10,5,2,0,,10,3,2,0,,5,7,7,2,0,,8,2,0,,5,7,10,10,10,10,8,9,8,7,1,4,4,2,1,juan Gabriel,La casa de Juan Gabriel,3,1,1,1,1,1,-99,-99,-99,-99,-99,-99,-99,1,-99,-99,-99,,-99,-99,-99,-99,-99,-99,-99,1,-99,-99,-99,,2,,-99,-99,-99,-99,-99,-99,-99,,2,,-99,-99,-99,-99,-99,-99,-99,,4,2,,5,,2,1,militares,retenes,2,9,6,3,6,7,2,2,2,2,3,,2,2,0,0,0,1,,33,2,2,8,1,1,,3,,morelos3
5205,9,2,1,1,9,,1,9,,2,No hay ninguna persona en educacion superior,,3,1,1,1,1,2,2,1,2,1,2,2,2,2,1,1,-99,-99,-99,1,-99,-99,-99,,-99,4,,10,9,6,4,8,10,10,10,10,10,8,10,7,2,0,,10,5,2,0,,10,3,2,0,,10,10,10,2,0,,10,2,0,,10,10,10,10,10,10,10,5,5,9,10,4,4,4,4,el centro,El centro,2,2,,,,2,-99,-99,-99,-99,-99,-99,-99,-99,-99,-99,-99,,1,-99,-99,-99,-99,-99,-99,1,-99,-99,-99,,1,8,-99,-99,-99,-99,-99,-99,-99,,1,10,-99,-99,-99,-99,-99,-99,-99,,4,2,,6,,2,2,,,3,9,5,6,6,8,2,1,1,2,2,,2,2,0,0,0,1,,32,2,1,4,1,1,,1,,morelos 3
5205,9,3,2,1,6,,1,No hay ninguna persona en educacion media,,3,No hay ninguna persona en educacion superior,,3,1,2,1,1,2,1,1,1,1,1,2,1,1,1,1,1,-99,-99,-99,-99,-99,-99,,-99,1,,3,3,3,3,5,5,8,8,8,5,8,5,7,2,0,,10,2,1,2,2,7,2,2,0,,4,5,6,2,0,,2,2,0,,5,1,1,2,1,1,7,1,2,2,1,4,4,4,4,chamizal,El Chamizal,1,2,,,,1,-99,-99,-99,1,-99,-99,-99,-99,-99,-99,-99,,-99,-99,-99,-99,-99,-99,-99,1,-99,-99,-99,,2,,-99,-99,-99,-99,-99,-99,-99,,2,,-99,-99,-99,-99,-99,-99,-99,,4,7,,5,,1,2,,,1,1,5,5,5,6,2,2,2,1,3,,2,2,0,0,0,1,,54,3,2,6,1,1,,1,,morelos 3
2338,5,3,2,2,,,0,,,0,,,0,1,1,1,2,2,1,2,2,1,2,2,1,2,2,1,-99,1,-99,-99,-99,-99,-99,,-99,2,,9,9,9,9,10,5,10,10,10,10,10,10,7,1,1,10,10,4,2,0,,10,3,2,0,,10,10,8,2,0,,7,2,0,,8,9,8,9,8,8,9,8,9,9,9,3,3,3,2,chamizal,El Chamizal,3,1,2,1,1,1,1,-99,-99,-99,-99,-99,-99,-99,-99,-99,-99,,-99,-99,-99,-99,-99,-99,-99,1,-99,-99,-99,,2,,-99,-99,-99,-99,-99,-99,-99,,2,,-99,-99,-99,-99,-99,-99,-99,,2,2,,5,,3,2,,,3,1,8,8,5,10,2,2,2,2,5,,2,2,0,0,0,2,,60,4,3,4,1,3,,4,,jardinesdel balle
2338,5,2,2,1,5,,1,6,,1,9,,1,1,1,1,1,2,1,2,1,1,1,1,2,2,1,1,-99,-99,1,-99,-99,-99,-99,,-99,3,,5,7,5,6,8,7,10,10,10,5,10,1,7,2,0,,7,2,2,0,,7,3,2,0,,5,10,5,2,0,,6,2,0,,5,10,7,5,7,2,7,3,10,7,6,3,3,5,2,la x,La x,2,1,3,0,0,1,-99,-99,-99,-99,-99,-99,-99,1,-99,-99,-99,,-99,-99,-99,-99,-99,-99,-99,1,-99,-99,-99,,2,,-99,-99,-99,-99,-99,-99,-99,,2,,-99,-99,-99,-99,-99,-99,-99,,2,2,,5,,4,1,policía municipal,abusosones,3,4,6,5,2,7,2,2,2,1,5,,2,2,0,0,0,2,,23,1,2,2,1,1,,1,,jardines del balle
2338,5,2,3,2,,,0,,,0,,,0,1,1,1,1,2,1,1,1,1,2,2,1,1,1,1,1,-99,-99,-99,-99,-99,-99,,-99,1,,4,4,1,1,5,1,9,8,7,5,6,8,7,2,0,,8,3,2,0,,10,3,2,0,,5,6,6,2,0,,4,2,0,,6,5,5,5,6,5,4,4,8,4,4,3,2,2,2,la x,La x,1,2,,,,1,-99,-99,-99,1,-99,-99,-99,-99,-99,-99,-99,,-99,-99,-99,-99,-99,-99,-99,1,-99,-99,-99,,2,,-99,-99,-99,-99,-99,-99,-99,,2,,-99,-99,-99,-99,-99,-99,-99,,2,5,,2,,1,2,,,2,3,6,5,5,6,2,2,2,2,2,,2,2,0,0,0,2,,58,3,2,4,1,1,,1,,jardines del valle
2338,5,3,1,1,8,,1,8,,1,9,,1,2,1,1,1,2,1,1,1,2,2,2,1,2,1,2,1,-99,-99,-99,-99,-99,-99,,-99,1,,8,8,7,9,9,9,10,10,10,10,8,9,7,2,0,,10,4,2,0,,10,3,2,0,,9,9,8,2,0,,7,2,0,,8,9,10,10,10,9,7,8,9,9,8,3,4,4,3,la x,La x,2,1,1,0,0,1,-99,-99,-99,-99,-99,-99,-99,1,-99,-99,-99,,-99,-99,-99,-99,-99,-99,-99,1,-99,-99,-99,,2,,-99,-99,-99,-99,-99,-99,-99,,2,,-99,-99,-99,-99,-99,-99,-99,,3,5,,3,,3,2,,,3,9,8,7,5,7,2,2,2,2,1,,2,2,0,0,0,1,,28,1,2,8,1,1,,3,,jardines del balle
2338,5,3,2,1,No hay ninguna persona en nivel basico,,3,8,,1,10,,1,1,1,1,2,2,1,2,2,2,2,2,2,2,1,2,1,-99,-99,-99,-99,-99,-99,,-99,1,,1,1,4,3,4,5,9,8,8,10,3,10,7,2,0,,10,4,2,0,,10,3,2,0,,9,10,9,2,0,,10,2,0,,9,9,8,8,8,8,8,4,9,9,5,3,5,5,5,parque borunda,El parque Borunda,2,2,,,,1,-99,-99,-99,-99,-99,-99,-99,1,-99,-99,-99,,-99,-99,-99,-99,-99,-99,-99,1,-99,-99,-99,,2,,-99,-99,-99,-99,-99,-99,-99,,2,,-99,-99,-99,-99,-99,-99,-99,,3,2,,5,,1,2,,,1,9,10,1,2,5,2,2,2,2,5,,2,2,0,0,0,1,,52,3,2,4,1,2,,3,,jardines del balle
2338,5,3,2,1,5,,2,5,,1,6,,1,1,2,1,2,2,1,1,2,1,2,2,2,2,2,1,-99,-99,-99,-99,1,-99,-99,,-99,5,,8,8,7,7,8,7,6,5,4,9,9,8,7,2,0,,10,5,2,0,,10,3,2,0,,4,4,4,2,0,,4,2,0,,4,6,6,6,6,6,10,10,5,10,9,3,5,5,5,la x,La x,4,2,,,,1,-99,-99,-99,-99,-99,-99,-99,1,-99,-99,-99,,-99,-99,-99,-99,-99,-99,-99,1,-99,-99,-99,,2,,-99,-99,-99,-99,-99,-99,-99,,2,,-99,-99,-99,-99,-99,-99,-99,,3,5,,2,,1,2,,,1,1,1,3,3,10,2,2,2,2,2,,2,2,0,0,0,1,,32,2,9,10,1,4,,4,,jardines del valle
2338,5,3,2,2,,,0,,,0,,,0,1,2,1,1,2,2,2,2,2,1,2,1,2,1,1,-99,1,-99,-99,-99,-99,-99,,-99,2,,10,10,9,10,10,8,8,8,10,8,8,10,7,2,0,,10,3,2,0,,10,3,2,0,,8,7,8,2,0,,5,2,0,,8,6,9,10,10,8,8,4,8,7,5,4,5,5,3,monumento a Benito Juárez,El monumento a Benito Juárez,1,2,,,,2,-99,-99,-99,-99,-99,-99,-99,-99,-99,-99,-99,,-99,-99,-99,-99,-99,-99,-99,1,-99,-99,-99,,2,,-99,-99,-99,-99,-99,-99,-99,,2,,-99,-99,-99,-99,-99,-99,-99,,4,5,,2,,1,2,,,2,4,2,6,6,10,1,2,1,1,6,,2,2,0,0,0,1,,76,4,1,4,1,1,,1,,jardínes del valle
2338,5,4,2,1,10,,1,10,,1,7,,1,1,1,1,1,2,1,2,2,2,2,2,1,2,2,1,1,-99,-99,-99,-99,-99,-99,,-99,1,,8,7,6,8,9,6,10,8,7,10,9,8,7,2,0,,7,4,2,0,,10,3,2,0,,7,6,8,2,0,,6,2,0,,7,8,9,7,6,6,9,10,10,7,6,3,3,3,3,catedral,La Catedral,1,2,,,,1,-99,-99,-99,-99,-99,1,-99,-99,1,-99,-99,,-99,-99,-99,-99,-99,1,-99,1,1,-99,-99,,1,6,1,-99,-99,1,1,-99,-99,,2,,-99,-99,-99,-99,-99,-99,-99,,3,6,,7,,3,2,,,3,9,8,10,7,6,2,2,2,2,2,,2,2,0,0,0,1,,19,1,2,4,1,1,,2,,jardines del valle
2338,5,3,3,2,,,0,,,0,,,0,1,1,1,2,2,2,2,2,2,2,2,2,2,2,1,1,-99,-99,-99,-99,-99,-99,,-99,1,,3,3,3,1,3,1,7,7,4,8,3,8,7,1,1,7,8,4,1,1,7,9,3,2,0,,3,10,3,2,0,,1,2,0,,8,9,10,10,10,10,10,3,8,9,1,4,3,4,4,la x,La x,2,2,,,,1,-99,-99,-99,-99,-99,-99,-99,1,-99,-99,-99,,-99,-99,-99,-99,-99,-99,-99,1,-99,-99,-99,,2,,-99,-99,-99,-99,-99,-99,-99,,2,,-99,-99,-99,-99,-99,-99,-99,,3,5,,9,,3,2,,,2,1,1,3,1,3,2,2,2,1,2,,2,2,0,0,0,2,,30,2,2,8,1,1,,2,,jardines del valle
2338,5,4,2,1,No hay ninguna persona en nivel basico,,3,No hay ninguna persona en educacion media,,3,8,,1,1,1,1,1,2,1,1,1,1,1,1,1,1,1,1,-99,-99,-99,-99,1,-99,-99,,-99,5,,9,8,10,9,9,5,10,10,10,10,10,10,7,2,0,,10,5,2,0,,9,3,2,0,,8,8,8,2,0,,5,2,0,,5,8,9,9,9,9,8,9,0,8,0,4,5,5,5,la x,La x,1,2,,,,1,-99,-99,-99,-99,-99,-99,-99,1,-99,-99,-99,,-99,-99,-99,-99,-99,-99,-99,1,-99,-99,-99,,2,,-99,-99,-99,-99,-99,-99,-99,,2,,-99,-99,-99,-99,-99,-99,-99,,4,15,,5,,1,2,,,3,9,9,5,8,9,2,2,2,2,2,,2,2,0,0,0,2,,29,1,2,8,1,1,,2,,jardines del valle
2338,5,3,2,1,9,,1,10,,1,No hay ninguna persona en educacion superior,,3,1,1,1,1,1,1,2,1,2,2,2,2,2,1,1,1,-99,1,-99,-99,-99,-99,,-99,3,,8,9,9,10,8,8,9,9,10,10,10,9,7,2,0,,10,5,2,0,,9,3,2,0,,9,9,10,2,0,,9,2,0,,10,10,10,9,10,10,9,0,0,9,0,3,5,5,5,la x,La x,2,2,,,,1,-99,-99,-99,-99,-99,-99,-99,1,-99,-99,-99,,-99,-99,-99,-99,-99,-99,-99,1,-99,-99,-99,,2,,-99,-99,-99,-99,-99,-99,-99,,2,,-99,-99,-99,-99,-99,-99,-99,,3,10,,12,,3,2,,,3,6,9,9,9,9,2,1,1,2,2,,2,2,0,0,0,2,,46,3,2,6,1,2,,2,,jardies del valle
2338,5,4,1,2,,,0,,,0,,,0,1,1,1,1,2,1,2,2,2,2,2,2,2,2,1,1,-99,-99,-99,-99,-99,-99,,-99,1,,8,9,9,8,9,9,9,9,9,6,8,8,7,2,0,,8,5,2,0,,9,3,2,0,,8,8,9,2,0,,8,2,0,,7,10,10,10,8,8,9,0,0,9,0,4,4,3,3,la x,La x,1,2,,,,1,-99,-99,-99,1,-99,-99,-99,-99,-99,-99,-99,,-99,-99,-99,-99,-99,-99,-99,1,-99,-99,-99,,2,,-99,-99,-99,-99,-99,-99,-99,,2,,-99,-99,-99,-99,-99,-99,-99,,3,8,,12,,4,2,,,5,2,9,10,9,9,2,1,2,2,3,,2,2,0,0,0,1,,46,3,2,4,1,2,,2,,jardines dl vallb
2338,5,2,2,1,10,,1,No hay ninguna persona en educacion media,,3,No hay ninguna persona en educacion superior,,3,1,1,1,1,2,2,2,2,1,2,2,2,2,2,1,1,-99,-99,-99,-99,-99,-99,,-99,1,,8,8,8,8,8,10,10,10,10,10,10,8,7,2,0,,10,5,2,0,,10,3,2,0,,10,10,9,2,0,,9,2,0,,9,10,9,9,9,8,9,9,9,9,9,4,5,5,5,la x,La x,2,2,,,,1,-99,-99,-99,1,-99,-99,-99,-99,-99,-99,-99,,-99,-99,-99,-99,-99,-99,-99,1,-99,-99,-99,,2,,-99,-99,-99,-99,-99,-99,-99,,2,,-99,-99,-99,-99,-99,-99,-99,,4,5,,4,,1,2,,,3,9,8,4,4,5,2,2,2,2,6,,2,2,0,0,0,1,,32,2,9,7,1,1,,2,,jardies del alle
2338,5,4,2,1,10,,1,No hay ninguna persona en educacion media,,3,No hay ninguna persona en educacion superior,,3,1,1,1,1,2,1,1,1,1,1,1,1,1,1,1,1,1,-99,-99,-99,-99,-99,,-99,2,,10,8,8,10,10,10,10,10,10,10,10,10,7,2,0,,10,5,2,0,,10,3,2,0,,8,8,8,2,0,,10,2,0,,10,10,10,9,8,8,9,0,6,9,0,4,5,5,5,la x,La x,2,1,2,0,0,1,-99,-99,-99,-99,-99,-99,-99,1,-99,-99,-99,,-99,-99,-99,-99,-99,-99,-99,1,-99,-99,-99,,2,,-99,-99,-99,-99,-99,-99,-99,,2,,-99,-99,-99,-99,-99,-99,-99,,4,15,,16,,1,2,,,3,8,7,8,8,9,2,2,2,2,2,,2,2,0,0,0,2,,42,2,3,10,1,3,,3,,jatdinescel valf
2338,5,3,1,2,,,0,,,0,,,0,1,1,1,1,2,2,2,2,2,2,2,2,2,2,2,1,-99,-99,-99,-99,-99,-99,,-99,1,,8,8,4,7,9,1,10,10,10,10,10,10,7,2,0,,10,5,2,0,,10,3,2,0,,10,10,8,2,0,,10,2,0,,9,8,10,10,3,3,8,0,0,10,0,4,5,4,4,la x,La x,2,2,,,,2,-99,-99,-99,-99,-99,-99,-99,-99,-99,-99,-99,,-99,-99,-99,-99,-99,-99,-99,1,-99,-99,-99,,2,,-99,-99,-99,-99,-99,-99,-99,,2,,-99,-99,-99,-99,-99,-99,-99,,3,5,,12,,1,2,,,3,6,4,6,4,8,1,2,2,1,2,,2,2,0,0,0,2,,65,4,8,6,1,1,,1,,jardines del valle
2338,5,3,2,1,8,,1,No hay ninguna persona en educacion media,,3,No hay ninguna persona en educacion superior,,3,1,1,1,2,1,1,2,2,2,2,2,2,2,2,1,-99,-99,-99,-99,-99,-99,1,GASTOS MÉDICOS MAYORES,-99,7,GASTOS MÉDICOS MAYORES,10,10,10,10,10,10,10,10,10,10,6,6,7,1,2,1,2,4,1,2,2,10,3,2,0,,5,8,8,2,0,,5,2,0,,5,8,8,8,8,8,8,0,0,8,0,2,3,3,3,la x,La x,2,1,3,0,1,1,-99,-99,-99,-99,-99,-99,-99,1,-99,-99,-99,,-99,-99,-99,-99,-99,-99,-99,1,-99,-99,-99,,2,,-99,-99,-99,-99,-99,-99,-99,,2,,-99,-99,-99,-99,-99,-99,-99,,4,17,,11,,3,1,municipales,acoso,1,9,5,5,5,3,2,2,2,2,7,alumbrado,2,2,0,0,0,2,,29,1,2,11,1,1,,2,,jardines del balle
2338,5,4,1,1,No hay ninguna persona en nivel basico,,3,No hay ninguna persona en educacion media,,3,8,,2,1,1,1,1,1,2,2,2,2,2,2,2,2,1,1,1,-99,-99,-99,-99,-99,-99,,-99,1,,8,8,9,8,7,10,6,8,4,3,9,9,7,2,0,,8,5,2,0,,9,3,2,0,,7,8,4,2,0,,3,2,0,,7,10,1,1,4,1,7,0,8,7,0,4,5,5,5,lacatedral,La Catedral,1,2,,,,1,-99,-99,-99,-99,-99,-99,-99,1,-99,-99,-99,,-99,-99,-99,-99,-99,-99,-99,1,-99,-99,-99,,2,,-99,-99,-99,-99,-99,-99,-99,,2,,-99,-99,-99,-99,-99,-99,-99,,4,5,,13,,1,1,municipales,discrimina,3,9,7,3,3,8,2,2,2,2,7,espacios publicos,2,2,0,0,0,2,,23,1,2,8,1,1,,2,,jatdines delvalle
2338,5,3,2,1,No hay ninguna persona en nivel basico,,3,5,maestros responsables,1,No hay ninguna persona en educacion superior,,3,1,2,2,2,2,2,2,2,2,2,2,1,2,1,1,1,-99,-99,-99,-99,-99,-99,,-99,1,,5,6,4,6,9,2,10,10,10,10,10,10,7,2,0,,10,5,2,0,,10,3,2,0,,8,10,10,2,0,,6,2,0,,8,10,10,10,10,9,10,0,0,10,0,2,5,5,5,fiscalia,OTRO,1,2,,,,1,1,-99,-99,-99,-99,-99,-99,1,-99,-99,-99,,1,-99,-99,-99,-99,-99,-99,1,-99,-99,-99,,2,,-99,-99,-99,-99,-99,-99,-99,,2,,-99,-99,-99,-99,-99,-99,-99,,4,12,,19,gobierno,4,2,,,3,9,6,7,7,5,1,1,2,1,7,topes,2,2,0,0,0,1,,46,3,9,4,1,1,,1,,jardines del valle
2338,5,2,1,1,No hay ninguna persona en nivel basico,,3,No hay ninguna persona en educacion media,,3,8,,1,1,1,1,2,2,2,2,2,2,2,2,2,2,1,1,1,-99,-99,-99,-99,-99,-99,,-99,1,,7,7,7,3,7,7,10,10,10,10,10,10,7,2,0,,10,5,2,0,,10,2,2,0,,8,8,7,2,0,,4,2,0,,9,8,9,9,9,9,9,0,0,6,6,3,5,5,5,el chamizal,El Chamizal,2,1,0,0,2,2,-99,-99,-99,-99,-99,-99,-99,-99,-99,-99,-99,,-99,-99,-99,-99,-99,-99,-99,1,-99,-99,-99,,2,,-99,-99,-99,-99,-99,-99,-99,,2,,-99,-99,-99,-99,-99,-99,-99,,4,19,trafico,16,,1,2,,,3,9,5,5,5,7,1,1,1,1,1,,2,2,0,0,0,2,,54,3,4,8,1,1,,1,,jardines delvalle
2338,5,3,1,1,8,,1,8,,1,9,,1,1,1,1,1,2,1,2,2,2,2,2,2,2,1,1,1,-99,-99,-99,-99,-99,-99,,-99,1,,8,8,3,9,7,8,10,10,8,9,10,10,7,2,0,,10,5,2,0,,10,3,2,0,,6,9,6,2,0,,2,2,0,,2,7,8,8,7,8,5,11,5,3,7,3,4,4,4,parque central,El Parque Central,2,2,,,,1,-99,-99,-99,-99,-99,-99,-99,1,-99,1,-99,,-99,-99,-99,-99,-99,-99,-99,1,-99,1,-99,,2,,-99,-99,-99,-99,-99,-99,-99,,1,8,-99,-99,-99,-99,-99,-99,-99,,4,15,,5,,1,2,,,3,3,7,5,1,8,2,1,1,2,6,,2,2,0,0,0,2,,22,1,2,9,1,1,,2,,jardines del valle
2338,5,1,3,2,,,0,,,0,,,0,1,1,1,1,1,1,2,2,2,2,2,1,2,1,1,-99,1,-99,1,-99,-99,-99,,-99,4,,8,8,5,8,10,9,8,6,6,10,7,10,7,2,0,,10,5,2,0,,10,3,2,0,,7,7,8,2,0,,6,2,0,,8,10,10,10,10,10,10,11,11,8,7,3,4,4,2,la x,La x,2,1,2,2,2,1,-99,-99,-99,-99,-99,-99,-99,1,-99,-99,-99,,-99,-99,-99,-99,-99,-99,-99,1,-99,-99,-99,,2,,-99,-99,-99,-99,-99,-99,-99,,2,,-99,-99,-99,-99,-99,-99,-99,,3,5,,7,,1,2,,,3,3,8,6,7,7,2,2,2,2,1,,2,2,0,0,0,2,,35,2,2,8,1,2,,2,,jardies del valle
2338,5,4,2,1,No hay ninguna persona en nivel basico,,3,No hay ninguna persona en educacion media,,3,9,,1,1,1,1,2,2,1,1,1,1,1,1,1,1,1,1,-99,1,-99,-99,-99,-99,-99,,-99,2,,10,10,10,10,10,8,9,10,9,9,9,9,7,2,0,,9,5,2,0,,10,3,2,0,,9,9,9,2,0,,9,2,0,,9,9,9,9,9,9,9,0,9,9,8,4,4,4,4,monumento a juarez del centro,El monumento a Benito Juárez,2,1,1,0,2,2,-99,-99,-99,-99,-99,-99,-99,-99,-99,-99,-99,,-99,-99,-99,-99,-99,-99,-99,1,-99,-99,-99,,2,,-99,-99,-99,-99,-99,-99,-99,,2,,-99,-99,-99,-99,-99,-99,-99,,4,15,,19,el agua se escacea,1,2,,,3,4,7,5,6,8,1,1,1,1,7,perros en las calles,2,2,0,0,0,1,,60,4,1,8,1,1,,1,,jardines del valle
2338,5,3,3,2,,,0,,,0,,,0,1,1,1,2,1,2,1,2,2,2,2,2,1,2,1,-99,1,-99,1,-99,-99,-99,,-99,4,,8,8,8,8,8,8,8,8,8,10,8,9,7,2,0,,9,3,2,0,,9,4,2,0,,9,9,9,2,0,,5,2,0,,8,8,9,9,9,9,9,9,8,9,8,4,4,4,4,la x,La x,1,2,,,,1,-99,-99,-99,-99,-99,-99,-99,1,-99,-99,-99,,-99,-99,-99,-99,-99,-99,-99,1,-99,-99,-99,,2,,-99,-99,-99,-99,-99,-99,-99,,2,,-99,-99,-99,-99,-99,-99,-99,,4,15,,8,,1,2,,,1,9,8,5,5,5,2,2,2,2,5,,1,0,1,1,1,1,,34,2,3,10,1,2,,2,,jardines del valle
2338,5,4,2,2,,,0,,,0,,,0,1,2,1,2,2,1,1,1,2,1,2,1,1,1,1,1,-99,-99,-99,-99,-99,-99,,-99,1,,6,9,5,9,7,7,10,10,10,10,10,10,7,2,0,,10,5,2,0,,10,3,2,0,,4,7,7,1,1,9,1,2,0,,10,9,9,9,9,9,9,0,8,7,6,4,4,4,4,lax,La x,2,2,,,,1,-99,-99,-99,-99,-99,-99,-99,1,-99,-99,-99,,-99,-99,-99,-99,-99,-99,-99,1,-99,-99,-99,,2,,-99,-99,-99,-99,-99,-99,-99,,2,,-99,-99,-99,-99,-99,-99,-99,,4,5,,9,,1,2,,,3,9,6,6,8,6,2,1,1,2,7,perros sueltos,2,2,0,0,0,2,,62,4,9,8,1,2,,2,,jardines del valle
2338,5,1,2,2,,,0,,,0,,,0,2,1,1,1,2,2,2,2,2,2,2,2,2,2,1,-99,-99,-99,-99,1,-99,-99,,-99,5,,3,3,1,7,6,8,3,2,6,6,8,8,7,2,0,,8,5,2,0,,8,3,2,0,,8,8,7,2,0,,7,2,0,,11,9,8,8,8,8,6,0,0,0,7,1,3,3,3,la x,La x,1,2,,,,2,-99,-99,-99,-99,-99,-99,-99,-99,-99,-99,-99,,-99,-99,-99,-99,-99,-99,-99,1,-99,-99,-99,,2,,-99,-99,-99,-99,-99,-99,-99,,2,,-99,-99,-99,-99,-99,-99,-99,,4,9,,5,,1,2,,,1,1,1,4,4,5,2,2,2,2,1,,2,2,0,0,0,1,,42,2,1,6,1,1,,1,,jardines del valle
2338,5,4,2,2,,,0,,,0,,,0,1,1,2,1,2,2,2,2,2,2,2,2,2,2,2,-99,-99,-99,1,-99,-99,-99,,-99,4,,9,9,9,7,10,1,10,10,10,10,10,10,7,2,0,,10,5,2,0,,10,3,2,0,,10,10,9,2,0,,10,2,0,,9,10,9,9,9,9,0,0,11,6,2,4,5,5,5,la x,La x,0,2,,,,1,-99,-99,-99,-99,-99,1,-99,-99,-99,-99,-99,,-99,-99,-99,-99,-99,1,-99,-99,-99,-99,-99,,2,,-99,-99,-99,-99,-99,-99,-99,,2,,-99,-99,-99,-99,-99,-99,-99,,4,5,,9,,1,2,,,3,2,10,5,6,8,2,2,2,2,2,,2,2,0,0,0,2,,20,1,2,4,1,1,,1,,jardinesdel valle
2338,5,2,3,2,,,0,,,0,,,0,1,1,1,1,2,2,2,2,2,2,2,2,2,2,1,1,-99,-99,-99,-99,-99,-99,,-99,1,,2,3,3,3,3,5,8,7,9,9,7,6,7,2,0,,8,5,2,0,,9,3,2,0,,6,6,7,2,0,,3,2,0,,5,3,6,4,4,3,2,3,1,4,1,4,4,2,2,la catedral,La Catedral,1,2,,,,2,-99,-99,-99,-99,-99,-99,-99,-99,-99,-99,-99,,-99,-99,-99,-99,-99,1,-99,1,-99,-99,-99,,2,,-99,-99,-99,-99,-99,-99,-99,,2,,-99,-99,-99,-99,-99,-99,-99,,4,4,,5,,1,2,,,3,2,6,7,5,6,1,1,2,2,5,,2,2,0,0,0,1,,74,4,1,2,1,1,,1,,jardine de eo valle
2338,5,3,2,2,,,0,,,0,,,0,1,1,1,1,1,2,2,2,1,2,2,2,2,2,1,-99,-99,-99,1,-99,-99,-99,,-99,4,,5,9,10,9,9,9,10,10,10,9,9,7,7,2,0,,9,5,2,0,,8,3,2,0,,9,7,7,2,0,,7,2,0,,8,8,9,9,9,7,8,1,3,6,5,4,4,4,4,la x,La x,3,2,,,,1,-99,-99,-99,-99,-99,-99,-99,1,-99,-99,-99,,-99,-99,-99,-99,-99,-99,-99,1,-99,-99,-99,,2,,-99,-99,-99,-99,-99,-99,-99,,2,,-99,-99,-99,-99,-99,-99,-99,,4,7,,5,,1,2,,,2,9,7,3,5,9,1,1,2,1,2,,2,2,0,0,0,2,,54,3,2,6,1,1,,1,,jardines e el valla
2338,5,3,2,2,,,0,,,0,,,0,1,1,1,1,2,1,1,1,2,2,2,2,2,2,1,1,-99,-99,1,-99,-99,-99,,-99,4,,6,3,5,3,3,3,5,8,9,10,9,7,7,2,0,,8,5,2,0,,7,3,2,0,,6,7,5,2,0,,6,2,0,,7,6,4,4,4,4,5,4,5,6,3,4,3,3,3,la x,La x,1,2,,,,1,-99,-99,-99,-99,-99,-99,-99,1,-99,-99,-99,,-99,-99,-99,-99,-99,-99,-99,1,-99,-99,-99,,2,,-99,-99,-99,-99,-99,-99,-99,,2,,-99,-99,-99,-99,-99,-99,-99,,2,7,,8,,3,2,,,3,6,7,8,8,7,2,1,1,1,5,,2,2,0,0,0,2,,45,3,2,7,1,1,,1,,jardines deel valle
2338,5,3,2,2,,,0,,,0,,,0,1,1,1,1,2,1,2,2,1,2,2,2,2,1,1,-99,-99,-99,-99,1,-99,-99,,-99,5,,5,7,7,8,7,10,9,10,9,9,7,7,7,2,0,,8,5,2,0,,10,3,2,0,,8,7,7,2,0,,7,2,0,,4,3,9,9,3,6,7,3,4,2,5,4,4,4,4,la x,La x,2,2,,,,1,-99,-99,-99,-99,-99,-99,-99,1,-99,-99,-99,,-99,-99,-99,-99,-99,-99,-99,1,-99,-99,-99,,2,,-99,-99,-99,-99,-99,-99,-99,,2,,-99,-99,-99,-99,-99,-99,-99,,4,5,,5,,1,1,policias,anusos,3,2,5,6,5,6,2,2,2,2,3,,2,2,0,0,0,2,,48,3,2,6,1,1,,1,,jardines de el valle
2338,5,4,2,1,No hay ninguna persona en nivel basico,,3,8,,1,No hay ninguna persona en educacion superior,,3,1,1,1,1,2,1,2,2,1,1,2,2,2,1,1,1,-99,-99,1,-99,-99,-99,,-99,4,,1,1,1,1,1,1,10,10,10,10,8,8,7,2,0,,9,5,2,0,,7,3,2,0,,1,1,1,2,0,,1,2,0,,1,5,8,8,4,4,2,3,2,4,5,4,4,4,3,la x,La x,3,2,,,,2,-99,-99,-99,-99,-99,-99,-99,-99,-99,-99,-99,,-99,-99,-99,-99,-99,-99,-99,1,-99,-99,-99,,2,,-99,-99,-99,-99,-99,-99,-99,,2,,-99,-99,-99,-99,-99,-99,-99,,4,7,,6,,1,1,policias,sibornos,3,3,3,6,6,5,2,1,2,2,6,,2,2,0,0,0,1,,43,2,1,6,1,1,,1,,jardine deeo valle
2338,5,3,2,2,,,0,,,0,,,0,1,1,1,1,2,1,2,1,2,2,2,2,2,2,1,-99,-99,-99,1,1,-99,-99,,-99,4,,7,8,8,7,7,9,8,10,10,10,10,7,7,2,0,,8,5,2,0,,10,3,2,0,,8,6,9,2,0,,6,2,0,,8,9,9,9,8,8,9,7,5,6,6,4,4,4,4,la x,La x,1,2,,,,2,-99,-99,-99,-99,-99,-99,-99,-99,-99,-99,-99,,-99,-99,-99,-99,-99,-99,-99,1,-99,-99,-99,,2,,-99,-99,-99,-99,-99,-99,-99,,2,,-99,-99,-99,-99,-99,-99,-99,,4,6,,5,,1,2,,,3,2,6,3,6,8,1,1,2,1,5,,2,2,0,0,0,2,,73,4,8,3,1,1,,1,,ñjardinesde el balle
2338,5,3,2,2,,,0,,,0,,,0,1,1,1,1,2,1,2,2,2,2,2,2,2,2,1,1,-99,-99,-99,-99,-99,-99,,-99,1,,3,6,4,4,5,6,8,8,7,7,7,4,4,2,0,,7,4,2,0,,10,3,2,0,,6,8,2,2,0,,5,2,0,,2,5,10,6,6,6,4,1,2,7,1,4,4,4,4,el coreo,OTRO,1,2,,,,2,-99,-99,-99,-99,-99,-99,-99,-99,-99,-99,-99,,-99,-99,-99,-99,-99,1,-99,1,-99,-99,-99,,2,,-99,-99,-99,-99,-99,-99,-99,,2,,-99,-99,-99,-99,-99,-99,-99,,4,3,,5,,1,2,,,3,9,5,3,6,8,1,2,2,1,5,,2,2,0,0,0,1,,65,4,1,4,1,1,,1,,jardines d San l valle
2338,5,2,2,2,,,0,,,0,,,0,1,1,1,1,2,2,2,2,2,2,2,2,2,2,1,-99,-99,1,-99,-99,-99,-99,,-99,3,,6,8,9,7,9,7,8,8,8,10,10,8,7,2,0,,8,5,2,0,,10,3,2,0,,6,8,8,2,0,,9,2,0,,6,5,3,3,3,3,8,7,3,4,5,4,4,4,4,la x,La x,1,2,,,,2,-99,-99,-99,-99,-99,-99,-99,-99,-99,-99,-99,,-99,-99,-99,-99,-99,-99,-99,1,-99,-99,-99,,2,,-99,-99,-99,-99,-99,-99,-99,,2,,-99,-99,-99,-99,-99,-99,-99,,4,2,,6,,1,2,,,3,9,8,3,4,10,1,1,1,2,5,,2,2,0,0,0,1,,65,4,1,3,1,2,,2,,jardines d el valle
2338,5,4,1,1,5,,1,9,,2,No hay ninguna persona en educacion superior,,3,1,1,1,2,2,1,1,1,1,1,1,2,1,1,1,1,-99,-99,-99,-99,-99,-99,,-99,1,,8,8,8,8,8,7,10,10,10,10,6,7,7,1,1,5,8,5,2,0,,9,3,2,0,,6,8,6,2,0,,6,2,0,,6,6,10,10,10,10,5,3,5,6,5,4,4,4,2,la x,La x,3,1,1,0,1,1,-99,-99,-99,-99,-99,-99,-99,1,-99,-99,-99,,-99,-99,-99,-99,-99,-99,-99,1,-99,-99,-99,,2,,-99,-99,-99,-99,-99,-99,-99,,2,,-99,-99,-99,-99,-99,-99,-99,,4,2,,5,,1,2,,,3,1,7,3,6,5,1,1,1,2,6,,1,0,1,1,1,2,,35,2,2,8,1,5,,5,,jardines de el valle
2338,5,4,2,2,,,0,,,0,,,0,1,1,1,1,2,2,2,1,1,1,2,2,2,2,1,1,-99,-99,-99,-99,-99,-99,,-99,1,,8,8,5,6,8,8,10,10,10,10,8,8,7,2,0,,9,5,2,0,,10,3,2,0,,6,7,7,2,0,,4,2,0,,7,8,9,9,9,3,5,4,5,5,3,4,4,4,4,la x,La x,2,2,,,,1,-99,-99,-99,-99,-99,-99,-99,1,-99,-99,-99,,-99,-99,-99,-99,-99,-99,-99,1,-99,-99,-99,,2,,-99,-99,-99,-99,-99,-99,-99,,2,,-99,-99,-99,-99,-99,-99,-99,,4,19,policia,19,vialidad,1,1,vialidad,abuso de autoridad,3,9,5,3,3,8,2,1,2,2,5,,2,2,0,0,0,2,,49,3,2,8,1,1,,1,,jardines de el valle
2338,5,4,2,1,No hay ninguna persona en nivel basico,,3,No hay ninguna persona en educacion media,,3,8,,2,1,2,1,2,2,2,2,2,2,2,2,2,1,2,2,-99,1,-99,1,-99,-99,-99,,-99,4,,5,5,3,5,5,5,8,8,8,10,8,8,7,2,0,,5,3,1,2,5,10,3,2,0,,5,8,6,2,0,,1,2,0,,5,8,8,8,8,8,8,0,0,8,8,4,4,4,4,lax,La x,1,2,,,,1,-99,-99,-99,-99,-99,-99,-99,-99,-99,-99,1,SE RESERVA,-99,-99,-99,-99,-99,-99,-99,1,-99,-99,-99,,2,,-99,-99,-99,-99,-99,-99,-99,,2,,-99,-99,-99,-99,-99,-99,-99,,4,5,,11,,3,2,,,1,9,8,5,3,5,2,1,1,2,5,,1,0,2,2,2,1,,50,3,9,10,1,3,,3,,jardines del valle
2338,5,3,2,2,,,0,,,0,,,0,1,1,1,1,2,1,1,1,1,1,2,2,2,2,2,1,-99,-99,1,-99,-99,-99,,-99,4,,1,9,7,8,6,8,10,9,9,10,9,8,6,2,0,,9,4,2,0,,8,3,2,0,,8,9,6,2,0,,10,2,0,,8,10,10,10,10,10,7,0,0,10,4,4,5,5,5,x,La x,1,1,1,0,0,2,-99,-99,-99,-99,-99,-99,-99,-99,-99,-99,-99,,-99,-99,-99,-99,-99,-99,-99,1,-99,-99,-99,,2,,-99,-99,-99,-99,-99,-99,-99,,2,,-99,-99,-99,-99,-99,-99,-99,,4,5,,6,,1,2,,,2,9,1,6,8,8,2,2,1,2,1,,2,2,0,0,0,1,,65,4,8,7,1,1,,2,,jardimnes del valle
2338,5,3,2,2,,,0,,,0,,,0,1,1,1,1,1,1,1,1,1,1,1,2,1,1,1,-99,-99,-99,1,1,-99,-99,,-99,4,,5,10,6,8,8,8,10,6,8,8,8,8,7,2,0,,10,5,2,0,,9,3,2,0,,9,8,3,2,0,,8,2,0,,7,10,10,10,10,10,9,8,0,8,6,4,5,5,5,la catedral,La Catedral,1,1,2,0,2,1,-99,-99,-99,-99,-99,-99,-99,1,-99,-99,-99,,-99,-99,-99,-99,-99,-99,-99,1,-99,-99,-99,,2,,-99,-99,-99,-99,-99,-99,-99,,2,,-99,-99,-99,-99,-99,-99,-99,,4,11,,4,,1,1,policia municipal,le robaron,1,9,7,7,8,9,2,2,2,1,5,,2,2,0,0,0,2,,25,1,6,8,1,7,,1,,jjardines
2338,5,4,2,2,,,0,,,0,,,0,1,1,2,2,2,2,2,2,2,2,2,2,2,2,2,-99,-99,-99,1,-99,-99,-99,,-99,4,,8,8,9,7,7,8,10,8,8,7,8,7,7,2,0,,9,5,2,0,,7,3,2,0,,8,8,8,2,0,,8,2,0,,8,10,10,10,10,10,9,0,0,6,5,4,5,5,5,la catedral,La Catedral,1,1,1,0,0,1,-99,-99,-99,-99,-99,1,-99,1,-99,-99,-99,,-99,-99,-99,-99,-99,-99,-99,1,-99,-99,-99,,2,,-99,-99,-99,-99,-99,-99,-99,,2,,-99,-99,-99,-99,-99,-99,-99,,4,2,,11,,1,1,la policia,le negaron traerde a su hijapor maltrato,3,9,1,10,9,8,2,1,2,1,1,,2,2,0,0,0,1,,28,1,9,6,1,1,,1,,jardines fel valle
2338,5,3,2,2,,,0,,,0,,,0,1,1,1,1,2,2,2,2,2,2,2,2,2,2,2,1,-99,-99,1,-99,-99,-99,,-99,4,,7,8,8,8,8,8,7,8,8,10,9,5,6,2,0,,10,5,3,0,,9,3,2,0,,9,8,9,3,0,,8,2,0,,9,10,10,10,10,10,9,0,0,8,8,4,5,5,5,x,La x,,2,,,,1,-99,-99,-99,-99,-99,-99,-99,1,-99,-99,-99,,-99,-99,-99,-99,-99,-99,-99,1,-99,-99,-99,,2,,-99,-99,-99,-99,-99,-99,-99,,2,,-99,-99,-99,-99,-99,-99,-99,,4,2,,4,,1,2,,,2,1,8,7,7,9,2,1,1,1,1,,2,2,0,0,0,1,,68,4,8,2,1,1,,2,,jardines fel valle
2338,5,3,2,2,,,0,,,0,,,0,1,2,1,1,2,1,2,2,2,2,2,2,2,2,2,1,-99,-99,1,-99,-99,-99,,-99,4,,10,9,9,8,8,7,8,8,9,9,9,8,7,2,0,,10,5,2,0,,9,3,2,0,,8,8,9,2,0,,9,2,0,,8,10,10,10,10,10,9,0,0,9,8,4,5,5,5,ña x,La x,1,2,,,,2,-99,-99,-99,-99,-99,-99,-99,-99,-99,-99,-99,,-99,-99,-99,-99,-99,-99,-99,1,-99,-99,-99,,2,,-99,-99,-99,-99,-99,-99,-99,,2,,-99,-99,-99,-99,-99,-99,-99,,4,5,,7,,1,2,,,3,9,1,5,7,8,2,1,2,2,1,,2,2,0,0,0,1,,69,4,8,2,1,1,,2,,jardines del valle
2338,5,3,2,2,,,0,,,0,,,0,1,1,1,1,2,1,1,1,1,1,1,1,1,1,1,1,-99,-99,1,-99,-99,-99,,-99,4,,6,6,7,8,7,9,10,10,10,10,10,8,7,2,0,,9,5,2,0,,9,3,2,0,,8,8,8,2,0,,8,2,0,,8,10,9,9,9,9,9,0,0,8,5,4,5,5,5,parque central,El Parque Central,1,2,,,,2,-99,-99,-99,-99,-99,-99,-99,-99,-99,-99,-99,,-99,-99,-99,-99,-99,-99,-99,1,-99,-99,-99,,2,,-99,-99,-99,-99,-99,-99,-99,,2,,-99,-99,-99,-99,-99,-99,-99,,1,5,,2,,1,2,,,1,2,8,8,8,8,1,1,1,2,1,,2,2,0,0,0,1,,58,3,8,6,1,1,,3,,jardinrs del valle
2338,5,3,2,1,No hay ninguna persona en nivel basico,,3,No hay ninguna persona en educacion media,,3,8,,1,1,1,1,1,1,1,2,1,1,2,2,2,2,2,2,1,-99,-99,1,-99,-99,-99,,-99,4,,10,8,8,10,10,8,10,10,10,10,8,8,7,2,0,,10,4,1,1,8,9,3,2,0,,8,8,3,2,0,,6,2,0,,9,8,10,10,10,10,9,0,0,8,5,4,5,5,5,x,La x,1,2,,,,1,-99,-99,-99,-99,-99,-99,-99,1,-99,-99,-99,,-99,-99,-99,-99,-99,-99,-99,1,-99,-99,-99,,2,,-99,-99,-99,-99,-99,-99,-99,,2,,-99,-99,-99,-99,-99,-99,-99,,4,5,,8,,1,2,,,1,9,5,6,7,7,2,2,2,1,3,,2,2,0,0,0,2,,44,2,2,6,1,2,,3,,jsrdines del valle
2198,5,3,2,2,,,0,,,0,,,0,1,1,1,1,2,2,2,2,2,2,2,2,2,2,2,1,-99,-99,1,-99,-99,-99,,-99,4,,8,7,7,8,7,7,10,7,8,5,8,8,7,2,0,,9,5,2,0,,10,3,2,0,,8,7,8,2,0,,7,2,0,,8,8,9,10,9,8,7,0,0,7,7,4,5,5,5,x,La x,0,1,0,0,1,1,-99,-99,-99,-99,-99,-99,-99,-99,-99,-99,1,SE RESERVA,-99,-99,-99,-99,-99,-99,-99,-99,-99,-99,1,SE RESERVA,2,,-99,-99,-99,-99,-99,-99,-99,,2,,-99,-99,-99,-99,-99,-99,-99,,4,5,,5,,1,2,,,2,1,7,7,8,8,2,2,1,1,4,,1,0,2,2,2,2,,79,4,8,2,1,1,,2,,datelite
2198,5,4,2,2,,,0,,,0,,,0,1,1,1,1,2,1,2,1,2,2,2,2,2,1,1,-99,-99,-99,1,-99,-99,-99,,-99,4,,8,8,8,8,7,9,10,10,10,9,9,5,7,2,0,,10,5,2,0,,9,3,2,0,,8,7,8,2,0,,8,2,0,,8,10,9,9,9,9,8,0,0,8,0,4,5,5,5,x y parque central,El parque central,1,2,,,,1,-99,-99,-99,-99,-99,-99,-99,-99,-99,-99,1,SE RESERVA,-99,-99,-99,-99,-99,-99,-99,1,-99,-99,-99,,2,,-99,-99,-99,-99,-99,-99,-99,,2,,-99,-99,-99,-99,-99,-99,-99,,4,2,,6,,1,2,,,3,9,6,6,7,8,2,1,1,1,1,,2,2,0,0,0,2,,33,2,9,6,1,2,,3,,satelite
2198,5,3,2,1,9,,1,No hay ninguna persona en educacion media,,3,No hay ninguna persona en educacion superior,,3,1,1,1,1,1,1,2,1,1,2,1,2,2,1,1,1,-99,-99,1,-99,-99,-99,,-99,4,,8,9,7,7,9,9,9,9,9,9,9,7,7,2,0,,9,5,2,0,,8,3,2,0,,8,8,6,2,0,,8,2,0,,8,10,9,9,9,9,8,0,6,6,5,4,5,5,5,depottivo de la universidad,,1,1,1,1,0,2,-99,-99,-99,-99,-99,-99,-99,-99,-99,-99,-99,,-99,-99,-99,-99,-99,-99,-99,1,-99,-99,-99,,2,,-99,-99,-99,-99,-99,-99,-99,,1,9,-99,-99,-99,-99,-99,-99,-99,,4,7,,5,,1,2,,,3,9,6,6,6,7,2,2,2,1,2,,2,2,0,0,0,1,,24,1,5,9,1,1,,2,,satelite
2198,5,1,3,1,8,,1,9,,1,No hay ninguna persona en educacion superior,,3,1,1,1,2,2,2,2,2,2,2,2,2,2,2,2,-99,-99,-99,1,1,-99,-99,,-99,4,,9,8,9,7,9,8,8,9,8,9,9,7,7,2,0,,10,5,2,0,,8,3,2,0,,7,6,9,2,0,,8,2,0,,8,9,10,10,10,10,9,0,0,0,3,4,5,5,5,x,La x,1,2,,,,1,-99,-99,-99,-99,-99,-99,-99,1,-99,-99,-99,,-99,-99,-99,-99,-99,-99,-99,1,-99,-99,-99,,2,,-99,-99,-99,-99,-99,-99,-99,,2,,-99,-99,-99,-99,-99,-99,-99,,4,2,,3,,4,2,,,1,1,7,8,8,7,1,1,1,1,1,,2,2,0,0,0,2,,58,3,9,3,1,2,,3,,satelite
2198,5,4,2,1,10,,1,No hay ninguna persona en educacion media,,3,9,,1,1,1,1,1,2,1,2,2,2,2,2,2,2,2,2,-99,-99,-99,1,-99,-99,-99,,-99,4,,8,5,9,7,7,8,10,10,9,9,9,10,7,2,0,,10,5,2,0,,9,3,2,0,,9,7,8,2,0,,8,2,0,,8,10,8,9,5,7,9,8,0,7,7,4,5,5,5,el parque central,El Parque Central,0,2,,,,1,1,-99,-99,-99,-99,-99,-99,-99,-99,-99,-99,,-99,-99,-99,-99,-99,1,-99,-99,-99,-99,-99,,2,,-99,-99,-99,-99,-99,-99,-99,,2,,-99,-99,-99,-99,-99,-99,-99,,4,2,,4,,1,2,,,1,9,6,6,6,7,1,1,1,2,1,,2,2,0,0,0,1,,20,1,2,7,1,2,,3,,satelite
2198,5,2,2,2,,,0,,,0,,,0,1,1,1,2,2,2,2,2,2,2,2,2,2,2,2,-99,-99,1,-99,-99,-99,-99,,-99,3,,7,7,7,6,8,8,10,9,8,8,9,8,7,2,0,,10,3,2,0,,10,3,2,0,,5,9,8,2,0,,6,2,0,,9,8,8,8,8,8,8,4,7,8,5,4,5,5,4,la x,La x,0,1,0,0,1,2,-99,-99,-99,-99,-99,-99,-99,-99,-99,-99,-99,,-99,-99,-99,-99,-99,-99,-99,-99,-99,-99,1,bicicleta,2,,-99,-99,-99,-99,-99,-99,-99,,2,,-99,-99,-99,-99,-99,-99,-99,,4,2,,5,,1,2,,,2,9,10,6,5,9,2,2,2,1,2,,2,2,0,0,0,2,,70,4,1,3,1,1,,1,,satelite
2198,5,3,2,2,,,0,,,0,,,0,1,1,1,1,1,1,2,1,2,2,2,2,2,2,1,1,-99,-99,-99,-99,-99,-99,,-99,1,,8,8,8,7,8,10,10,8,10,10,8,8,7,2,0,,9,3,2,0,,8,3,2,0,,8,8,5,2,0,,5,2,0,,6,7,8,8,6,5,8,7,7,5,5,4,4,4,4,la casa de adobe,La casa de adobe,3,1,0,0,1,1,-99,-99,-99,-99,-99,-99,-99,1,1,1,-99,,-99,-99,-99,-99,-99,-99,-99,1,1,1,-99,,1,8,-99,-99,-99,-99,-99,-99,-99,,1,8,-99,-99,-99,-99,-99,-99,-99,,3,5,,7,,2,2,,,2,9,8,7,5,6,1,1,2,1,6,,2,2,0,0,0,2,,32,2,2,6,1,2,,5,,satélite
2198,5,3,3,2,,,0,,,0,,,0,1,1,1,1,2,2,2,2,2,2,2,2,2,1,1,1,-99,-99,-99,-99,-99,-99,,-99,1,,11,6,6,8,8,4,10,10,8,10,8,8,7,2,0,,10,3,2,0,,10,3,2,0,,5,8,9,2,0,,5,2,0,,8,7,6,10,4,7,8,4,7,7,5,4,3,3,3,la x,La x,2,1,1,2,2,1,1,-99,-99,-99,-99,-99,-99,-99,-99,-99,-99,,-99,-99,-99,-99,-99,-99,-99,1,-99,-99,-99,,2,,-99,-99,-99,-99,-99,-99,-99,,2,,-99,-99,-99,-99,-99,-99,-99,,4,2,,5,,1,2,,,1,9,10,8,5,10,2,1,2,1,2,,2,2,0,0,0,1,,32,2,2,9,1,1,,2,,satélite
2198,5,4,3,2,,,0,,,0,,,0,1,1,1,1,2,1,2,2,1,2,2,2,2,2,1,1,-99,-99,-99,-99,-99,-99,,-99,1,,6,5,8,7,7,8,7,6,10,8,10,6,7,2,0,,10,3,2,0,,10,3,2,0,,6,8,8,2,0,,8,2,0,,9,8,7,6,6,6,8,5,7,8,6,4,4,4,4,catedral,La Catedral,0,2,,,,2,-99,-99,-99,-99,-99,-99,-99,-99,-99,-99,-99,,-99,-99,-99,-99,-99,1,-99,-99,-99,-99,-99,,2,,-99,-99,-99,-99,-99,-99,-99,,2,,-99,-99,-99,-99,-99,-99,-99,,4,2,,5,,1,2,,,2,9,8,8,5,9,1,1,1,1,2,,2,2,0,0,0,2,,46,3,1,4,1,1,,2,,satelite
2198,5,3,3,1,5,,1,7,,1,8,,1,1,1,1,1,2,1,2,2,1,2,2,2,2,2,1,1,-99,-99,-99,-99,-99,-99,,-99,1,,5,4,3,8,9,4,7,7,10,8,9,4,7,2,0,,10,3,2,0,,10,3,2,0,,8,8,6,2,0,,7,2,0,,8,6,8,8,5,5,8,4,8,5,4,4,4,4,4,la x,La x,1,1,2,1,1,2,-99,-99,-99,-99,-99,-99,-99,-99,-99,-99,-99,,-99,-99,-99,-99,-99,1,-99,-99,-99,-99,-99,,2,,-99,-99,-99,-99,-99,-99,-99,,2,,-99,-99,-99,-99,-99,-99,-99,,2,7,,9,,1,2,,,3,9,4,6,6,9,2,2,2,1,1,,2,2,0,0,0,1,,36,2,1,4,1,1,,1,,satelite
2198,5,4,3,1,10,,1,10,,1,10,,1,1,1,2,1,2,2,2,2,2,2,2,2,2,2,2,-99,-99,-99,1,-99,-99,-99,,-99,4,,10,10,9,10,10,10,10,9,10,10,10,8,7,1,1,8,10,4,2,0,,10,3,2,0,,10,10,8,2,0,,8,2,0,,8,8,10,10,10,11,8,4,9,9,9,4,3,3,1,monumento a Benito Juárez,El monumento a Benito Juárez,1,2,,,,2,-99,-99,-99,-99,-99,-99,-99,-99,-99,-99,-99,,1,-99,-99,-99,-99,1,-99,-99,-99,-99,-99,,2,,-99,-99,-99,-99,-99,-99,-99,,2,,-99,-99,-99,-99,-99,-99,-99,,4,5,,3,,1,2,,,3,1,10,10,8,9,2,2,2,2,1,,2,2,0,0,0,1,,59,3,1,2,2,19,,1,,satelite
2198,5,4,2,2,,,0,,,0,,,0,1,1,1,1,2,1,1,2,2,2,2,2,2,2,1,-99,-99,-99,1,-99,-99,-99,,-99,4,,7,6,3,5,4,6,7,8,8,10,8,8,7,2,0,,8,5,2,0,,10,2,2,0,,9,8,6,2,0,,4,2,0,,4,7,8,9,9,5,5,5,5,5,5,4,4,4,2,catedral,La Catedral,1,2,,,,1,-99,-99,-99,-99,-99,-99,-99,1,-99,-99,-99,,-99,-99,-99,-99,-99,-99,-99,1,-99,-99,-99,,2,,-99,-99,-99,-99,-99,-99,-99,,2,,-99,-99,-99,-99,-99,-99,-99,,4,6,,4,,3,2,,,3,9,8,3,5,10,1,1,2,1,1,,2,2,0,0,0,2,,55,3,2,4,1,1,,1,,satélite
2198,5,4,2,1,8,,1,No hay ninguna persona en educacion media,,3,No hay ninguna persona en educacion superior,,3,1,1,1,1,2,1,2,1,1,2,2,2,2,2,1,-99,-99,-99,1,-99,-99,-99,,-99,4,,7,7,6,6,9,10,7,8,9,10,9,6,7,2,0,,7,5,2,0,,6,2,2,0,,7,8,6,2,0,,4,2,0,,5,7,9,7,8,5,8,1,4,4,6,1,4,4,1,la x,La x,1,1,0,0,1,1,-99,-99,-99,1,-99,-99,-99,-99,-99,-99,-99,,-99,-99,-99,-99,-99,-99,-99,1,-99,-99,-99,,2,,-99,-99,-99,-99,-99,-99,-99,,2,,-99,-99,-99,-99,-99,-99,-99,,4,6,,7,,1,1,policia,abudi de autoridad,3,9,6,2,3,10,1,1,1,1,5,,2,2,0,0,0,2,,33,2,2,6,1,1,,1,,satelite
2198,5,3,2,2,,,0,,,0,,,0,1,1,1,1,2,1,2,2,2,2,2,2,2,2,1,1,-99,-99,-99,-99,-99,-99,,-99,1,,8,6,9,5,8,11,5,7,9,10,7,7,7,2,0,,10,5,2,0,,7,3,2,0,,7,6,5,2,0,,7,2,0,,2,7,9,7,8,8,5,4,3,4,5,4,4,4,4,la x,La x,0,1,0,0,2,1,-99,1,-99,-99,-99,-99,-99,-99,-99,-99,-99,,-99,1,-99,-99,-99,-99,-99,-99,-99,-99,-99,,2,,-99,-99,-99,-99,-99,-99,-99,,2,,-99,-99,-99,-99,-99,-99,-99,,4,9,,7,,1,2,,,3,1,8,8,5,7,2,2,2,1,5,,2,2,0,0,0,2,,64,4,2,1,1,1,,1,,satélite
2198,5,3,2,2,,,0,,,0,,,0,1,1,1,1,2,2,2,2,2,2,2,2,2,2,1,1,-99,-99,-99,-99,-99,-99,,-99,1,,8,8,8,4,7,5,10,9,9,9,10,5,7,2,0,,9,5,2,0,,8,3,2,0,,8,5,6,2,0,,6,2,0,,6,9,4,4,2,3,9,4,4,7,4,4,4,2,3,la x,La x,1,2,,,,1,-99,-99,-99,-99,-99,-99,-99,1,-99,-99,-99,,-99,-99,-99,-99,-99,-99,-99,1,-99,-99,-99,,2,,-99,-99,-99,-99,-99,-99,-99,,2,,-99,-99,-99,-99,-99,-99,-99,,4,2,,6,,1,2,,,3,2,8,2,3,6,2,1,1,1,5,,2,2,0,0,0,2,,53,3,2,7,1,1,,1,,satélite
2198,5,3,2,2,,,0,,,0,,,0,1,2,1,2,2,2,2,2,2,2,2,2,2,2,2,1,-99,-99,-99,-99,-99,-99,,-99,1,,8,8,8,10,10,10,10,10,10,10,10,10,7,2,0,,10,5,2,0,,10,3,2,0,,10,10,9,2,0,,1,2,0,,8,11,0,0,0,0,0,0,7,1,1,4,5,5,5,monumento a juarez,El monumento a Benito Juárez,0,2,,,,2,-99,-99,-99,-99,-99,-99,-99,-99,-99,-99,-99,,-99,-99,-99,-99,-99,-99,-99,-99,-99,-99,1,me llevan mis hijos,2,,-99,-99,-99,-99,-99,-99,-99,,2,,-99,-99,-99,-99,-99,-99,-99,,4,15,,5,,1,2,,,1,1,1,2,2,9,2,2,2,2,2,,2,2,0,0,0,1,,79,4,8,4,1,1,,2,,satelite
2198,5,3,2,2,,,0,,,0,,,0,1,1,1,1,2,2,2,1,1,2,1,2,1,2,1,1,-99,-99,1,-99,-99,-99,,-99,4,,10,10,9,7,8,8,9,9,9,9,9,10,7,2,0,,3,2,2,0,,10,3,2,0,,9,9,8,2,0,,1,2,0,,6,9,9,9,9,9,9,0,10,9,10,3,5,5,5,el monumento a benito juarez,El monumento a Benito Juárez,1,2,,,,2,-99,-99,-99,-99,-99,-99,-99,-99,-99,-99,-99,,-99,-99,-99,-99,-99,-99,-99,1,-99,-99,-99,,2,,-99,-99,-99,-99,-99,-99,-99,,2,,-99,-99,-99,-99,-99,-99,-99,,4,5,,6,,1,2,,,3,1,3,8,10,8,1,1,1,1,7,ninguno,2,2,0,0,0,1,,64,4,1,3,1,1,,1,,satelite
2198,5,3,1,2,,,0,,,0,,,0,1,2,2,2,2,2,2,2,2,2,2,2,2,2,2,-99,-99,-99,-99,-99,-99,1,PENSIONES CIVILES DE CHIHUAHUA,-99,7,PENSIONES CIVILES DE CHIHUAHUA,5,5,5,5,6,8,10,10,10,10,10,10,7,2,0,,10,5,2,0,,10,3,2,0,,10,10,9,2,0,,1,2,0,,8,9,8,9,8,8,0,0,11,4,0,4,5,5,5,ninguno,NINGUNO,1,2,,,,2,-99,-99,-99,-99,-99,-99,-99,-99,-99,-99,-99,,-99,-99,-99,-99,-99,-99,-99,1,-99,-99,-99,,2,,-99,-99,-99,-99,-99,-99,-99,,2,,-99,-99,-99,-99,-99,-99,-99,,4,5,,7,,1,2,,,2,1,9,5,7,8,2,2,2,2,2,,2,2,0,0,0,1,,82,4,1,2,1,2,,2,,satelite
2198,5,3,3,1,9,,1,No hay ninguna persona en educacion media,,3,No hay ninguna persona en educacion superior,,3,1,1,1,1,2,1,2,1,2,2,2,2,2,2,1,1,-99,-99,-99,-99,-99,-99,,-99,1,,10,10,10,10,10,10,10,10,10,10,9,9,7,2,0,,9,4,2,0,,10,3,2,0,,10,10,8,2,0,,5,2,0,,8,8,8,9,7,7,8,11,11,6,6,4,5,5,5,la x,La x,1,2,,,,2,-99,-99,-99,-99,-99,-99,-99,-99,-99,-99,-99,,-99,-99,-99,-99,-99,-99,-99,1,-99,-99,-99,,2,,-99,-99,-99,-99,-99,-99,-99,,2,,-99,-99,-99,-99,-99,-99,-99,,4,5,,15,,1,2,,,3,1,5,6,5,8,2,2,1,2,2,,2,2,0,0,0,1,,60,4,1,4,1,1,,1,,satelite
2198,5,3,1,1,9,,1,9,,1,No hay ninguna persona en educacion superior,,3,1,1,1,1,2,2,2,2,2,2,2,2,2,2,1,1,-99,-99,-99,1,-99,-99,,-99,5,,9,9,9,9,10,9,9,9,9,9,8,8,7,2,0,,8,2,2,0,,9,3,2,0,,8,9,7,2,0,,6,2,0,,7,7,8,8,8,8,7,0,8,7,0,4,4,4,4,la x,La x,0,2,,,,1,-99,-99,-99,1,-99,-99,-99,-99,1,1,-99,,-99,-99,-99,-99,-99,1,-99,-99,1,1,-99,,1,8,-99,-99,-99,-99,-99,-99,-99,,1,8,-99,-99,-99,-99,-99,-99,-99,,4,5,,15,,1,2,,,4,10,7,7,7,7,1,1,2,1,2,,2,2,0,0,0,1,,34,2,2,6,1,1,,1,,satelite
2198,5,3,1,2,,,0,,,0,,,0,1,2,1,1,2,2,2,2,2,2,2,2,2,2,1,-99,-99,-99,1,-99,-99,-99,,-99,4,,8,10,9,10,10,8,9,10,10,9,10,4,7,2,0,,10,5,2,0,,10,3,2,0,,10,10,10,2,0,,9,2,0,,10,10,10,10,10,2,8,0,0,9,6,4,2,2,2,la x,La x,0,2,,,,2,-99,-99,-99,-99,-99,-99,-99,-99,-99,-99,-99,,-99,-99,-99,-99,-99,1,-99,1,-99,-99,-99,,2,,-99,-99,-99,-99,-99,-99,-99,,2,,-99,-99,-99,-99,-99,-99,-99,,4,5,,4,,1,2,,,3,9,5,5,5,9,2,2,2,2,7,topes,2,2,0,0,0,2,,71,4,8,2,1,2,,2,,satelite
2198,5,2,2,1,No hay ninguna persona en nivel basico,,3,9,,1,10,,1,1,1,1,1,2,2,2,2,2,2,2,2,2,2,1,1,-99,-99,-99,-99,-99,-99,,-99,1,,9,9,9,10,9,7,10,9,9,10,10,10,7,2,0,,8,3,1,1,1,10,3,2,0,,10,10,3,2,0,,7,2,0,,8,10,10,10,10,8,9,0,8,7,8,4,5,5,4,la x,La x,1,2,,,,1,-99,-99,-99,-99,-99,-99,-99,1,-99,-99,-99,,-99,-99,-99,-99,-99,-99,-99,1,-99,-99,-99,,2,,-99,-99,-99,-99,-99,-99,-99,,2,,-99,-99,-99,-99,-99,-99,-99,,4,19,preciod altos,15,,2,1,municipal,acoso,1,9,8,6,6,10,2,1,1,2,7,banqueta como estacionamiento,2,2,0,0,0,1,,52,3,2,6,1,2,,2,,satélite
2198,5,2,2,2,,,0,,,0,,,0,1,2,1,2,2,2,2,2,2,2,2,2,2,2,1,-99,-99,-99,1,-99,-99,-99,,-99,4,,8,7,9,10,10,10,7,7,7,9,9,5,7,1,1,6,6,5,2,0,,10,3,2,0,,5,5,8,2,0,,3,2,0,,4,11,0,0,0,0,2,0,0,2,0,4,5,5,5,la catedral,La Catedral,0,2,,,,1,1,-99,-99,-99,-99,1,-99,-99,-99,-99,-99,,1,-99,-99,-99,-99,1,-99,-99,-99,-99,-99,,2,,-99,-99,-99,-99,-99,-99,-99,,2,,-99,-99,-99,-99,-99,-99,-99,,2,5,,18,,1,2,,,1,4,5,7,6,5,2,2,2,2,7,lugares clandestino,2,2,0,0,0,1,,58,3,2,6,1,1,,1,,satelite
2198,5,3,2,2,,,0,,,0,,,0,1,1,1,1,1,1,1,2,1,2,2,2,2,1,1,-99,-99,-99,1,-99,-99,-99,,-99,4,,9,9,8,8,10,10,8,8,8,9,8,10,7,2,0,,10,5,2,0,,10,3,2,0,,9,9,8,2,0,,9,2,0,,9,9,8,6,8,8,9,0,0,9,0,3,5,4,4,la x,La x,1,2,,,,1,-99,-99,-99,-99,-99,1,-99,1,-99,-99,-99,,-99,-99,-99,-99,-99,-99,-99,1,-99,-99,-99,,2,,-99,-99,-99,-99,-99,-99,-99,,2,,-99,-99,-99,-99,-99,-99,-99,,4,5,,11,,2,2,,,3,4,5,7,8,4,2,1,1,2,6,,2,2,0,0,0,2,,25,1,2,6,1,1,,2,,satelite
5173,4,3,2,2,,,0,,,0,,,0,1,2,1,1,2,1,2,2,1,1,1,1,2,2,1,1,-99,-99,-99,-99,-99,-99,,-99,1,,7,7,8,6,10,6,10,10,10,10,5,10,7,2,0,,10,3,2,0,,10,3,2,0,,10,10,9,2,0,,7,2,0,,10,7,8,8,8,8,8,4,9,5,5,2,5,5,5,la iglesia san Lorenzo,La iglesia de San Lorenzo,1,1,0,0,1,2,-99,-99,-99,-99,-99,-99,-99,-99,-99,-99,-99,,-99,-99,-99,-99,-99,-99,-99,1,-99,-99,-99,,2,,-99,-99,-99,-99,-99,-99,-99,,2,,-99,-99,-99,-99,-99,-99,-99,,4,2,,5,,1,2,,,3,9,8,8,6,10,1,2,2,1,2,,2,2,0,0,0,1,,74,4,8,4,1,1,,2,,frontera nueva
5173,4,3,3,1,10,,1,9,,1,10,,1,1,1,2,1,2,2,2,2,2,2,2,2,2,1,1,-99,-99,-99,1,-99,-99,-99,,-99,4,,6,6,8,8,7,10,10,10,10,10,10,10,7,2,0,,10,3,2,0,,10,3,2,0,,5,6,7,2,0,,5,2,0,,5,7,6,8,6,5,6,3,8,5,4,1,3,3,3,catedral,La Catedral,2,1,0,0,2,1,-99,-99,-99,-99,-99,-99,-99,1,-99,-99,-99,,-99,-99,-99,-99,-99,-99,-99,1,-99,-99,-99,,2,,-99,-99,-99,-99,-99,-99,-99,,2,,-99,-99,-99,-99,-99,-99,-99,,3,5,,2,,1,1,policía,mucha prepotencia y empujones,4,9,5,5,5,9,1,1,2,1,6,,2,2,0,0,0,1,,56,3,9,2,1,1,,2,,frontera nueva
5173,4,4,2,2,,,0,,,0,,,0,1,1,1,1,2,2,2,2,1,2,2,2,2,2,1,1,-99,-99,-99,-99,-99,-99,,-99,1,,10,9,8,9,10,10,9,9,10,10,10,10,7,2,0,,10,3,2,0,,10,3,2,0,,9,9,10,2,0,,7,2,0,,10,10,10,10,8,10,9,5,10,9,8,2,5,5,5,la x,La x,0,2,,,,2,-99,-99,-99,-99,-99,-99,-99,-99,-99,-99,-99,,-99,-99,-99,-99,-99,-99,-99,-99,1,-99,-99,,1,10,-99,-99,-99,-99,-99,-99,-99,,1,10,-99,-99,-99,-99,-99,-99,-99,,4,2,,5,,1,2,,,3,1,8,8,7,10,2,2,2,2,5,,2,2,0,0,0,2,,68,4,8,6,1,1,,1,,fronera nueva
5173,4,4,2,2,,,0,,,0,,,0,1,1,1,2,2,2,2,2,1,2,2,1,2,1,1,1,-99,-99,-99,-99,-99,-99,,-99,1,,8,5,3,7,10,10,10,10,10,10,5,5,7,2,0,,2,3,2,0,,10,3,2,0,,10,10,5,2,0,,1,2,0,,5,10,9,9,9,9,6,4,8,7,6,4,1,2,2,la x,La x,2,2,,,,1,1,-99,-99,-99,-99,-99,-99,-99,-99,-99,-99,,-99,-99,-99,-99,-99,-99,-99,1,-99,-99,-99,,2,,-99,-99,-99,-99,-99,-99,-99,,2,,-99,-99,-99,-99,-99,-99,-99,,4,5,,15,,1,2,,,3,1,6,8,4,2,1,1,1,1,6,,2,2,0,0,0,2,,67,4,8,6,1,1,,1,,frontera nueva
5173,4,4,3,2,,,0,,,0,,,0,1,1,1,1,2,2,2,2,2,2,2,2,2,2,2,1,-99,-99,-99,-99,-99,-99,,-99,1,,5,5,5,5,9,7,6,7,7,9,9,7,7,2,0,,9,5,2,0,,9,3,2,0,,8,7,7,2,0,,6,2,0,,8,9,10,10,10,10,7,0,0,4,6,4,5,5,5,x,La x,1,2,,,,2,-99,-99,-99,-99,-99,-99,-99,-99,-99,-99,-99,,-99,-99,-99,-99,-99,-99,-99,1,-99,-99,-99,,1,8,-99,-99,-99,-99,-99,-99,-99,,2,,-99,-99,-99,-99,-99,-99,-99,,4,2,,6,,1,2,,,2,1,5,6,7,8,1,1,1,1,1,,2,1,1,1,1,2,,68,4,8,4,1,1,,2,,fidel velazquez
5173,4,3,3,2,,,0,,,0,,,0,2,1,1,1,2,1,1,1,2,2,2,2,2,2,2,1,-99,-99,-99,-99,-99,-99,,-99,1,,1,5,6,6,7,7,9,8,8,7,8,5,7,2,0,,9,5,2,0,,9,3,2,0,,8,8,7,2,0,,8,2,0,,8,8,10,10,10,10,8,0,0,7,7,4,5,4,4,paraue central,El Parque Central,1,2,,,,2,-99,-99,-99,-99,-99,-99,-99,-99,-99,-99,-99,,-99,-99,-99,-99,-99,-99,-99,1,-99,-99,-99,,2,,-99,-99,-99,-99,-99,-99,-99,,2,,-99,-99,-99,-99,-99,-99,-99,,4,2,,7,,1,2,,,3,2,6,5,6,8,1,2,2,2,1,,2,2,0,0,0,2,,61,4,8,1,1,1,,2,,fidel velasqiez
5173,4,3,2,2,,,0,,,0,,,0,1,2,1,1,2,2,2,2,2,2,2,2,2,2,2,1,-99,-99,1,-99,-99,-99,,-99,4,,8,8,8,8,8,8,10,9,9,10,8,8,7,2,0,,10,5,2,0,,10,3,2,0,,8,8,8,2,0,,8,2,0,,9,8,9,9,9,9,0,0,0,8,3,4,5,5,5,x,La x,0,2,,,,2,-99,-99,-99,-99,-99,-99,-99,-99,-99,-99,-99,,-99,-99,-99,-99,-99,1,-99,-99,-99,-99,-99,,2,,-99,-99,-99,-99,-99,-99,-99,,2,,-99,-99,-99,-99,-99,-99,-99,,4,2,,6,,1,2,,,3,9,5,5,6,6,2,2,2,2,1,,2,2,0,0,0,1,,71,4,8,2,1,1,,3,,fidel velasquez
5173,4,1,2,2,,,0,,,0,,,0,2,1,1,1,2,1,2,2,2,2,2,2,2,2,1,1,-99,-99,1,-99,-99,-99,,-99,4,,6,6,7,6,6,7,7,5,6,8,7,8,7,2,0,,7,5,2,0,,10,3,2,0,,8,7,8,2,0,,8,2,0,,8,10,9,9,10,9,7,0,0,7,6,4,4,4,4,x,La x,1,2,,,,1,-99,-99,-99,-99,-99,1,-99,1,-99,-99,-99,,-99,-99,-99,-99,-99,-99,-99,1,-99,-99,-99,,2,,-99,-99,-99,-99,-99,-99,-99,,2,,-99,-99,-99,-99,-99,-99,-99,,2,2,,5,,1,2,,,2,1,4,6,6,7,1,1,1,2,2,,2,2,0,0,0,2,,33,2,9,4,1,4,,3,,fidel velazquez
5173,4,3,2,2,,,0,,,0,,,0,1,1,1,1,2,1,2,2,2,2,2,2,2,1,1,-99,1,-99,-99,-99,-99,-99,,-99,2,,8,9,8,8,10,3,9,7,8,10,10,9,7,2,0,,8,5,2,0,,8,3,2,0,,8,10,9,2,0,,8,2,0,,8,11,0,0,0,0,0,0,8,10,0,4,5,4,4,la x,La x,2,1,0,0,2,1,-99,-99,-99,-99,-99,-99,1,1,-99,-99,-99,,-99,-99,-99,-99,-99,-99,-99,1,-99,-99,-99,,2,,-99,-99,-99,-99,-99,-99,-99,,2,,-99,-99,-99,-99,-99,-99,-99,,4,10,,2,,2,2,,,3,1,8,3,6,7,2,2,2,2,7,alumbrado,2,2,0,0,0,2,,40,2,2,4,1,1,,2,,fidel Velázquez
5173,4,3,3,2,,,0,,,0,,,0,1,2,1,1,2,2,2,2,2,2,2,2,2,2,1,1,-99,-99,-99,-99,-99,-99,,-99,1,,8,9,10,9,9,3,9,9,9,10,10,10,7,2,0,,7,5,2,0,,10,3,2,0,,8,6,8,2,0,,10,2,0,,10,11,0,0,0,0,9,0,0,10,0,4,4,4,3,central,El Parque Central,1,2,,,,2,-99,-99,-99,-99,-99,-99,-99,-99,-99,-99,-99,,-99,-99,-99,-99,-99,-99,-99,1,-99,-99,-99,,2,,-99,-99,-99,-99,-99,-99,-99,,2,,-99,-99,-99,-99,-99,-99,-99,,4,5,,15,,1,2,,,1,8,6,3,8,8,1,1,1,1,7,alumbrado,2,2,0,0,0,2,,54,3,4,2,1,2,,2,,fidel Velázquez
5173,4,2,2,2,,,0,,,0,,,0,1,1,1,1,2,2,2,2,1,2,2,2,2,2,1,1,-99,-99,-99,-99,-99,-99,,-99,1,,5,8,4,6,9,3,9,9,10,10,9,10,7,2,0,,6,5,2,0,,10,3,2,0,,8,10,9,2,0,,10,2,0,,10,11,0,0,0,0,9,0,0,9,1,4,3,3,3,la x,La x,2,2,,,,2,-99,-99,-99,-99,-99,-99,-99,-99,-99,-99,-99,,-99,-99,-99,-99,-99,-99,-99,1,-99,-99,-99,,2,,-99,-99,-99,-99,-99,-99,-99,,2,,-99,-99,-99,-99,-99,-99,-99,,4,5,,1,,1,2,,,3,6,5,4,4,9,2,2,2,2,2,,2,2,0,0,0,2,,66,4,1,2,1,1,,1,,fidel Velázquez
5173,4,4,2,2,,,0,,,0,,,0,1,2,1,2,2,2,2,2,2,2,2,2,2,2,1,1,-99,-99,-99,-99,-99,-99,,-99,1,,4,8,8,5,8,4,10,10,10,10,10,10,7,2,0,,10,5,2,0,,10,3,2,0,,10,9,9,2,0,,10,2,0,,4,10,10,10,10,3,10,0,0,7,8,4,3,3,3,la x,La x,1,2,,,,2,-99,-99,-99,-99,-99,-99,-99,-99,-99,-99,-99,,-99,-99,-99,-99,-99,-99,-99,1,-99,-99,-99,,2,,-99,-99,-99,-99,-99,-99,-99,,2,,-99,-99,-99,-99,-99,-99,-99,,4,5,,12,,1,2,,,4,10,8,4,9,9,2,1,1,2,3,,2,2,0,0,0,1,,66,4,1,2,1,1,,1,,fidel Velázquez
5173,4,2,2,2,,,0,,,0,,,0,1,2,1,1,2,1,2,2,2,2,2,2,2,2,1,1,-99,-99,-99,-99,-99,-99,,-99,1,,8,7,8,6,8,8,7,8,9,10,10,9,7,2,0,,9,5,2,0,,9,3,2,0,,9,10,7,2,0,,8,2,0,,5,8,9,9,9,5,9,5,4,9,8,4,4,4,3,monumento a Juárez,El monumento a Benito Juárez,1,2,,,,2,-99,-99,-99,-99,-99,-99,-99,-99,-99,-99,-99,,-99,-99,-99,-99,-99,-99,-99,1,-99,-99,-99,,2,,-99,-99,-99,-99,-99,-99,-99,,2,,-99,-99,-99,-99,-99,-99,-99,,4,2,,3,,3,2,,,2,2,6,4,5,10,2,2,2,2,5,,2,2,0,0,0,1,,69,4,1,2,1,1,,1,,fidel Velasquez
5173,4,3,2,2,,,0,,,0,,,0,1,1,1,1,2,1,2,1,1,1,2,1,2,1,1,1,-99,-99,-99,-99,-99,-99,,-99,1,,7,8,9,9,10,10,10,10,10,10,10,10,7,2,0,,10,5,2,0,,10,3,2,0,,5,10,8,2,0,,5,1,1,8,10,10,10,10,7,10,7,6,10,8,7,4,4,4,4,la x,La x,1,2,,,,1,1,-99,-99,-99,-99,-99,-99,-99,-99,-99,-99,,-99,-99,-99,-99,-99,-99,-99,1,-99,-99,-99,,2,,-99,-99,-99,-99,-99,-99,-99,,2,,-99,-99,-99,-99,-99,-99,-99,,4,4,,6,,1,1,trancito,abusos,3,9,7,4,9,10,1,1,1,1,3,,2,2,0,0,0,2,,71,4,7,6,1,1,,1,,fidel velazques
5173,4,3,2,2,,,0,,,0,,,0,1,1,1,1,2,2,2,2,1,2,2,2,2,2,1,1,-99,-99,-99,-99,-99,-99,,-99,1,,9,5,4,8,8,9,7,8,9,9,9,8,7,2,0,,5,3,2,0,,9,3,2,0,,8,9,8,2,0,,8,2,0,,5,8,8,8,8,5,5,3,3,5,8,4,4,4,2,la x,La x,1,2,,,,2,-99,-99,-99,-99,-99,-99,-99,-99,-99,-99,-99,,-99,-99,-99,-99,-99,-99,-99,1,-99,-99,-99,,2,,-99,-99,-99,-99,-99,-99,-99,,2,,-99,-99,-99,-99,-99,-99,-99,,4,8,,5,,1,2,,,3,9,7,8,8,9,1,1,1,1,5,,2,2,0,0,0,1,,71,4,1,2,1,1,,1,,fidel Velasquez
5173,4,3,1,2,,,0,,,0,,,0,1,1,1,1,2,1,2,2,1,2,2,2,2,1,1,1,-99,-99,-99,-99,-99,-99,,-99,1,,9,8,8,8,8,8,8,9,9,10,10,10,7,2,0,,8,5,2,0,,10,3,2,0,,7,6,8,2,0,,9,2,0,,8,9,8,5,5,6,8,9,8,9,9,4,4,2,2,ka x,La x,1,2,,,,2,-99,-99,-99,-99,-99,-99,-99,-99,-99,-99,-99,,-99,-99,-99,-99,-99,-99,-99,1,-99,-99,-99,,2,,-99,-99,-99,-99,-99,-99,-99,,2,,-99,-99,-99,-99,-99,-99,-99,,4,4,,2,,1,2,,,3,9,7,7,7,8,1,2,2,2,5,,2,2,0,0,0,1,,70,4,1,2,1,1,,2,,fidel Velasquez
5173,4,3,4,1,9,,1,9,,1,No hay ninguna persona en educacion superior,,3,1,2,1,2,2,2,2,2,2,2,2,2,2,2,1,1,-99,-99,1,-99,-99,-99,,-99,4,,10,10,10,10,10,10,10,10,10,10,10,10,7,2,0,,9,5,2,0,,10,3,2,0,,10,9,7,2,0,,5,2,0,,10,8,8,8,8,8,8,0,11,5,0,4,4,4,4,el chamizal,El Chamizal,0,1,1,0,0,2,-99,-99,-99,-99,-99,-99,-99,-99,-99,-99,-99,,-99,-99,-99,-99,-99,1,-99,-99,-99,-99,-99,,2,,-99,-99,-99,-99,-99,-99,-99,,2,,-99,-99,-99,-99,-99,-99,-99,,4,3,,6,,1,2,,,2,1,7,6,5,6,2,1,2,1,7,mimguno,2,2,0,0,0,1,,73,4,8,3,1,1,,1,,fidel Velázquez
5173,4,4,2,2,,,0,,,0,,,0,1,1,1,2,2,2,2,1,1,2,2,1,2,2,1,-99,-99,-99,-99,1,-99,-99,,-99,5,,8,8,1,10,10,10,10,10,10,10,10,10,7,2,0,,10,4,2,0,,10,3,2,0,,7,7,5,2,0,,1,2,0,,5,7,8,7,8,10,0,0,11,8,8,4,5,5,5,la x,La x,1,1,0,0,1,1,-99,-99,-99,-99,-99,-99,-99,1,-99,-99,-99,,-99,-99,-99,-99,-99,-99,-99,1,-99,-99,-99,,2,,-99,-99,-99,-99,-99,-99,-99,,2,,-99,-99,-99,-99,-99,-99,-99,,4,15,,5,,1,2,,,1,2,7,6,5,1,2,2,2,2,2,,2,2,0,0,0,2,,50,3,9,8,1,2,,2,,fidel velazquez
5173,4,2,2,2,,,0,,,0,,,0,1,1,1,1,2,2,2,2,2,2,2,2,2,2,2,1,-99,-99,-99,1,-99,-99,,-99,5,,9,9,8,10,10,10,10,10,10,10,9,6,7,2,0,,7,4,1,1,4,10,3,2,0,,6,6,5,2,0,,4,2,0,,5,10,10,10,10,10,5,6,5,5,2,2,2,5,2,la catedral,La Catedral,1,1,0,0,1,1,1,-99,-99,-99,-99,-99,-99,-99,-99,-99,-99,,-99,-99,-99,-99,-99,-99,-99,1,-99,-99,-99,,2,,-99,-99,-99,-99,-99,-99,-99,,2,,-99,-99,-99,-99,-99,-99,-99,,4,5,,19,los migrantes,1,2,,,2,1,2,1,2,10,2,1,2,1,2,,2,2,0,0,0,2,,38,2,2,11,1,2,,2,,fidel velazquez
5173,4,3,4,1,5,,1,No hay ninguna persona en educacion media,,3,No hay ninguna persona en educacion superior,,3,1,1,1,1,1,2,2,2,2,2,2,2,2,2,2,1,-99,-99,1,-99,-99,-99,,-99,4,,5,5,5,5,5,5,5,5,5,5,5,5,7,2,0,,5,4,2,0,,10,3,2,0,,5,5,5,2,0,,1,2,0,,6,8,8,7,7,7,8,0,11,5,2,4,3,3,3,parquecentral,El Parque Central,0,1,0,0,1,1,-99,1,-99,-99,-99,-99,-99,-99,1,-99,-99,,-99,1,-99,-99,-99,-99,-99,-99,1,-99,-99,,1,6,-99,-99,-99,-99,-99,-99,-99,,2,,-99,-99,-99,-99,-99,-99,-99,,4,2,,5,,1,2,,,2,2,6,5,5,5,2,1,1,1,2,,2,2,0,0,0,2,,40,2,9,4,1,1,,1,,fidel velazquez
4207,5,3,2,2,,,0,,,0,,,0,1,2,1,1,2,2,2,2,2,2,2,2,2,2,2,1,-99,-99,1,-99,-99,-99,,-99,4,,10,8,9,8,8,8,10,9,9,10,8,6,7,2,0,,9,5,2,0,,8,3,2,0,,8,8,8,2,0,,8,2,0,,8,8,9,9,9,9,9,0,0,8,5,4,5,5,5,parque central,El Parque Central,1,2,,,,2,-99,-99,-99,-99,-99,-99,-99,-99,-99,-99,-99,,-99,-99,-99,-99,-99,-99,-99,1,-99,-99,-99,,2,,-99,-99,-99,-99,-99,-99,-99,,2,,-99,-99,-99,-99,-99,-99,-99,,4,5,,6,,1,2,,,1,4,3,5,7,8,2,2,1,2,2,,2,2,0,0,0,1,,63,4,1,2,1,2,,3,,valle verde
4207,5,3,2,2,,,0,,,0,,,0,1,2,2,2,2,2,2,2,2,2,2,2,2,2,2,1,-99,-99,1,-99,-99,-99,,-99,4,,8,8,8,8,8,9,10,10,10,10,9,9,7,2,0,,7,5,1,1,8,9,3,2,0,,7,8,8,2,0,,8,2,0,,7,9,6,7,7,7,8,0,0,8,5,4,5,5,5,x,La x,0,2,,,,1,-99,-99,-99,-99,-99,1,-99,-99,-99,-99,-99,,-99,-99,-99,-99,-99,1,-99,-99,-99,-99,-99,,2,,-99,-99,-99,-99,-99,-99,-99,,2,,-99,-99,-99,-99,-99,-99,-99,,4,5,,15,,1,2,,,2,9,8,6,8,9,2,2,1,2,6,,2,2,0,0,0,1,,38,2,2,10,1,2,,2,,valleverde
4207,5,3,2,2,,,0,,,0,,,0,1,1,1,1,2,2,2,2,2,2,2,2,2,2,2,1,-99,-99,-99,-99,-99,-99,,-99,1,,10,8,8,8,8,8,8,8,8,9,9,8,7,2,0,,9,5,2,0,,9,3,2,0,,8,9,8,2,0,,8,2,0,,8,8,5,6,7,8,7,0,0,8,4,4,5,5,5,x,La x,1,2,,,,1,-99,-99,-99,-99,-99,-99,-99,1,-99,-99,-99,,-99,-99,-99,-99,-99,-99,-99,1,-99,-99,-99,,2,,-99,-99,-99,-99,-99,-99,-99,,2,,-99,-99,-99,-99,-99,-99,-99,,4,2,,7,,1,2,,,2,2,5,6,6,8,2,2,1,2,1,,2,2,0,0,0,1,,65,4,9,6,1,2,,2,,valle verde
4207,5,3,2,1,9,,1,No hay ninguna persona en educacion media,,3,No hay ninguna persona en educacion superior,,3,1,1,1,1,1,2,2,2,2,2,2,2,2,2,2,1,-99,-99,1,-99,-99,-99,,-99,4,,8,7,11,8,8,8,10,8,8,9,8,8,7,2,0,,9,5,2,0,,9,3,2,0,,8,9,8,2,0,,8,2,0,,8,9,9,9,9,9,3,0,0,7,9,4,5,5,5,x,La x,1,1,1,0,0,1,-99,-99,-99,-99,-99,-99,-99,1,-99,-99,-99,,-99,-99,-99,-99,-99,-99,-99,1,-99,-99,-99,,2,,-99,-99,-99,-99,-99,-99,-99,,2,,-99,-99,-99,-99,-99,-99,-99,,4,2,,3,,1,1,policia,detuvieron le robaron,1,3,5,6,7,8,2,1,2,1,1,,2,2,0,0,0,1,,39,2,2,10,1,2,,3,,valle verde
4207,5,3,2,1,9,,2,No hay ninguna persona en educacion media,,3,No hay ninguna persona en educacion superior,,3,1,1,1,2,2,2,2,2,2,1,2,2,2,2,2,1,-99,-99,-99,-99,-99,-99,,-99,1,,9,9,8,8,8,8,10,10,9,9,9,9,7,2,0,,10,5,2,0,,7,3,2,0,,8,9,9,2,0,,8,2,0,,6,7,5,5,5,5,7,0,0,7,5,4,5,5,5,chamizal,El Chamizal,0,2,,,,2,-99,-99,-99,-99,-99,-99,-99,-99,-99,-99,-99,,-99,-99,-99,-99,-99,1,-99,-99,-99,-99,-99,,2,,-99,-99,-99,-99,-99,-99,-99,,2,,-99,-99,-99,-99,-99,-99,-99,,4,2,,6,,1,2,,,3,4,5,6,7,7,2,2,2,1,4,,2,2,0,0,0,1,,68,4,8,6,1,1,,3,,vslle verde
4207,5,3,2,1,9,,2,No hay ninguna persona en educacion media,,3,No hay ninguna persona en educacion superior,,3,1,1,1,1,1,1,1,1,1,1,1,1,1,1,1,1,-99,-99,1,-99,-99,-99,,-99,4,,9,9,9,7,8,5,9,8,8,9,8,8,7,2,0,,9,5,2,0,,7,3,2,0,,8,8,6,2,0,,8,2,0,,7,9,8,8,8,8,7,0,0,5,5,4,4,4,4,botunda,El parque Borunda,1,2,,,,1,-99,-99,-99,-99,-99,-99,-99,1,-99,-99,-99,,-99,-99,-99,-99,-99,-99,-99,1,-99,-99,-99,,2,,-99,-99,-99,-99,-99,-99,-99,,2,,-99,-99,-99,-99,-99,-99,-99,,4,5,,3,,1,2,,,3,1,5,5,7,8,2,2,2,1,2,,2,2,0,0,0,2,,31,2,2,6,1,2,,3,,valle verde
4207,5,3,2,2,,,0,,,0,,,0,1,1,1,1,1,1,1,1,1,2,2,2,2,2,2,-99,-99,-99,1,-99,-99,-99,,-99,4,,9,8,9,9,9,9,10,10,10,10,8,8,7,2,0,,9,5,2,0,,9,3,2,0,,8,8,8,2,0,,1,2,0,,7,9,8,9,9,9,0,0,0,8,7,4,5,5,5,parque central,El Parque Central,1,2,,,,2,-99,-99,-99,-99,-99,-99,-99,-99,-99,-99,-99,,-99,-99,-99,-99,-99,-99,-99,1,-99,-99,-99,,2,,-99,-99,-99,-99,-99,-99,-99,,2,,-99,-99,-99,-99,-99,-99,-99,,1,3,,1,,1,1,policia,la golpearon,2,2,8,8,8,8,1,1,1,1,2,,2,2,0,0,0,1,,31,2,2,6,1,1,,1,,valle verdE
4207,5,4,1,2,,,0,,,0,,,0,2,1,1,2,2,2,2,2,2,2,2,2,2,2,1,1,-99,-99,-99,-99,-99,-99,,-99,1,,9,10,10,10,10,9,10,10,10,10,10,10,7,2,0,,10,5,2,0,,10,3,2,0,,10,9,9,2,0,,8,2,0,,6,10,10,10,7,7,9,0,0,10,0,4,5,5,5,la x,La x,2,2,,,,2,-99,-99,-99,-99,-99,-99,-99,-99,-99,-99,-99,,-99,-99,-99,-99,-99,-99,-99,1,-99,-99,-99,,2,,-99,-99,-99,-99,-99,-99,-99,,2,,-99,-99,-99,-99,-99,-99,-99,,4,15,,16,,3,2,,,3,10,6,3,6,8,1,1,1,1,2,,2,2,0,0,0,2,,64,4,1,4,1,1,,1,,valle verde
4207,5,3,2,2,,,0,,,0,,,0,1,1,1,1,2,2,2,2,2,2,2,2,2,2,1,-99,1,-99,-99,-99,-99,-99,,-99,2,,8,9,9,6,8,10,8,7,9,10,10,10,7,2,0,,10,5,2,0,,10,3,2,0,,9,9,8,2,0,,8,2,0,,9,10,10,10,10,10,10,0,0,9,8,4,5,5,5,la x,La x,2,2,,,,2,-99,-99,-99,-99,-99,-99,-99,-99,-99,-99,-99,,-99,-99,-99,-99,-99,-99,-99,1,-99,-99,-99,,2,,-99,-99,-99,-99,-99,-99,-99,,2,,-99,-99,-99,-99,-99,-99,-99,,4,5,,17,,1,2,,,3,4,5,8,8,9,2,2,2,2,3,,2,2,0,0,0,2,,73,4,1,4,1,3,bim,3,bim,valle verde
4207,5,3,2,2,,,0,,,0,,,0,1,1,1,1,2,2,2,2,2,2,2,2,2,2,1,1,-99,-99,-99,-99,-99,-99,,-99,1,,7,9,9,8,9,9,10,10,10,10,10,10,7,2,0,,10,5,2,0,,10,3,2,0,,8,8,9,2,0,,8,2,0,,8,10,5,10,5,5,10,0,0,7,0,4,5,5,5,la x,La x,2,2,,,,2,-99,-99,-99,-99,-99,-99,-99,-99,-99,-99,-99,,-99,-99,-99,-99,-99,-99,-99,1,-99,-99,-99,,1,5,-99,-99,-99,-99,-99,-99,1,oaradas cerca de la colonia,2,,-99,-99,-99,-99,-99,-99,-99,,4,3,,15,,4,2,,,3,9,7,4,5,8,1,2,2,2,7,pertos callejero,2,2,0,0,0,1,,71,4,1,4,1,1,,4,bim,valr verde
4207,5,3,2,2,,,0,,,0,,,0,1,1,1,1,2,2,2,2,1,2,2,2,2,2,1,-99,-99,1,-99,-99,-99,-99,,-99,3,,8,9,9,9,8,10,8,8,10,10,9,8,7,2,0,,10,3,2,0,,10,3,2,0,,9,8,7,2,0,,8,2,0,,6,10,9,9,9,9,9,9,9,1,0,4,5,5,5,ñla x,La x,1,2,,,,1,-99,-99,-99,-99,-99,-99,-99,1,1,-99,-99,,-99,-99,-99,-99,-99,-99,-99,1,1,-99,-99,,1,6,1,-99,-99,1,1,-99,-99,,2,,-99,-99,-99,-99,-99,-99,-99,,4,15,,5,,3,2,,,1,9,8,8,9,2,2,2,2,2,6,,2,2,0,0,0,2,,59,3,2,4,1,1,,2,,valle verde
4207,5,4,2,1,10,,1,No hay ninguna persona en educacion media,,3,No hay ninguna persona en educacion superior,,3,1,1,2,1,2,2,2,2,2,2,2,2,2,2,1,1,-99,-99,-99,-99,-99,-99,,-99,1,,6,6,3,6,8,7,10,10,10,10,10,10,7,2,0,,10,4,1,1,10,10,3,2,0,,10,10,5,2,0,,9,2,0,,8,7,5,5,5,5,0,0,10,6,0,4,5,5,5,centro,El centro,1,1,2,0,2,1,-99,-99,-99,-99,-99,-99,-99,1,-99,-99,-99,,-99,-99,-99,-99,-99,-99,-99,1,-99,-99,-99,,2,,-99,-99,-99,-99,-99,-99,-99,,2,,-99,-99,-99,-99,-99,-99,-99,,4,5,,15,,1,1,municipales,acoso,3,10,5,4,4,8,1,1,1,1,6,,2,2,0,0,0,1,,33,2,9,6,1,2,,2,,valle verde
4207,5,2,2,2,,,0,,,0,,,0,1,1,1,2,2,2,2,2,2,2,2,2,2,2,1,1,-99,-99,-99,-99,-99,-99,,-99,1,,5,6,4,5,4,9,8,8,8,10,10,10,7,2,0,,8,5,2,0,,10,3,2,0,,8,8,8,2,0,,1,2,0,,3,10,6,10,6,4,9,0,0,9,8,4,5,5,4,la x,La x,1,2,,,,1,1,-99,-99,-99,-99,-99,-99,1,-99,-99,-99,,-99,-99,-99,-99,-99,1,-99,1,-99,-99,-99,,2,,-99,-99,-99,-99,-99,-99,-99,,2,,-99,-99,-99,-99,-99,-99,-99,,4,18,,10,,3,1,transito,indiferencia,3,4,5,6,4,10,2,2,2,1,7,perros,2,2,0,0,0,2,,74,4,9,4,1,1,,2,,valle verde
4207,5,3,2,2,,,0,,,0,,,0,1,2,1,2,2,2,2,2,1,2,2,2,2,2,1,1,-99,-99,-99,-99,-99,-99,,-99,1,,7,8,9,9,9,4,8,10,10,10,10,9,7,2,0,,9,3,1,1,3,9,3,2,0,,9,9,8,2,0,,2,2,0,,3,10,5,1,1,5,9,0,0,4,0,4,5,5,3,catedral,La Catedral,2,2,,,,2,-99,-99,-99,-99,-99,-99,-99,-99,-99,-99,-99,,-99,-99,-99,-99,-99,-99,-99,1,-99,-99,-99,,2,,-99,-99,-99,-99,-99,-99,-99,,2,,-99,-99,-99,-99,-99,-99,-99,,3,12,,5,,4,1,municipal,discrimina,2,9,7,4,4,8,2,2,2,2,2,,2,2,0,0,0,1,,70,4,8,4,1,1,,3,,valle verdej
4207,5,2,2,2,,,0,,,0,,,0,1,1,1,2,2,2,2,2,2,2,2,1,2,2,1,-99,-99,-99,-99,-99,1,-99,,-99,6,,,,,,,,10,10,10,10,10,10,7,2,0,,11,0,0,0,,9,3,2,0,,9,9,8,2,0,,2,2,0,,8,10,4,4,4,4,8,0,0,10,0,1,2,3,3,la x,La x,1,2,,,,1,-99,-99,-99,-99,-99,-99,-99,1,-99,-99,-99,,-99,-99,-99,-99,-99,-99,-99,1,-99,-99,-99,,2,,-99,-99,-99,-99,-99,-99,-99,,2,,-99,-99,-99,-99,-99,-99,-99,,3,5,,15,,3,1,municipal,AC oso,3,10,7,8,4,8,2,2,2,2,2,,2,2,0,0,0,1,,39,2,2,6,1,3,,4,,valle verde
4207,5,1,2,1,9,,1,9,,1,No hay ninguna persona en educacion superior,,3,1,1,1,1,2,2,2,2,2,2,2,2,2,2,1,-99,-99,1,-99,-99,-99,-99,,-99,3,,10,10,10,10,10,10,7,7,7,7,8,8,7,2,0,,6,5,2,0,,10,3,2,0,,5,5,4,2,0,,3,2,0,,7,9,9,9,9,9,9,0,0,2,0,1,5,1,5,monumento a juarez,El monumento a Benito Juárez,1,2,,,,2,-99,-99,-99,-99,-99,-99,-99,-99,-99,-99,-99,,-99,-99,-99,-99,-99,-99,-99,1,-99,-99,-99,,2,,-99,-99,-99,-99,-99,-99,-99,,2,,-99,-99,-99,-99,-99,-99,-99,,4,5,,15,,1,2,,,1,3,7,7,1,8,2,2,2,2,2,,2,2,0,0,0,1,,51,3,1,4,1,2,,2,,valle verde
4207,5,4,1,2,,,0,,,0,,,0,1,1,1,1,2,1,2,2,1,2,2,1,2,1,1,1,-99,-99,1,-99,-99,-99,,-99,4,,8,9,10,10,10,10,10,8,9,9,10,7,7,2,0,,10,5,2,0,,10,3,2,0,,7,7,3,2,0,,1,2,0,,5,5,1,5,3,5,5,0,11,3,1,1,3,3,1,la x,La x,2,1,2,0,0,2,-99,-99,-99,-99,-99,-99,-99,-99,-99,-99,-99,,-99,-99,-99,-99,-99,-99,-99,1,-99,-99,-99,,2,,-99,-99,-99,-99,-99,-99,-99,,2,,-99,-99,-99,-99,-99,-99,-99,,4,5,,15,,1,2,,,1,4,5,3,1,7,2,1,1,1,6,,2,2,0,0,0,1,,50,3,1,8,1,2,,2,,valle verde
4207,5,1,4,1,No hay ninguna persona en nivel basico,,3,No hay ninguna persona en educacion media,,3,10,,1,1,1,1,2,2,2,2,2,2,2,2,2,2,2,1,1,-99,-99,-99,-99,-99,-99,,-99,1,,6,11,3,4,8,7,7,7,8,8,8,7,7,2,0,,5,3,2,0,,10,3,2,0,,10,10,7,2,0,,5,2,0,,7,8,8,8,8,8,7,0,7,0,4,4,5,5,5,el parque central,El Parque Central,1,1,0,0,1,2,-99,-99,-99,-99,-99,-99,-99,-99,-99,-99,-99,,-99,-99,-99,-99,-99,-99,-99,1,-99,-99,-99,,2,,-99,-99,-99,-99,-99,-99,-99,,2,,-99,-99,-99,-99,-99,-99,-99,,4,3,,5,,1,2,,,1,2,5,5,6,7,2,1,2,1,2,,2,2,0,0,0,1,,60,4,1,11,1,2,,2,,valle verde
4207,5,2,3,2,,,0,,,0,,,0,1,1,1,1,2,1,2,2,2,2,2,2,2,2,1,1,-99,-99,1,-99,-99,-99,,-99,4,,8,8,8,8,8,8,10,8,10,10,1,10,7,2,0,,10,5,2,0,,5,3,2,0,,6,6,6,2,0,,1,2,0,,1,11,0,0,0,0,10,0,11,5,0,3,5,1,1,la x,La x,1,2,,,,2,-99,-99,-99,-99,-99,-99,-99,-99,-99,-99,-99,,-99,-99,-99,-99,-99,-99,-99,1,-99,-99,-99,,2,,-99,-99,-99,-99,-99,-99,-99,,2,,-99,-99,-99,-99,-99,-99,-99,,3,15,,19,los semaforos,1,2,,,1,9,8,4,1,1,2,2,2,2,5,,2,2,0,0,0,1,,27,1,1,6,1,2,,2,,valle verde
4207,5,4,1,2,,,0,,,0,,,0,1,2,1,2,2,2,2,2,2,2,2,2,2,1,1,-99,-99,-99,-99,1,-99,-99,,-99,5,,10,10,10,10,10,10,10,10,10,10,10,10,7,2,0,,10,5,2,0,,10,3,2,0,,10,10,9,2,0,,5,2,0,,8,9,9,8,9,8,8,0,11,3,0,1,3,3,3,monumento a juarez,El monumento a Benito Juárez,4,1,0,0,2,1,-99,-99,-99,-99,-99,-99,-99,1,-99,-99,-99,,-99,-99,-99,-99,-99,-99,-99,1,-99,-99,-99,,2,,-99,-99,-99,-99,-99,-99,-99,,2,,-99,-99,-99,-99,-99,-99,-99,,3,7,,5,,1,2,,,1,2,4,3,5,7,2,1,1,1,7,lo srros qu inaden calles,2,2,0,0,0,2,,60,4,9,4,1,2,,2,,valle verde
4207,5,3,1,2,,,0,,,0,,,0,1,2,1,2,2,2,2,2,2,2,2,2,2,2,2,-99,1,-99,-99,1,-99,-99,,-99,5,,10,10,10,10,10,10,1,1,10,8,10,10,7,2,0,,8,5,2,0,,10,3,2,0,,7,7,7,2,0,,2,2,0,,8,10,8,8,8,8,8,0,0,5,3,4,5,5,5,monumento a juarez,El monumento a Benito Juárez,1,1,0,0,1,2,-99,-99,-99,-99,-99,-99,-99,-99,-99,-99,-99,,-99,-99,-99,-99,-99,-99,-99,1,-99,-99,-99,,2,,-99,-99,-99,-99,-99,-99,-99,,2,,-99,-99,-99,-99,-99,-99,-99,,4,5,,6,,1,2,,,1,1,3,1,1,9,2,2,2,2,2,,2,2,0,0,0,1,,77,4,1,2,1,2,,2,,valle verde
4207,5,1,3,2,,,0,,,0,,,0,1,2,2,1,2,2,2,2,2,2,2,2,2,2,2,1,-99,-99,-99,-99,-99,-99,,-99,1,,5,8,4,5,7,8,10,10,10,10,10,5,7,2,0,,10,5,2,0,,10,3,2,0,,6,8,8,2,0,,1,2,0,,7,8,9,8,8,9,0,0,11,8,2,4,4,4,4,el chamizal,El Chamizal,2,2,,,,2,-99,-99,-99,-99,-99,-99,-99,-99,-99,-99,-99,,-99,-99,-99,-99,-99,-99,-99,1,-99,-99,-99,,2,,-99,-99,-99,-99,-99,-99,-99,,2,,-99,-99,-99,-99,-99,-99,-99,,4,3,,5,,1,2,,,1,1,3,7,6,7,2,2,2,2,2,,2,2,0,0,0,1,,59,3,1,11,1,1,,1,,valr verde
4207,5,2,3,2,,,0,,,0,,,0,1,1,1,2,2,1,2,2,2,2,1,2,2,2,1,1,-99,-99,-99,1,-99,-99,,-99,5,,8,8,8,8,9,9,8,8,8,8,10,10,7,2,0,,8,5,2,0,,9,3,2,0,,6,8,7,2,0,,2,2,0,,8,8,8,8,9,9,8,0,11,6,0,2,3,3,3,la x,La x,1,2,,,,2,-99,-99,-99,-99,-99,-99,-99,-99,-99,-99,-99,,-99,-99,-99,-99,-99,-99,-99,1,-99,-99,-99,,2,,-99,-99,-99,-99,-99,-99,-99,,2,,-99,-99,-99,-99,-99,-99,-99,,4,5,,19,la cantidad de gnte en la ciudad,1,2,,,2,1,5,6,4,8,2,1,2,2,7,un vecino que construyo donde no debe y estamos en peligro,2,2,0,0,0,1,,68,4,8,6,1,2,,2,,valle verde
4207,5,3,2,2,,,0,,,0,,,0,1,1,1,2,2,2,2,2,2,2,2,2,2,2,1,-99,-99,1,-99,-99,-99,-99,,-99,3,,7,9,9,8,8,9,10,10,9,10,7,8,7,2,0,,9,5,2,0,,9,3,2,0,,6,7,7,2,0,,8,2,0,,5,6,2,9,5,2,8,4,8,5,5,4,4,4,4,chamizal,El Chamizal,1,2,,,,1,-99,-99,-99,-99,-99,-99,-99,1,-99,-99,-99,,-99,-99,-99,-99,-99,-99,-99,1,-99,-99,-99,,2,,-99,-99,-99,-99,-99,-99,-99,,2,,-99,-99,-99,-99,-99,-99,-99,,4,5,,7,,1,2,,,3,3,5,2,5,10,2,1,1,1,5,,2,2,0,0,0,1,,62,4,2,4,1,1,,2,,vale verde
4207,5,4,1,2,,,0,,,0,,,0,1,1,1,1,1,1,2,1,1,1,2,2,2,1,1,-99,-99,-99,-99,1,-99,-99,,-99,5,,10,10,10,10,10,11,10,10,10,10,5,5,7,2,0,,8,5,2,0,,9,3,2,0,,7,5,4,2,0,,6,2,0,,5,5,9,9,9,8,7,7,5,3,7,4,4,4,4,la x,La x,1,2,0,0,0,1,-99,-99,-99,-99,-99,-99,-99,1,-99,-99,-99,,-99,-99,-99,-99,-99,-99,-99,1,-99,-99,-99,,2,,-99,-99,-99,-99,-99,-99,-99,,2,,-99,-99,-99,-99,-99,-99,-99,,4,5,,4,,1,1,vielidad,corrupción,3,9,5,4,4,7,2,2,2,2,5,,2,2,0,0,0,2,,21,1,2,6,1,1,,1,,velle verde
4207,5,3,2,2,,,0,,,0,,,0,1,1,1,1,2,2,2,2,2,2,2,2,2,2,1,1,-99,-99,-99,-99,-99,-99,,-99,1,,7,7,8,3,9,7,7,7,6,9,7,5,7,2,0,,7,5,2,0,,7,3,2,0,,5,5,3,2,0,,1,2,0,,5,4,5,5,3,5,4,9,7,5,7,4,4,4,4,la x,La x,1,1,0,0,1,1,-99,-99,-99,-99,-99,-99,-99,1,-99,-99,-99,,-99,-99,-99,-99,-99,-99,-99,1,-99,-99,-99,,2,,-99,-99,-99,-99,-99,-99,-99,,2,,-99,-99,-99,-99,-99,-99,-99,,4,19,baches,19,iliminacion,1,2,,,3,3,5,5,5,8,2,2,2,2,3,,2,2,0,0,0,2,,41,2,2,8,1,1,,1,,valle verde
4207,5,4,1,2,,,0,,,0,,,0,1,1,1,1,1,1,2,2,1,2,2,1,2,2,1,1,-99,-99,-99,-99,-99,-99,,-99,1,,8,5,3,8,5,5,8,8,8,9,10,9,7,2,0,,9,5,2,0,,9,3,2,0,,4,3,5,2,0,,4,2,0,,6,5,10,9,8,10,5,4,5,5,2,1,4,4,4,la x,La x,1,1,0,0,1,1,-99,-99,-99,-99,-99,-99,-99,1,-99,-99,-99,,-99,-99,-99,-99,-99,-99,-99,1,-99,-99,-99,,2,,-99,-99,-99,-99,-99,-99,-99,,2,,-99,-99,-99,-99,-99,-99,-99,,4,7,,5,,1,2,,,3,9,6,2,4,8,1,1,1,1,1,,2,2,0,0,0,1,,23,1,2,4,1,1,,2,,valle verde
4207,5,4,3,2,,,0,,,0,,,0,1,1,1,2,2,2,2,2,1,2,2,2,2,2,1,-99,-99,1,-99,-99,-99,-99,,-99,3,,8,7,9,5,7,6,10,10,10,10,10,10,7,2,0,,10,5,2,0,,8,3,2,0,,6,7,8,2,0,,9,2,0,,5,5,9,9,8,9,6,3,4,5,3,4,4,4,3,la x,La x,1,2,,,,2,-99,-99,-99,-99,-99,-99,-99,-99,-99,-99,-99,,-99,-99,-99,-99,-99,-99,-99,1,-99,-99,-99,,2,,-99,-99,-99,-99,-99,-99,-99,,2,,-99,-99,-99,-99,-99,-99,-99,,4,4,,3,,1,2,,,4,9,6,5,7,10,1,1,1,1,5,,2,2,0,0,0,1,,72,4,1,2,1,1,,3,,valle verde
4207,5,3,2,2,,,0,,,0,,,0,1,1,1,1,1,1,2,2,2,2,2,2,2,1,1,1,-99,-99,-99,-99,-99,-99,,-99,1,,5,8,8,5,9,8,10,10,10,10,10,7,7,2,0,,8,5,2,0,,6,3,2,0,,5,5,5,2,0,,5,2,0,,5,8,8,7,8,7,1,5,2,3,4,4,4,4,4,catedral,La Catedral,1,2,,,,1,-99,-99,-99,-99,-99,-99,-99,1,-99,-99,-99,,-99,-99,-99,-99,-99,-99,-99,1,-99,-99,-99,,2,,-99,-99,-99,-99,-99,-99,-99,,2,,-99,-99,-99,-99,-99,-99,-99,,4,4,,5,,1,2,,,3,1,5,7,4,9,1,1,1,1,5,,2,2,0,0,0,2,,55,3,2,6,1,2,,3,,vqle verde
4207,5,3,2,2,,,0,,,0,,,0,1,1,1,1,1,1,2,2,1,2,1,2,2,1,1,1,-99,-99,-99,-99,-99,-99,,-99,1,,8,8,7,9,9,9,10,10,8,9,10,9,7,2,0,,10,5,2,0,,9,3,2,0,,9,9,8,2,0,,8,2,0,,8,8,10,10,7,5,9,9,8,7,6,3,2,4,4,ex aduana,El museo de la Ex-Aduana,0,2,,,,1,-99,-99,-99,-99,-99,1,-99,-99,1,1,-99,,-99,-99,-99,-99,-99,1,-99,-99,1,1,-99,,1,9,-99,-99,-99,-99,-99,-99,-99,,1,10,-99,-99,-99,-99,-99,-99,-99,,4,7,,5,,1,2,,,3,9,8,9,9,8,2,1,2,1,6,,2,2,0,0,0,2,,24,1,2,4,1,2,,4,,valle verde
4207,5,3,2,2,,,0,,,0,,,0,1,1,1,1,2,1,2,2,2,2,2,2,2,1,1,1,-99,-99,1,-99,-99,-99,,-99,4,,7,9,9,7,9,9,8,9,9,9,9,9,7,2,0,,8,5,2,0,,9,2,2,0,,5,8,7,2,0,,6,2,0,,8,6,9,9,9,9,6,4,4,4,2,4,4,4,3,la x,La x,1,2,,,,2,-99,-99,-99,-99,-99,-99,-99,-99,-99,-99,-99,,-99,-99,-99,-99,-99,-99,-99,1,-99,-99,-99,,2,,-99,-99,-99,-99,-99,-99,-99,,2,,-99,-99,-99,-99,-99,-99,-99,,4,3,,4,,1,2,,,3,5,7,3,5,7,2,2,2,1,5,,2,2,0,0,0,2,,63,4,8,6,1,1,,1,,valle verde
4207,5,3,2,2,,,0,,,0,,,0,1,1,1,2,1,2,2,2,1,2,2,2,2,2,1,1,-99,-99,-99,-99,-99,-99,,-99,1,,7,9,9,6,5,8,8,8,9,9,10,10,7,2,0,,8,2,1,1,9,9,3,2,0,,8,10,8,2,0,,8,2,0,,7,5,10,10,10,10,9,5,1,9,7,4,4,4,3,la x,La x,1,2,,,,1,1,-99,-99,-99,-99,-99,-99,-99,-99,-99,-99,,-99,-99,-99,-99,-99,-99,-99,1,-99,-99,-99,,2,,-99,-99,-99,-99,-99,-99,-99,,2,,-99,-99,-99,-99,-99,-99,-99,,4,5,,2,,1,2,,,3,9,7,5,8,8,2,1,1,1,3,,2,2,0,0,0,2,,30,2,2,6,1,1,,1,,fraccionamiento velle verd
4207,5,2,3,1,No hay ninguna persona en nivel basico,,3,8,,1,10,,1,1,2,1,2,2,2,2,2,2,2,2,2,2,2,1,1,-99,-99,-99,-99,-99,-99,,-99,1,,5,6,6,5,6,4,10,10,10,5,7,7,7,2,0,,10,3,2,0,,10,3,2,0,,6,8,8,2,0,,4,2,0,,8,4,6,6,6,6,5,3,8,5,5,4,3,3,3,presidencia municipal,La Presidencia,1,2,,,,2,-99,-99,-99,-99,-99,-99,-99,-99,-99,-99,-99,,-99,-99,-99,-99,-99,-99,-99,1,-99,-99,-99,,2,,-99,-99,-99,-99,-99,-99,-99,,2,,-99,-99,-99,-99,-99,-99,-99,,2,2,,15,,2,2,,,2,9,5,8,5,8,2,2,2,1,2,,2,2,0,0,0,1,,43,2,1,8,1,1,,1,,velle verde
4207,5,4,1,2,,,0,,,0,,,0,1,1,1,2,2,2,2,2,2,2,2,2,2,2,1,-99,-99,1,-99,-99,-99,-99,,-99,3,,10,9,8,8,8,5,8,8,8,7,10,8,7,2,0,,10,4,2,0,,10,3,2,0,,8,8,8,2,0,,8,2,0,,8,8,6,6,6,6,6,4,9,5,5,3,4,4,4,la x,La x,0,2,,,,1,1,-99,-99,-99,-99,-99,-99,-99,1,1,-99,,-99,-99,-99,-99,-99,-99,-99,-99,1,1,-99,,1,8,-99,-99,-99,-99,-99,-99,-99,,1,8,-99,-99,-99,-99,-99,-99,-99,,4,6,,2,,1,2,,,2,9,4,7,5,8,2,2,2,2,2,,2,2,0,0,0,1,,60,4,2,2,1,1,,1,,valle verde
4207,5,3,2,1,9,,1,10,,1,8,,1,1,1,1,2,1,1,1,2,2,1,2,1,1,2,1,1,-99,-99,-99,-99,-99,-99,,-99,1,,9,9,6,6,8,8,7,7,9,10,10,9,7,2,0,,9,4,2,0,,10,3,2,0,,6,6,7,2,0,,6,2,0,,7,7,6,5,7,6,5,4,6,6,5,1,5,2,3,la x,La x,1,1,1,0,0,1,-99,-99,-99,-99,-99,-99,-99,1,-99,-99,-99,,-99,-99,-99,-99,-99,-99,-99,1,-99,-99,-99,,2,,-99,-99,-99,-99,-99,-99,-99,,2,,-99,-99,-99,-99,-99,-99,-99,,4,5,,18,,3,1,vialidad y municipal,revisión sin justificación,2,1,3,5,5,6,1,2,2,1,6,,2,2,0,0,0,1,,36,2,2,8,1,1,,1,,valle verde
4207,5,1,3,2,,,0,,,0,,,0,1,1,1,1,2,2,2,2,2,2,2,2,2,2,1,-99,-99,-99,1,-99,-99,-99,,-99,4,,8,8,8,8,7,8,10,10,10,9,10,7,7,2,0,,10,3,2,0,,10,3,2,0,,6,6,6,2,0,,4,2,0,,8,10,6,5,5,5,6,4,8,8,6,4,4,4,4,la x,La x,1,2,,,,1,-99,-99,-99,-99,-99,-99,-99,1,-99,-99,-99,,-99,-99,-99,-99,-99,-99,-99,1,-99,-99,-99,,2,,-99,-99,-99,-99,-99,-99,-99,,2,,-99,-99,-99,-99,-99,-99,-99,,3,3,,4,,1,2,,,2,1,8,7,5,8,2,1,1,2,2,,2,2,0,0,0,2,,65,4,9,6,1,1,,2,,valle verde
4207,5,3,2,1,10,,2,8,,1,10,,1,1,1,1,1,1,1,2,1,2,2,1,1,1,1,1,-99,-99,-99,-99,-99,-99,-99,,1,8,,10,10,10,10,10,9,10,10,10,10,7,7,7,2,0,,10,3,2,0,,10,3,2,0,,7,7,7,2,0,,6,2,0,,9,5,7,7,7,7,8,6,8,6,6,3,4,4,4,la x,La x,3,1,1,1,0,1,-99,-99,-99,-99,-99,-99,-99,1,-99,-99,-99,,-99,-99,-99,-99,-99,-99,-99,1,-99,-99,-99,,2,,-99,-99,-99,-99,-99,-99,-99,,2,,-99,-99,-99,-99,-99,-99,-99,,4,5,,6,,2,2,,,1,3,8,6,7,9,2,2,2,2,2,,2,2,0,0,0,2,,41,2,9,10,1,3,,3,,valle verde
4207,5,2,2,1,10,,1,8,,1,10,,1,1,1,1,1,2,1,2,2,2,2,2,1,2,2,2,-99,-99,-99,-99,-99,-99,1,ICHISAL,-99,7,ICHISAL,4,5,8,3,10,9,8,9,9,7,8,8,7,2,0,,10,4,2,0,,8,3,2,0,,7,8,7,2,0,,5,2,0,,6,4,8,8,8,8,8,3,7,5,4,4,5,5,1,monumento a Benito Juárez,El monumento a Benito Juárez,7,2,,,,2,-99,-99,-99,-99,-99,-99,-99,-99,-99,-99,-99,,-99,-99,-99,-99,-99,-99,-99,1,-99,-99,-99,,2,,-99,-99,-99,-99,-99,-99,-99,,2,,-99,-99,-99,-99,-99,-99,-99,,4,5,,4,,3,2,,,3,3,5,3,8,3,2,2,2,2,6,,1,0,2,2,2,2,,47,3,3,8,1,4,,8,,velle verde
4207,5,2,3,2,,,0,,,0,,,0,1,1,1,1,2,2,2,2,1,2,2,2,2,1,1,1,-99,-99,-99,-99,-99,-99,,-99,1,,6,6,6,3,10,8,7,8,6,9,10,8,7,2,0,,10,3,2,0,,10,3,2,0,,5,7,5,2,0,,8,2,0,,9,5,5,5,5,5,5,6,8,5,4,4,5,5,5,la puerta de entrda a Juárez,Umbral del milenio,1,2,,,,1,-99,-99,-99,-99,-99,1,-99,1,-99,-99,-99,,-99,-99,-99,-99,-99,-99,-99,1,-99,-99,-99,,2,,-99,-99,-99,-99,-99,-99,-99,,2,,-99,-99,-99,-99,-99,-99,-99,,4,2,,5,,1,2,,,1,9,5,5,6,6,2,2,2,2,3,,2,2,0,0,0,1,,40,2,2,8,1,1,,3,,velle verde
4207,5,3,1,2,,,0,,,0,,,0,1,1,1,1,2,1,2,2,1,2,2,2,2,2,1,1,-99,-99,-99,-99,-99,-99,,-99,1,,8,9,9,9,9,8,10,10,10,10,10,6,7,2,0,,10,3,2,0,,10,3,2,0,,8,8,7,2,0,,1,2,0,,8,8,7,8,8,8,8,5,9,5,6,3,5,5,5,la ex aduana,El museo de la Ex-Aduana,3,2,,,,2,-99,-99,-99,-99,-99,-99,-99,-99,-99,-99,-99,,-99,-99,-99,-99,-99,-99,-99,1,-99,-99,-99,,2,,-99,-99,-99,-99,-99,-99,-99,,2,,-99,-99,-99,-99,-99,-99,-99,,4,2,,5,,2,2,,,3,9,7,5,5,8,1,2,2,2,2,,2,2,0,0,0,2,,66,4,8,8,1,4,,4,,valle verde
4207,5,3,1,2,,,0,,,0,,,0,1,1,1,2,2,2,2,2,2,2,2,2,2,2,1,1,-99,-99,-99,-99,-99,-99,,-99,1,,7,7,6,5,9,8,8,8,8,9,10,10,7,2,0,,10,4,2,0,,10,3,2,0,,8,8,5,2,0,,6,2,0,,8,8,8,7,7,7,7,2,9,4,3,2,2,2,2,la x,La x,2,2,,,,2,-99,-99,-99,-99,-99,-99,-99,-99,-99,-99,-99,,-99,-99,-99,-99,-99,-99,-99,1,-99,-99,-99,,2,,-99,-99,-99,-99,-99,-99,-99,,2,,-99,-99,-99,-99,-99,-99,-99,,2,6,,5,,1,2,,,2,1,5,6,6,8,2,2,2,1,6,,2,2,0,0,0,1,,70,4,8,8,1,1,,2,,valle verde
6078,4,3,2,2,,,0,,,0,,,0,1,1,1,2,2,2,2,2,2,2,2,2,2,2,1,-99,-99,-99,-99,1,-99,-99,,-99,5,,10,10,10,8,9,9,8,8,8,8,8,8,7,2,0,,10,5,2,0,,10,3,2,0,,8,8,7,2,0,,4,2,0,,6,9,8,8,5,8,9,0,11,5,4,3,1,1,1,monumento a benito juarez,El monumento a Benito Juárez,1,1,0,0,1,1,1,-99,-99,-99,-99,-99,-99,-99,-99,-99,-99,,-99,-99,-99,-99,-99,-99,-99,1,-99,-99,-99,,2,,-99,-99,-99,-99,-99,-99,-99,,2,,-99,-99,-99,-99,-99,-99,-99,,2,5,,7,,1,2,,,1,2,4,5,3,4,1,2,2,1,1,,2,2,0,0,0,2,,68,4,9,11,1,1,,1,,alamos de san lorenzo
6078,4,4,2,1,8,,1,No hay ninguna persona en educacion media,,3,10,,1,1,1,1,1,2,1,1,2,2,1,2,2,2,1,2,-99,-99,-99,1,-99,-99,1,CENTRO COMUNITARIO,-99,4,,9,9,10,10,10,10,10,10,10,10,8,10,6,1,2,1,10,2,1,2,1,10,3,2,0,,9,9,8,2,0,,7,2,0,,10,10,9,10,10,8,10,10,10,9,9,3,3,3,2,la x,La x,1,2,,,,1,-99,-99,-99,-99,-99,-99,-99,-99,1,1,-99,,-99,-99,-99,-99,-99,-99,-99,1,1,1,-99,,1,8,-99,-99,-99,-99,-99,-99,-99,,1,10,-99,-99,-99,-99,-99,-99,-99,,4,5,,13,,1,1,transito,detenciones injustificadas y abuso de autoridad,2,9,9,8,7,8,2,1,1,1,6,,2,2,0,0,0,2,,20,1,2,9,1,1,,3,,san lorenzo
6078,4,4,1,2,,,0,,,0,,,0,1,1,1,1,2,2,2,2,2,2,2,2,2,1,1,1,-99,-99,-99,-99,-99,-99,,-99,1,,8,8,8,8,8,8,9,9,9,9,8,8,7,2,0,,9,5,2,0,,9,3,2,0,,8,10,8,2,0,,6,2,0,,10,10,9,9,9,9,10,0,7,0,3,4,5,5,5,monumento a juarez,El monumento a Benito Juárez,2,1,0,0,1,2,-99,-99,-99,-99,-99,-99,-99,-99,-99,-99,-99,,-99,-99,-99,-99,-99,-99,-99,1,-99,-99,-99,,2,,-99,-99,-99,-99,-99,-99,-99,,2,,-99,-99,-99,-99,-99,-99,-99,,4,5,,2,,1,2,,,1,1,4,5,6,6,2,1,2,1,1,,2,2,0,0,0,2,,72,4,8,6,1,2,,2,,alamos desan lorenzo
6078,4,3,2,2,,,0,,,0,,,0,1,2,1,2,2,1,2,2,1,2,2,2,2,2,1,-99,-99,-99,-99,1,-99,-99,,-99,5,,10,10,10,10,10,10,10,10,10,10,10,10,7,2,0,,10,4,2,0,,10,3,2,0,,6,10,6,2,0,,2,2,0,,7,9,8,8,8,8,5,3,8,5,6,4,5,5,5,museo de Juan Gabriel,La casa de Juan Gabriel,1,2,,,,2,-99,-99,-99,-99,-99,-99,-99,-99,-99,-99,-99,,-99,-99,-99,-99,-99,-99,-99,1,-99,-99,-99,,2,,-99,-99,-99,-99,-99,-99,-99,,2,,-99,-99,-99,-99,-99,-99,-99,,4,2,,5,,1,2,,,3,2,8,8,8,10,2,2,2,2,7,pavimentación,2,2,0,0,0,2,,86,4,8,6,1,1,,1,,sicomoros
6078,4,3,2,2,,,0,,,0,,,0,1,2,2,1,1,2,2,2,2,2,2,2,2,2,1,1,-99,-99,-99,-99,-99,-99,,-99,1,,9,9,4,8,9,10,10,10,10,10,9,1,5,2,0,,3,3,1,1,6,10,3,2,0,,4,5,6,2,0,,1,2,0,,4,7,3,4,4,4,4,4,8,5,3,4,5,5,5,la x,La x,,2,,,,1,-99,-99,-99,-99,-99,-99,-99,1,-99,-99,-99,,-99,-99,-99,-99,-99,-99,-99,1,-99,-99,-99,,2,,-99,-99,-99,-99,-99,-99,-99,,2,,-99,-99,-99,-99,-99,-99,-99,,4,5,,7,,1,2,,,1,9,4,6,4,6,2,2,2,2,2,,2,2,0,0,0,1,,35,2,9,9,1,1,,1,,si comoros
6078,4,3,2,2,,,0,,,0,,,0,1,1,1,2,1,1,2,1,2,1,1,2,1,1,1,1,-99,-99,-99,-99,-99,-99,,-99,1,,2,3,1,1,5,8,9,9,9,9,7,7,7,1,1,7,8,4,2,0,,10,3,2,0,,7,7,7,2,0,,7,2,0,,8,6,6,7,8,7,8,8,8,7,6,2,5,3,3,la x,La x,2,1,0,0,1,1,-99,-99,-99,-99,-99,-99,-99,1,-99,-99,-99,,-99,-99,-99,-99,-99,-99,-99,1,-99,-99,-99,,2,,-99,-99,-99,-99,-99,-99,-99,,2,,-99,-99,-99,-99,-99,-99,-99,,3,4,,7,,3,1,conciliación,,2,8,7,5,7,6,2,2,2,2,7,pavimentada,2,2,0,0,0,1,,41,2,2,8,1,19,,19,,sicomoros
6078,4,1,3,2,,,0,,,0,,,0,1,2,1,1,2,2,2,2,1,2,2,2,2,2,1,1,-99,-99,-99,-99,-99,-99,,-99,1,,8,8,8,8,10,7,10,10,10,10,10,10,7,2,0,,10,5,2,0,,10,3,2,0,,8,10,8,2,0,,3,2,0,,10,6,7,7,7,5,8,3,8,7,7,1,4,4,4,monumento a Benito Juárez,El monumento a Benito Juárez,2,2,,,,2,-99,-99,-99,-99,-99,-99,-99,-99,-99,-99,-99,,-99,-99,-99,-99,-99,-99,-99,1,-99,-99,-99,,2,,-99,-99,-99,-99,-99,-99,-99,,2,,-99,-99,-99,-99,-99,-99,-99,,4,5,,7,,1,2,,,2,1,9,8,1,10,1,1,2,1,3,,2,2,0,0,0,1,,85,4,1,4,1,1,,1,,sicomoro
6078,4,3,2,2,,,0,,,0,,,0,1,1,1,1,2,1,1,1,1,1,1,1,2,2,1,-99,-99,-99,-99,1,-99,-99,,-99,5,,7,9,9,8,9,10,10,10,10,10,8,10,7,2,0,,10,5,2,0,,7,3,2,0,,9,9,7,2,0,,4,2,0,,9,9,3,9,9,1,7,8,1,7,5,4,4,4,4,la x,La x,1,1,0,0,4,1,-99,-99,-99,-99,-99,-99,-99,1,-99,-99,-99,,-99,-99,-99,-99,-99,-99,-99,1,-99,-99,-99,,2,,-99,-99,-99,-99,-99,-99,-99,,2,,-99,-99,-99,-99,-99,-99,-99,,4,5,,2,,1,2,,,3,9,2,2,5,10,2,1,1,2,5,,2,2,0,0,0,1,,39,2,1,8,1,1,,1,,wlamos de san lorenzo
6078,4,3,2,2,,,0,,,0,,,0,1,1,1,1,1,1,2,2,2,2,2,2,2,2,1,1,-99,-99,1,-99,-99,-99,,-99,4,,7,5,4,5,7,4,10,10,9,10,7,5,7,2,0,,9,5,2,0,,8,3,2,0,,6,6,5,2,0,,6,2,0,,4,5,7,3,3,1,5,3,3,4,6,4,4,3,4,la x,La x,1,2,,,,1,-99,-99,-99,-99,-99,-99,-99,1,-99,-99,-99,,-99,-99,-99,-99,-99,-99,-99,1,-99,-99,-99,,2,,-99,-99,-99,-99,-99,-99,-99,,2,,-99,-99,-99,-99,-99,-99,-99,,4,5,,4,,3,2,,,2,9,6,4,5,5,1,1,1,1,1,,2,2,0,0,0,2,,65,4,8,4,1,1,,1,,alamoe de san lorenso
6078,4,3,2,1,No hay ninguna persona en nivel basico,,3,No hay ninguna persona en educacion media,,3,10,,1,1,1,1,2,2,1,2,2,2,2,1,2,2,2,1,-99,1,1,-99,-99,-99,-99,,-99,2,,8,10,8,10,10,5,10,10,10,10,10,10,7,2,0,,10,5,2,0,,10,3,2,0,,8,10,9,2,0,,9,2,0,,9,10,10,10,10,3,8,1,1,8,4,4,4,4,4,la x,La x,2,1,0,0,1,1,-99,-99,-99,-99,-99,-99,-99,1,-99,-99,-99,,-99,-99,-99,-99,-99,-99,-99,1,-99,-99,-99,,2,,-99,-99,-99,-99,-99,-99,-99,,2,,-99,-99,-99,-99,-99,-99,-99,,4,4,,5,,1,2,,,3,9,10,9,8,10,2,2,2,2,6,,2,2,0,0,0,2,,62,4,2,6,1,1,,1,,wlamo de san Lorenzo
6078,4,3,2,2,,,0,,,0,,,0,1,1,1,2,2,2,2,2,2,2,2,2,2,2,1,-99,1,-99,-99,-99,-99,-99,,-99,2,,8,7,6,8,8,8,8,8,10,10,10,6,7,2,0,,9,5,2,0,,10,3,2,0,,6,5,5,2,0,,7,2,0,,5,7,9,9,9,4,4,4,5,8,4,4,4,3,3,los caballos,Monumento Los indomables,1,2,,,,2,-99,-99,-99,-99,-99,-99,-99,-99,-99,-99,-99,,-99,-99,-99,-99,-99,-99,-99,1,-99,-99,-99,,2,,-99,-99,-99,-99,-99,-99,-99,,2,,-99,-99,-99,-99,-99,-99,-99,,4,4,,5,,1,1,medicos,desigualdad,3,2,7,7,6,7,1,1,1,1,1,,2,2,0,0,0,1,,59,3,1,8,1,1,,1,,alamos san la Lorenzo
6078,4,4,1,1,10,,1,No hay ninguna persona en educacion media,,3,No hay ninguna persona en educacion superior,,3,1,1,1,1,1,2,2,2,2,2,2,2,2,2,1,-99,-99,-99,-99,-99,1,-99,,-99,6,,,,,,,,9,9,9,10,10,10,7,2,0,,10,5,2,0,,10,3,2,0,,8,10,9,2,0,,4,2,0,,10,10,9,8,5,6,6,0,8,10,0,1,5,5,5,la x,La x,0,2,,,,1,-99,-99,-99,-99,-99,-99,-99,-99,1,-99,1,rait,-99,-99,-99,-99,-99,1,-99,-99,1,-99,-99,,1,8,-99,-99,-99,-99,-99,-99,-99,,2,,-99,-99,-99,-99,-99,-99,-99,,4,5,,7,,1,1,municipal,acoso,5,10,7,4,6,10,1,1,1,1,7,las calles,2,2,0,0,0,2,,41,2,2,5,1,2,,3,,los echeve
6078,4,2,3,2,,,0,,,0,,,0,1,1,1,1,2,1,1,1,1,1,1,1,1,1,1,1,-99,-99,-99,-99,-99,-99,,-99,1,,2,2,5,7,6,3,10,9,9,10,10,10,7,2,0,,10,5,2,0,,10,3,2,0,,10,10,4,2,0,,7,2,0,,10,10,7,8,2,7,9,1,0,2,0,4,5,5,5,la x,La x,1,2,,,,2,-99,-99,-99,-99,-99,-99,-99,-99,-99,-99,-99,,-99,-99,-99,-99,-99,-99,-99,1,1,-99,-99,,1,3,-99,-99,-99,-99,-99,-99,1,camipnes cerca,2,,-99,-99,-99,-99,-99,-99,-99,,4,15,,5,,1,1,policia,indiferencia,1,6,4,3,6,7,2,1,1,2,3,,2,2,0,0,0,1,,59,3,1,6,1,1,,1,,alamos de sl
6078,4,2,3,2,,,0,,,0,,,0,1,1,1,1,2,2,1,1,1,1,1,1,1,1,1,1,-99,-99,-99,-99,-99,-99,,-99,1,,4,4,4,1,8,10,8,10,10,10,10,10,7,2,0,,10,5,2,0,,10,3,2,0,,7,10,9,2,0,,2,2,0,,10,10,5,5,10,5,0,0,9,9,0,4,5,5,5,la x,La x,1,2,,,,2,-99,-99,-99,-99,-99,-99,-99,-99,-99,-99,-99,,-99,-99,-99,-99,-99,-99,-99,1,-99,-99,-99,,2,,-99,-99,-99,-99,-99,-99,-99,,2,,-99,-99,-99,-99,-99,-99,-99,,4,5,,15,,1,2,,,5,9,5,7,8,8,2,2,2,2,7,pavimnto,2,2,0,0,0,1,,43,2,1,6,1,1,,2,,san lorenzo
6078,4,4,1,1,10,,1,8,,2,No hay ninguna persona en educacion superior,,3,1,1,2,1,2,2,2,2,2,2,2,2,2,2,1,-99,-99,-99,-99,-99,1,-99,,-99,6,,,,,,,,9,8,9,7,10,8,7,2,0,,10,5,2,0,,10,3,2,0,,8,7,9,2,0,,5,2,0,,8,10,8,6,5,5,8,7,7,8,0,2,2,4,2,la x,La x,0,2,,,,1,-99,-99,-99,-99,-99,-99,-99,-99,1,-99,-99,,-99,-99,-99,-99,-99,1,-99,-99,1,-99,-99,,1,9,-99,-99,-99,-99,-99,-99,-99,,2,,-99,-99,-99,-99,-99,-99,-99,,4,18,,5,,3,2,,,3,9,4,5,4,6,2,2,2,2,7,pavimento,2,2,0,0,0,2,,19,1,2,4,1,2,,2,,los echeve
6078,4,3,2,2,,,0,,,0,,,0,1,1,1,1,2,2,2,2,2,2,1,1,1,1,1,-99,-99,-99,1,1,-99,-99,,-99,4,,7,6,7,6,7,8,10,9,9,9,9,8,7,2,0,,10,5,2,0,,8,3,2,0,,8,8,4,2,0,,7,2,0,,7,10,9,9,9,9,0,0,0,5,5,4,5,5,5,x,La x,1,2,,,,2,-99,-99,-99,-99,-99,-99,-99,-99,-99,-99,-99,,-99,-99,-99,-99,-99,-99,-99,1,-99,-99,-99,,2,,-99,-99,-99,-99,-99,-99,-99,,2,,-99,-99,-99,-99,-99,-99,-99,,4,2,,5,,1,2,,,3,2,5,6,7,6,2,1,1,1,1,,2,2,0,0,0,1,,42,2,1,4,1,3,,4,,alamos de san lorenzo
6078,4,3,2,2,,,0,,,0,,,0,1,1,1,1,1,1,1,1,2,2,2,2,2,2,2,1,-99,-99,-99,-99,-99,-99,,-99,1,,8,9,9,6,8,8,10,8,8,9,9,9,7,2,0,,9,5,2,0,,10,3,2,0,,8,9,8,2,0,,8,2,0,,7,9,10,10,9,10,8,0,0,7,3,4,5,5,5,mpnumrnto,El monumento a Benito Juárez,1,2,,,,1,-99,-99,-99,-99,-99,-99,-99,1,-99,-99,-99,,-99,-99,-99,-99,-99,-99,-99,1,-99,-99,-99,,2,,-99,-99,-99,-99,-99,-99,-99,,2,,-99,-99,-99,-99,-99,-99,-99,,4,2,,3,,1,2,,,1,2,8,8,8,8,2,1,1,1,1,,2,2,0,0,0,2,,70,4,8,4,1,1,,3,,charro
6078,4,3,2,2,,,0,,,0,,,0,1,1,1,1,2,1,2,1,1,1,1,1,1,2,2,1,-99,-99,-99,-99,-99,-99,,-99,1,,10,9,8,8,8,9,10,8,9,9,8,8,7,2,0,,9,5,2,0,,8,3,2,0,,8,9,9,2,0,,8,2,0,,8,10,9,9,9,9,6,0,0,7,5,3,5,5,5,monumrnto,El monumento a Benito Juárez,1,2,,,,2,-99,-99,-99,-99,-99,-99,-99,-99,-99,-99,-99,,-99,-99,-99,-99,-99,-99,-99,1,-99,-99,-99,,2,,-99,-99,-99,-99,-99,-99,-99,,2,,-99,-99,-99,-99,-99,-99,-99,,1,1,,3,,1,2,,,2,2,6,7,7,9,2,2,2,2,1,,2,2,0,0,0,2,,68,4,8,10,1,2,,3,,alamos fe san lorenzo
6078,4,3,2,1,9,,2,No hay ninguna persona en educacion media,,3,No hay ninguna persona en educacion superior,,3,1,1,1,1,2,1,2,1,1,1,1,1,1,2,2,-99,-99,-99,-99,1,-99,-99,,-99,5,,9,9,8,8,8,8,10,10,9,10,8,6,7,2,0,,10,5,2,0,,8,3,2,0,,7,8,8,2,0,,8,2,0,,7,8,9,2,9,9,7,0,0,6,5,4,5,5,5,la catedral,La Catedral,1,1,2,0,0,1,-99,-99,-99,-99,-99,-99,-99,1,-99,-99,-99,,-99,-99,-99,-99,-99,-99,-99,1,-99,-99,-99,,2,,-99,-99,-99,-99,-99,-99,-99,,2,,-99,-99,-99,-99,-99,-99,-99,,4,2,,5,,1,1,policia,la robaron,2,2,6,7,8,8,2,1,2,1,4,,2,2,0,0,0,1,,57,3,9,8,1,1,,3,,alamos de san lorenzo
3529,4,4,2,2,,,0,,,0,,,0,1,1,1,1,2,1,2,1,1,1,2,2,2,2,2,-99,-99,-99,1,-99,-99,-99,,-99,4,,9,9,8,8,11,8,10,9,9,9,9,5,7,2,0,,9,5,2,0,,9,3,2,0,,8,6,8,2,0,,8,2,0,,7,8,7,7,8,8,6,0,7,6,6,4,5,5,5,x,La x,0,2,,,,1,-99,-99,-99,-99,-99,1,-99,-99,-99,-99,-99,,-99,-99,-99,-99,-99,1,-99,-99,-99,-99,-99,,2,,-99,-99,-99,-99,-99,-99,-99,,2,,-99,-99,-99,-99,-99,-99,-99,,4,2,,5,,1,2,,,3,2,8,6,7,8,1,1,2,1,1,,2,2,0,0,0,1,,21,1,9,9,1,2,,3,,fovists
3529,4,4,1,1,No hay ninguna persona en nivel basico,,3,No hay ninguna persona en educacion media,,3,8,,1,1,1,1,1,2,1,1,1,2,2,2,2,2,2,2,1,-99,-99,1,-99,-99,-99,,-99,4,,9,7,8,8,8,8,10,9,9,9,8,8,7,2,0,,10,5,2,0,,8,3,2,0,,8,8,8,2,0,,7,2,0,,8,9,6,6,6,6,4,0,8,7,6,4,5,5,5,parque central y la rodadora,El Parque Central,1,1,0,1,0,2,-99,-99,-99,-99,-99,-99,-99,-99,-99,-99,-99,,-99,-99,-99,-99,-99,-99,-99,1,-99,-99,-99,,2,,-99,-99,-99,-99,-99,-99,-99,,2,,-99,-99,-99,-99,-99,-99,-99,,4,3,,5,,1,2,,,5,9,6,6,6,8,2,1,2,1,1,,2,2,0,0,0,1,,20,1,5,9,1,1,,2,,govisyr
3529,4,3,2,2,,,0,,,0,,,0,1,2,1,1,1,1,1,1,1,1,1,1,2,1,2,1,-99,-99,1,-99,-99,-99,,-99,4,,9,9,8,9,9,9,10,8,10,10,9,9,7,2,0,,9,5,2,0,,9,3,2,0,,8,9,8,2,0,,7,2,0,,8,9,6,7,7,7,7,0,8,9,8,4,3,3,3,x,La x,1,1,2,2,2,1,-99,-99,-99,-99,-99,-99,-99,1,-99,-99,-99,,-99,-99,-99,-99,-99,-99,-99,1,-99,-99,-99,,2,,-99,-99,-99,-99,-99,-99,-99,,2,,-99,-99,-99,-99,-99,-99,-99,,4,5,,6,,2,2,,,2,9,6,6,6,8,1,1,1,1,1,,2,2,0,0,0,2,,50,3,7,11,1,3,,4,,foviste
3529,4,3,2,2,,,0,,,0,,,0,1,1,1,1,1,1,2,2,2,2,2,1,1,1,1,-99,-99,-99,-99,-99,1,-99,,-99,6,,,,,,,,9,9,9,10,9,10,7,2,0,,9,5,2,0,,10,3,2,0,,7,10,7,2,0,,3,2,0,,9,10,8,7,7,7,10,0,9,10,0,4,2,2,2,la x,La x,1,2,,,,2,-99,-99,-99,-99,-99,-99,-99,-99,-99,-99,-99,,-99,-99,-99,-99,-99,-99,-99,1,-99,-99,-99,,2,,-99,-99,-99,-99,-99,-99,-99,,2,,-99,-99,-99,-99,-99,-99,-99,,4,5,,8,,1,2,,,1,9,8,4,4,8,2,2,2,2,7,perros calleeros,2,2,0,0,0,2,,23,1,4,6,1,1,,2,,cobiste
3529,4,3,2,2,,,0,,,0,,,0,1,2,2,2,2,2,2,2,2,2,2,2,2,2,2,1,-99,-99,-99,-99,-99,-99,,-99,1,,8,8,4,8,6,9,7,9,10,10,10,9,7,2,0,,10,5,2,0,,9,3,2,0,,10,9,8,2,0,,6,2,0,,8,10,10,4,10,7,9,0,10,8,1,4,5,5,4,catedral,La Catedral,2,2,,,,2,-99,-99,-99,-99,-99,-99,-99,-99,-99,-99,-99,,-99,-99,-99,-99,-99,-99,-99,1,-99,-99,-99,,2,,-99,-99,-99,-99,-99,-99,-99,,2,,-99,-99,-99,-99,-99,-99,-99,,4,5,,4,,1,2,,,1,1,7,7,9,9,2,2,2,2,2,,2,2,0,0,0,2,,68,4,8,10,1,4,med,4,med,fobiste
3529,4,2,3,1,8,,1,No hay ninguna persona en educacion media,,3,No hay ninguna persona en educacion superior,,3,1,1,1,1,2,2,2,2,1,1,1,1,1,1,1,-99,-99,-99,-99,-99,1,-99,,-99,6,,,,,,,,9,9,10,10,10,10,7,2,0,,8,4,2,0,,9,3,2,0,,9,10,9,2,0,,8,2,0,,9,10,8,8,8,8,8,8,9,9,0,4,5,5,5,la x,La x,1,2,,,,1,-99,-99,-99,-99,-99,-99,-99,1,-99,-99,-99,,-99,-99,-99,-99,-99,-99,-99,1,-99,-99,-99,,2,,-99,-99,-99,-99,-99,-99,-99,,2,,-99,-99,-99,-99,-99,-99,-99,,3,5,,15,,1,2,,,3,5,5,4,4,8,2,2,2,2,7,bajo presion de aga,2,2,0,0,0,2,,62,4,2,6,1,2,,3,,coabiste
3529,4,3,2,2,,,0,,,0,,,0,2,1,1,2,2,2,2,2,2,2,2,2,2,2,1,-99,1,-99,-99,-99,-99,-99,,-99,2,,8,8,9,8,10,10,9,8,9,10,10,9,7,2,0,,9,5,2,0,,10,3,2,0,,3,7,8,2,0,,8,2,0,,8,10,8,8,5,8,9,0,8,9,0,4,5,5,5,la ex aduana,El museo de la Ex-Aduana,1,2,,,,2,-99,-99,-99,-99,-99,-99,-99,-99,-99,-99,-99,,-99,-99,-99,-99,-99,-99,-99,1,-99,-99,-99,,2,,-99,-99,-99,-99,-99,-99,-99,,2,,-99,-99,-99,-99,-99,-99,-99,,4,5,,9,,1,2,,,3,5,8,8,8,9,2,2,2,2,2,,2,2,0,0,0,2,,79,4,1,7,1,4,med,4,,fonabi
3529,4,3,2,1,8,,1,8,,1,10,,1,1,1,1,2,2,2,1,2,1,2,2,2,2,2,1,1,-99,-99,-99,-99,-99,-99,,-99,1,,5,8,9,4,10,8,10,10,10,9,7,8,7,2,0,,10,5,2,0,,10,3,2,0,,8,8,8,2,0,,3,2,0,,8,5,5,4,4,4,4,3,9,8,4,1,1,1,1,benito Juárez,El monumento a Benito Juárez,0,1,0,0,2,2,-99,-99,-99,-99,-99,-99,-99,-99,-99,-99,-99,,1,-99,-99,-99,-99,-99,-99,1,-99,-99,-99,,2,,-99,-99,-99,-99,-99,-99,-99,,2,,-99,-99,-99,-99,-99,-99,-99,,1,2,,5,,1,2,,,3,1,8,5,3,9,1,1,2,2,2,,2,2,0,0,0,1,,70,4,8,6,1,1,,1,,foviste
3529,4,3,2,2,,,0,,,0,,,0,1,1,1,1,2,2,2,2,2,2,1,2,2,2,1,-99,-99,-99,1,-99,-99,-99,,-99,4,,8,8,8,7,7,8,8,9,9,9,10,6,7,2,0,,10,3,2,0,,10,3,2,0,,7,10,8,2,0,,4,2,0,,7,6,9,9,9,9,8,5,8,5,4,1,2,2,2,la x,La x,1,2,,,,1,-99,-99,-99,-99,-99,1,-99,-99,-99,-99,-99,,-99,-99,-99,-99,-99,-99,-99,1,-99,-99,-99,,2,,-99,-99,-99,-99,-99,-99,-99,,2,,-99,-99,-99,-99,-99,-99,-99,,2,5,,9,,2,2,,,2,9,8,6,5,9,2,2,1,1,2,,2,2,0,0,0,2,,49,3,2,5,1,1,,2,,foviste
3529,4,3,2,2,,,0,,,0,,,0,1,1,2,2,2,2,2,2,2,2,2,2,2,2,1,1,-99,-99,-99,-99,-99,-99,,-99,1,,1,5,5,5,10,5,10,10,10,10,6,5,7,2,0,,5,4,1,2,5,10,3,2,0,,5,9,5,2,0,,1,2,0,,5,5,1,2,6,3,4,1,8,5,5,1,1,3,1,la x,La x,3,2,,,,2,-99,-99,-99,-99,-99,-99,-99,-99,-99,-99,-99,,-99,-99,-99,-99,-99,-99,-99,1,-99,-99,-99,,2,,-99,-99,-99,-99,-99,-99,-99,,2,,-99,-99,-99,-99,-99,-99,-99,,1,5,,7,,1,1,trancito,robo,3,9,2,6,5,8,2,2,2,2,2,,2,2,0,0,0,2,,56,3,2,6,1,1,,1,,foviste
3529,4,3,3,2,,,0,,,0,,,0,1,1,1,1,2,2,2,2,1,2,2,1,1,2,1,-99,1,-99,-99,-99,-99,-99,,-99,2,,8,7,8,8,10,9,10,10,8,10,6,6,7,2,0,,10,4,2,0,,10,3,2,0,,8,8,7,2,0,,6,2,0,,8,8,8,8,8,8,9,3,8,5,5,4,5,5,5,benito Juárez,El monumento a Benito Juárez,1,2,,,,2,-99,-99,-99,-99,-99,-99,-99,-99,-99,-99,-99,,-99,-99,-99,-99,-99,-99,-99,1,-99,-99,-99,,2,,-99,-99,-99,-99,-99,-99,-99,,2,,-99,-99,-99,-99,-99,-99,-99,,4,5,,2,,1,2,,,2,4,7,8,8,8,2,2,2,2,2,,2,2,0,0,0,2,,68,4,8,5,1,1,,1,,foviste
3529,4,4,3,2,,,0,,,0,,,0,1,2,2,1,1,2,2,2,2,2,2,2,2,1,2,-99,-99,-99,-99,-99,1,-99,,-99,6,,,,,,,,5,5,8,5,8,8,7,2,0,,8,5,2,0,,10,3,2,0,,9,8,6,2,0,,3,2,0,,7,7,7,7,8,8,7,0,0,0,5,1,4,4,4,benito juarez,El monumento a Benito Juárez,0,1,0,0,1,1,-99,1,-99,-99,-99,-99,-99,-99,1,-99,-99,,-99,-99,-99,-99,-99,-99,-99,-99,1,-99,-99,,1,5,1,1,-99,1,-99,-99,-99,,2,,-99,-99,-99,-99,-99,-99,-99,,4,5,,18,,1,1,fiscalia,tuve un accidente y no me dieron la atencion,1,1,6,7,7,5,2,1,1,1,2,,2,2,0,0,0,2,,51,3,2,4,1,1,,1,,los bosques
3529,4,3,2,2,,,0,,,0,,,0,1,1,1,1,2,1,2,2,1,2,2,2,2,1,1,1,-99,-99,-99,1,-99,-99,,-99,5,,8,8,8,8,8,8,10,9,10,10,7,5,7,1,1,7,7,5,2,0,,8,3,2,0,,7,8,6,2,0,,2,2,0,,8,8,8,8,8,8,8,0,11,6,6,1,1,3,4,la x,La x,1,1,0,0,1,1,-99,-99,-99,-99,-99,-99,-99,1,-99,-99,-99,,-99,-99,-99,-99,-99,-99,-99,1,-99,-99,-99,,2,,-99,-99,-99,-99,-99,-99,-99,,2,,-99,-99,-99,-99,-99,-99,-99,,4,5,,7,,1,2,,,1,9,7,3,7,8,1,1,1,1,2,,2,2,0,0,0,2,,50,3,9,6,1,2,,2,,los bosques
3529,4,4,1,2,,,0,,,0,,,0,1,1,1,1,2,2,2,2,2,2,2,2,2,2,1,1,1,-99,-99,-99,-99,-99,,-99,1,,8,7,7,7,10,10,10,9,9,9,8,8,7,2,0,,8,2,2,0,,8,3,2,0,,7,5,7,2,0,,7,2,0,,7,7,7,7,7,7,5,7,7,5,6,4,5,5,5,el monumento a juarez,El monumento a Benito Juárez,1,2,,,,2,-99,-99,-99,-99,-99,-99,-99,-99,-99,-99,-99,,-99,-99,-99,-99,-99,-99,-99,1,-99,-99,-99,,2,,-99,-99,-99,-99,-99,-99,-99,,2,,-99,-99,-99,-99,-99,-99,-99,,4,5,,2,,1,2,,,3,1,7,7,5,6,1,1,1,1,1,,2,2,0,0,0,2,,69,4,8,4,1,2,,2,,fovist sur
3529,4,5,1,2,,,0,,,0,,,0,1,1,1,1,2,2,2,2,2,2,2,2,2,2,1,-99,1,-99,-99,-99,-99,-99,,-99,2,,9,9,4,10,9,9,10,10,10,10,10,10,7,2,0,,10,5,2,0,,10,3,2,0,,6,10,8,2,0,,5,2,0,,6,10,10,10,10,10,10,0,8,8,0,3,5,5,5,la puerta,Umbral del milenio,2,1,0,0,1,2,-99,-99,-99,-99,-99,-99,-99,-99,-99,-99,-99,,-99,-99,-99,-99,-99,-99,-99,1,-99,-99,-99,,2,,-99,-99,-99,-99,-99,-99,-99,,2,,-99,-99,-99,-99,-99,-99,-99,,4,13,,5,,1,2,,,1,1,8,7,7,9,2,2,2,2,7,ninguna,2,2,0,0,0,2,,62,4,8,4,1,2,,2,,foviste sur
3529,4,2,2,1,8,,2,No hay ninguna persona en educacion media,,3,9,,1,1,1,1,1,1,1,2,1,1,1,2,2,1,1,1,-99,1,-99,-99,-99,-99,-99,,-99,2,,7,5,7,8,9,8,10,10,10,10,7,5,7,2,0,,9,5,2,0,,8,3,2,0,,8,8,6,1,1,9,8,2,0,,6,7,9,9,6,5,8,1,6,6,6,3,2,4,3,la x,La x,3,2,,,,1,-99,-99,-99,-99,-99,-99,-99,1,-99,-99,-99,,-99,-99,-99,-99,-99,-99,-99,1,-99,-99,-99,,2,,-99,-99,-99,-99,-99,-99,-99,,2,,-99,-99,-99,-99,-99,-99,-99,,4,3,,5,,2,1,vialidad,abuso d sutoridad,1,9,4,3,4,5,2,2,1,1,5,,1,0,1,1,1,1,,41,2,3,8,1,3,,5,,los lagos
3529,4,4,2,2,,,0,,,0,,,0,1,1,1,2,2,1,2,1,1,1,2,2,2,1,1,1,-99,-99,-99,-99,-99,-99,,-99,1,,10,10,10,10,9,9,10,10,10,10,10,9,7,2,0,,10,5,2,0,,9,2,2,0,,9,7,8,2,0,,9,2,0,,8,8,10,10,3,3,8,5,8,8,10,4,4,4,2,centro histórico,El centro,2,2,,,,1,-99,-99,-99,-99,-99,-99,-99,1,-99,-99,-99,,-99,-99,-99,-99,-99,-99,-99,1,-99,-99,-99,,2,,-99,-99,-99,-99,-99,-99,-99,,2,,-99,-99,-99,-99,-99,-99,-99,,4,5,,2,,2,2,,,4,1,5,5,8,8,2,2,1,2,2,,2,2,0,0,0,2,,40,2,2,8,1,4,,4,,fofiste sur
3529,4,3,3,2,,,0,,,0,,,0,1,1,1,1,1,1,1,1,1,1,1,1,1,1,1,1,-99,-99,-99,-99,-99,-99,,-99,1,,6,10,10,9,10,10,8,9,9,10,10,10,7,2,0,,6,5,2,0,,9,3,2,0,,4,10,8,2,0,,8,2,0,,8,7,10,10,8,6,8,8,6,6,9,4,4,3,4,monumento,El monumento a Benito Juárez,1,1,0,0,1,2,-99,-99,-99,-99,-99,-99,-99,-99,-99,-99,-99,,-99,1,-99,-99,-99,-99,-99,-99,-99,-99,-99,,2,,-99,-99,-99,-99,-99,-99,-99,,2,,-99,-99,-99,-99,-99,-99,-99,,4,4,,3,,3,2,,,4,5,5,3,8,9,1,1,1,1,5,,2,2,0,0,0,1,,22,1,4,6,1,1,,1,,fraccionamiento deel sur
3529,4,4,2,2,,,0,,,0,,,0,1,1,1,1,2,2,2,2,2,2,2,2,2,2,1,1,-99,-99,-99,-99,-99,-99,,-99,1,,8,8,9,8,9,8,6,9,8,8,8,9,7,2,0,,8,5,2,0,,8,3,2,0,,5,9,7,2,0,,9,2,0,,8,8,10,10,10,4,9,6,9,6,9,4,4,4,4,la x,La x,0,1,0,0,1,2,-99,-99,-99,-99,-99,-99,-99,-99,-99,-99,-99,,-99,1,-99,-99,-99,-99,-99,-99,-99,-99,-99,,2,,-99,-99,-99,-99,-99,-99,-99,,2,,-99,-99,-99,-99,-99,-99,-99,,4,9,,5,,4,2,,,3,9,7,7,8,8,2,1,1,1,5,,2,2,0,0,0,1,,32,2,4,4,1,1,,1,,fraccionamiento d el sur
3660,4,3,2,2,,,0,,,0,,,0,1,1,1,1,2,1,2,2,2,2,2,2,2,2,1,1,-99,-99,1,-99,-99,-99,,-99,4,,7,7,8,7,8,9,6,8,8,8,7,7,7,2,0,,9,5,2,0,,8,3,2,0,,8,6,7,2,0,,7,2,0,,8,6,9,9,9,7,8,5,3,4,5,4,4,4,3,la x,La x,1,2,,,,1,-99,-99,-99,-99,-99,-99,-99,1,-99,-99,-99,,-99,-99,-99,-99,-99,-99,-99,1,-99,-99,-99,,2,,-99,-99,-99,-99,-99,-99,-99,,2,,-99,-99,-99,-99,-99,-99,-99,,4,2,,5,,3,2,,,4,9,5,3,7,10,2,2,2,2,5,,2,2,0,0,0,2,,60,4,2,11,1,1,,1,,barrial
3660,4,3,2,2,,,0,,,0,,,0,1,1,1,1,2,1,1,1,2,2,2,2,2,1,1,1,-99,-99,-99,-99,-99,-99,,-99,1,,8,8,8,6,2,9,8,8,9,10,6,9,6,2,0,,8,5,2,0,,8,3,2,0,,7,8,8,2,0,,7,2,0,,4,8,9,9,9,9,6,6,8,4,5,4,4,4,4,la x,La x,1,2,,,,2,-99,-99,-99,-99,-99,-99,-99,-99,-99,-99,-99,,-99,-99,-99,-99,-99,-99,-99,1,-99,-99,-99,,2,,-99,-99,-99,-99,-99,-99,-99,,2,,-99,-99,-99,-99,-99,-99,-99,,4,6,,2,,1,2,,,5,9,5,2,4,6,2,2,2,2,5,,2,2,0,0,0,2,,70,4,8,8,1,1,,1,,el barrial
3660,4,2,2,2,,,0,,,0,,,0,1,2,1,2,2,2,2,2,2,2,2,2,2,2,2,-99,-99,-99,-99,1,-99,-99,,-99,5,,8,7,8,10,9,10,10,9,10,9,9,5,7,2,0,,9,5,2,0,,10,3,2,0,,9,7,8,2,0,,1,2,0,,6,7,8,10,10,11,9,4,4,6,7,1,4,4,4,la x,La x,1,2,,,,2,-99,-99,-99,-99,-99,-99,-99,-99,-99,-99,-99,,-99,-99,-99,-99,-99,-99,-99,1,-99,-99,-99,,2,,-99,-99,-99,-99,-99,-99,-99,,2,,-99,-99,-99,-99,-99,-99,-99,,4,3,,4,,1,2,,,4,9,5,2,3,8,2,2,2,2,2,,2,2,0,0,0,1,,38,2,1,11,1,1,,1,,el barrial
3660,4,2,1,2,,,0,,,0,,,0,1,1,1,2,2,2,2,2,2,1,2,1,2,2,1,-99,-99,-99,-99,-99,-99,-99,,1,8,,10,10,10,10,10,10,10,8,10,10,10,10,7,2,0,,10,5,2,0,,10,3,2,0,,7,10,10,2,0,,6,2,0,,10,11,0,0,0,0,11,9,11,7,7,4,3,4,4,plaza el eriodiste,OTRO,1,2,,,,1,-99,-99,-99,1,-99,-99,-99,-99,-99,-99,-99,,-99,-99,-99,-99,-99,-99,-99,1,-99,-99,-99,,2,,-99,-99,-99,-99,-99,-99,-99,,2,,-99,-99,-99,-99,-99,-99,-99,,4,6,,4,,1,2,,,3,2,7,4,7,8,1,1,1,1,5,,2,2,0,0,0,2,,43,2,4,6,1,1,,1,,el barrial
3660,4,2,2,1,No hay ninguna persona en nivel basico,,3,No hay ninguna persona en educacion media,,3,8,,1,1,1,1,1,2,2,2,2,2,2,2,2,2,1,1,-99,-99,-99,-99,1,-99,-99,,-99,5,,8,8,8,7,8,8,8,8,9,10,7,8,7,2,0,,9,5,2,0,,9,3,2,0,,9,9,9,2,0,,7,2,0,,8,6,6,7,6,6,7,11,11,8,9,4,5,5,5,monumento a Benito juarez,El monumento a Benito Juárez,3,2,,,,1,-99,-99,-99,-99,-99,-99,-99,1,-99,-99,-99,,-99,-99,-99,-99,-99,-99,-99,1,-99,-99,-99,,2,,-99,-99,-99,-99,-99,-99,-99,,2,,-99,-99,-99,-99,-99,-99,-99,,4,5,,15,,1,2,,,1,1,8,7,8,7,2,1,2,1,2,,2,2,0,0,0,2,,62,4,9,11,1,2,,2,,el barreal
3660,4,1,4,1,No hay ninguna persona en nivel basico,,3,1,,1,No hay ninguna persona en educacion superior,,3,1,1,1,1,2,1,2,2,2,2,2,2,2,2,1,1,-99,1,-99,-99,-99,-99,,-99,3,,8,8,8,8,10,9,9,8,8,8,6,6,7,2,0,,9,5,2,0,,9,3,2,0,,4,4,5,2,0,,5,2,0,,7,8,8,7,7,7,8,11,9,7,4,1,4,3,2,rlmonumento,El monumento a Benito Juárez,0,2,,,,1,1,-99,-99,-99,-99,-99,-99,-99,1,-99,-99,,-99,-99,-99,-99,-99,-99,-99,-99,1,-99,-99,,1,8,-99,-99,-99,-99,-99,-99,-99,,2,,-99,-99,-99,-99,-99,-99,-99,,4,3,,2,,1,2,,,1,1,5,3,5,4,1,1,1,1,2,,2,2,0,0,0,1,,57,3,2,6,1,1,,1,,elbarreal
3660,4,3,2,1,8,,1,8,,1,9,,1,1,2,2,1,2,2,2,2,2,2,2,2,2,1,1,-99,-99,-99,1,-99,-99,-99,,-99,4,,10,10,5,10,10,10,10,10,10,10,10,8,7,2,0,,5,3,2,0,,10,3,2,0,,4,8,5,2,0,,1,2,0,,1,8,5,5,5,5,5,5,6,1,3,4,5,5,5,la x,La x,1,2,,,,1,-99,-99,-99,-99,-99,-99,-99,1,-99,-99,-99,,-99,-99,-99,-99,-99,-99,-99,1,-99,-99,-99,,2,,-99,-99,-99,-99,-99,-99,-99,,2,,-99,-99,-99,-99,-99,-99,-99,,4,5,,2,,1,1,municipal,abusones,3,1,5,6,5,8,2,2,2,2,6,,2,2,0,0,0,2,,53,3,2,2,1,2,,2,,melchor ocampo
3660,4,3,2,1,8,,1,8,,1,10,,1,1,1,1,1,2,1,1,1,2,2,1,1,2,2,1,-99,-99,-99,-99,1,-99,-99,,-99,5,,9,10,9,10,10,10,10,8,10,10,10,7,7,2,0,,10,3,2,0,,10,3,2,0,,7,7,7,2,0,,7,2,0,,7,5,1,1,1,1,8,2,8,6,5,2,5,5,2,precidenc,La Presidencia,3,1,3,0,1,1,-99,-99,-99,-99,-99,-99,-99,1,-99,-99,-99,,-99,-99,-99,-99,-99,-99,-99,1,-99,-99,-99,,2,,-99,-99,-99,-99,-99,-99,-99,,2,,-99,-99,-99,-99,-99,-99,-99,,4,5,,7,,1,1,vialiad,infracciones injusta,2,9,8,6,5,7,2,2,2,2,2,,2,2,0,0,0,2,,33,2,2,4,1,1,,1,,melchor Ocampo
3660,4,2,2,2,,,0,,,0,,,0,1,1,1,2,2,2,2,2,1,2,2,2,2,2,2,1,-99,-99,-99,-99,-99,-99,,-99,1,,6,7,3,4,10,8,10,10,10,9,8,8,7,2,0,,8,4,2,0,,10,3,2,0,,8,8,10,2,0,,1,2,0,,4,5,7,7,7,4,6,5,9,1,1,1,3,3,2,borunda,El parque Borunda,1,1,0,0,1,1,-99,-99,-99,-99,-99,-99,-99,1,-99,-99,-99,,-99,-99,-99,-99,-99,-99,-99,1,-99,-99,-99,,2,,-99,-99,-99,-99,-99,-99,-99,,2,,-99,-99,-99,-99,-99,-99,-99,,3,2,,5,,1,2,,,1,9,5,5,2,5,2,2,2,2,6,,2,2,0,0,0,1,,53,3,2,6,1,4,,4,,melchor oampo
3660,4,3,2,2,,,0,,,0,,,0,1,1,1,1,1,2,2,2,2,2,2,2,2,1,1,1,-99,1,-99,-99,-99,-99,,-99,1,,8,8,9,7,8,10,8,8,9,10,9,9,7,2,0,,9,4,1,1,8,10,3,2,0,,9,9,9,2,0,,5,2,0,,9,11,0,0,0,0,0,0,0,8,0,4,5,3,3,la x,La x,1,2,,,,1,-99,-99,-99,-99,-99,-99,-99,1,-99,-99,-99,,-99,-99,-99,-99,-99,-99,-99,1,-99,-99,-99,,2,,-99,-99,-99,-99,-99,-99,-99,,2,,-99,-99,-99,-99,-99,-99,-99,,4,5,,10,,2,2,,,3,6,9,4,9,6,2,1,2,1,7,mas parques,2,2,0,0,0,2,,36,2,9,4,1,2,,3,,melchor ocampo
3660,4,4,1,1,No hay ninguna persona en nivel basico,,3,No hay ninguna persona en educacion media,,3,10,,1,1,1,1,1,1,1,1,1,1,1,2,2,2,2,2,-99,-99,-99,1,-99,-99,-99,,-99,4,,9,9,9,8,11,9,10,8,9,9,9,5,7,2,0,,9,5,2,0,,9,3,2,0,,8,8,8,2,0,,8,2,0,,6,11,0,0,0,0,0,0,0,4,3,4,5,5,5,chamixal,El Chamizal,1,2,,,,1,-99,-99,-99,-99,-99,-99,-99,1,-99,-99,-99,,-99,-99,-99,-99,-99,-99,-99,1,-99,-99,-99,,2,,-99,-99,-99,-99,-99,-99,-99,,2,,-99,-99,-99,-99,-99,-99,-99,,4,8,,9,,1,2,,,3,1,8,6,6,8,2,2,1,1,2,,1,0,1,1,1,1,,53,3,2,10,1,2,,2,,melvhor ovsmpo
3660,4,3,2,1,8,,1,9,,1,No hay ninguna persona en educacion superior,,3,1,1,1,1,2,2,2,2,2,2,2,2,2,2,2,1,-99,-99,1,-99,-99,-99,,-99,4,,6,6,6,6,9,9,7,7,8,10,8,8,7,2,0,,9,5,2,0,,8,3,2,0,,8,8,8,2,0,,6,2,0,,4,11,0,0,0,0,0,0,0,6,3,4,5,5,5,parque botunfa,El parque Borunda,1,1,1,1,1,1,-99,-99,-99,-99,-99,-99,-99,1,-99,1,-99,,-99,-99,-99,-99,-99,-99,-99,1,-99,1,-99,,2,,-99,-99,-99,-99,-99,-99,-99,,1,8,-99,-99,-99,-99,-99,-99,-99,,4,2,,3,,1,2,,,2,3,8,6,7,8,1,1,2,2,2,,2,2,0,0,0,1,,43,2,2,11,1,3,,4,,melchor ocampo
1429,4,3,3,2,,,0,,,0,,,0,1,1,1,1,2,1,1,1,1,1,1,1,1,1,2,-99,-99,-99,1,-99,-99,-99,,-99,4,,8,7,11,8,11,11,9,8,9,8,9,8,7,2,0,,9,5,2,0,,9,3,2,0,,5,8,8,2,0,,5,2,0,,8,11,0,0,0,0,0,0,8,7,4,4,5,5,5,x,La x,1,2,,,,2,-99,-99,-99,-99,-99,-99,-99,-99,-99,-99,-99,,-99,-99,-99,-99,-99,-99,-99,1,-99,-99,-99,,2,,-99,-99,-99,-99,-99,-99,-99,,2,,-99,-99,-99,-99,-99,-99,-99,,4,2,,5,,1,2,,,1,2,7,7,6,7,2,2,2,1,1,,2,2,0,0,0,1,,35,2,1,4,1,1,,3,,dan antonio
1429,4,3,2,2,,,0,,,0,,,0,1,1,1,1,2,1,1,1,1,1,2,2,2,2,2,1,-99,-99,1,-99,-99,-99,,-99,4,,8,7,11,8,7,7,9,7,9,9,8,8,7,2,0,,9,5,2,0,,7,3,2,0,,8,8,5,2,0,,6,2,0,,7,6,7,7,7,7,0,0,8,6,6,4,5,5,5,catedral monumento,El monumento a Benito Juárez,1,2,,,,1,-99,-99,-99,-99,-99,-99,-99,1,-99,1,-99,,-99,-99,-99,-99,-99,-99,-99,1,-99,1,-99,,2,,-99,-99,-99,-99,-99,-99,-99,,1,8,-99,-99,-99,-99,-99,-99,-99,,4,5,,2,,2,2,,,2,9,9,7,5,7,2,2,2,2,6,,2,2,0,0,0,2,,54,3,2,4,1,3,,4,,san antonio
1429,4,3,2,2,,,0,,,0,,,0,1,1,1,1,2,1,1,1,1,1,2,2,2,2,2,1,-99,-99,-99,-99,-99,-99,,-99,1,,8,7,8,8,7,8,10,9,9,9,9,8,6,2,0,,9,5,2,0,,8,3,2,0,,8,7,8,2,0,,8,2,0,,7,7,7,7,7,7,0,0,8,7,4,4,5,5,5,x,La x,0,2,,,,2,-99,-99,-99,-99,-99,-99,-99,-99,-99,-99,-99,,-99,-99,-99,-99,-99,1,-99,-99,-99,-99,-99,,2,,-99,-99,-99,-99,-99,-99,-99,,2,,-99,-99,-99,-99,-99,-99,-99,,4,2,,3,,1,2,,,2,1,7,7,8,8,2,2,2,2,2,,2,2,0,0,0,1,,78,4,1,2,1,1,,3,,san antonio
1429,4,3,2,2,,,0,,,0,,,0,1,1,1,1,2,1,2,2,2,2,2,2,2,2,1,-99,-99,-99,1,-99,-99,-99,,-99,4,,8,8,9,10,9,10,9,10,9,10,9,9,7,2,0,,10,5,2,0,,10,3,2,0,,9,9,5,2,0,,8,2,0,,8,11,0,0,0,0,0,0,0,2,0,4,5,5,5,la x,La x,1,1,1,0,2,2,-99,-99,-99,-99,-99,-99,-99,-99,-99,-99,-99,,-99,-99,-99,-99,-99,-99,-99,1,-99,-99,-99,,2,,-99,-99,-99,-99,-99,-99,-99,,2,,-99,-99,-99,-99,-99,-99,-99,,3,5,,4,,1,2,,,3,9,6,5,8,9,2,2,2,1,7,perros calleeros,2,2,0,0,0,1,,37,2,1,6,1,1,,2,,san antonio
1429,4,3,3,1,No hay ninguna persona en nivel basico,,3,10,,2,No hay ninguna persona en educacion superior,,3,1,2,2,2,2,2,2,2,1,2,2,2,2,2,1,1,-99,-99,-99,-99,-99,-99,,-99,1,,10,9,10,8,9,10,9,8,9,10,10,10,7,2,0,,10,5,2,0,,10,3,2,0,,10,10,8,2,0,,8,2,0,,4,11,0,0,0,0,0,0,0,8,0,4,5,5,5,la x,La x,0,2,,,,1,1,-99,-99,-99,-99,-99,-99,-99,1,-99,-99,,-99,-99,-99,-99,-99,1,-99,-99,1,-99,-99,,1,9,-99,-99,-99,-99,-99,-99,-99,,2,,-99,-99,-99,-99,-99,-99,-99,,4,15,,3,,2,2,,,3,10,4,5,5,10,2,2,2,2,7,el camión,2,2,0,0,0,2,,44,2,9,2,1,2,,3,,san antonio
1429,4,3,1,2,,,0,,,0,,,0,1,2,1,1,2,2,2,2,2,2,2,2,2,2,1,-99,-99,-99,-99,-99,1,-99,,-99,6,,,,,,,,9,8,9,10,10,9,7,2,0,,10,5,2,0,,10,3,2,0,,9,10,7,2,0,,9,2,0,,9,11,0,0,0,0,0,0,0,10,0,4,5,4,4,la x,La x,1,2,,,,2,-99,-99,-99,-99,-99,-99,-99,-99,-99,-99,-99,,-99,-99,-99,-99,-99,-99,-99,1,-99,-99,-99,,2,,-99,-99,-99,-99,-99,-99,-99,,2,,-99,-99,-99,-99,-99,-99,-99,,4,5,,4,,1,2,,,1,6,8,8,9,9,2,2,2,2,5,,2,2,0,0,0,2,,78,4,1,2,1,2,,3,,san Antonio
1429,4,3,2,2,,,0,,,0,,,0,1,2,1,1,2,2,2,2,2,2,2,2,2,2,2,1,-99,-99,-99,-99,-99,-99,,-99,1,,9,8,7,8,8,10,9,8,9,9,9,8,7,2,0,,10,5,2,0,,10,3,2,0,,8,8,8,2,0,,9,2,0,,9,11,0,0,0,0,0,0,8,8,0,4,5,5,5,la x,La x,0,2,,,,2,-99,-99,-99,-99,-99,-99,-99,-99,-99,-99,-99,,-99,-99,-99,-99,-99,-99,-99,-99,1,-99,-99,,1,7,-99,-99,-99,-99,-99,-99,-99,,2,,-99,-99,-99,-99,-99,-99,-99,,4,5,,7,,1,2,,,1,1,5,4,8,10,2,2,2,2,3,,2,2,0,0,0,2,,76,4,8,3,1,1,,1,,ssn Antonio
1429,4,3,2,1,9,,1,No hay ninguna persona en educacion media,,3,No hay ninguna persona en educacion superior,,3,1,1,1,1,2,2,2,2,2,2,2,2,2,2,1,-99,-99,-99,-99,-99,1,-99,,-99,6,,,,,,,,9,9,6,10,10,9,7,2,0,,11,0,0,0,,10,3,2,0,,8,10,9,2,0,,8,2,0,,3,11,0,0,0,0,0,1,8,2,0,4,5,5,5,la x,La x,1,2,,,,1,-99,-99,-99,-99,-99,-99,-99,1,-99,-99,-99,,-99,-99,-99,-99,-99,-99,-99,1,-99,-99,-99,,2,,-99,-99,-99,-99,-99,-99,-99,,2,,-99,-99,-99,-99,-99,-99,-99,,4,5,,1,,1,1,fiscalia,retencion de vehiculo,1,9,6,4,6,9,2,1,1,1,2,,2,2,0,0,0,1,,33,2,9,8,1,1,,2,,ssn Antonio
1429,4,3,4,2,,,0,,,0,,,0,1,1,1,1,1,2,2,2,2,2,2,2,2,2,1,1,-99,-99,-99,-99,-99,-99,,-99,1,,7,7,7,7,8,9,8,8,8,9,9,8,7,2,0,,5,3,2,0,,8,3,2,0,,10,10,9,2,0,,6,2,0,,7,7,7,8,8,6,8,0,7,7,7,2,3,2,3,catedral,La Catedral,1,2,,,,1,-99,-99,-99,-99,-99,-99,-99,1,1,-99,-99,,-99,-99,-99,-99,-99,-99,-99,1,1,-99,-99,,1,5,1,1,-99,-99,1,-99,-99,,2,,-99,-99,-99,-99,-99,-99,-99,,4,15,,10,,1,1,sat,el vobro exesivode impuestos,6,9,8,3,7,7,2,1,2,1,1,,2,2,0,0,0,2,,24,1,2,6,1,2,,2,,san antonio
1429,4,3,3,2,,,0,,,0,,,0,1,2,1,1,2,2,2,2,2,2,2,2,2,2,1,1,-99,-99,1,-99,-99,-99,,-99,4,,8,8,8,9,8,10,10,10,10,10,8,9,7,2,0,,8,5,2,0,,10,3,2,0,,9,9,7,2,0,,5,2,0,,8,9,8,7,7,7,7,0,10,6,2,4,4,3,3,monumento a juarez,El monumento a Benito Juárez,0,1,0,0,1,1,1,-99,-99,-99,-99,-99,-99,-99,-99,-99,-99,,-99,1,-99,-99,-99,-99,-99,-99,-99,-99,-99,,2,,-99,-99,-99,-99,-99,-99,-99,,2,,-99,-99,-99,-99,-99,-99,-99,,4,9,,6,,1,2,,,1,2,4,4,6,7,1,1,2,1,2,,2,2,0,0,0,2,,58,3,2,13,1,1,,1,,san antonio
1429,4,4,2,1,No hay ninguna persona en nivel basico,,3,7,,1,7,,1,1,2,1,1,2,1,2,2,2,1,2,2,2,2,2,1,-99,-99,-99,-99,-99,-99,,-99,1,,6,6,4,5,8,8,6,6,6,8,9,9,7,2,0,,9,5,2,0,,10,3,2,0,,5,6,6,2,0,,5,2,0,,8,5,5,1,3,3,6,11,8,6,5,4,3,3,4,las letras del centro de juarez,Letras JRZ,0,2,,,,2,-99,-99,-99,-99,-99,-99,-99,-99,-99,-99,-99,,-99,-99,-99,-99,-99,1,-99,-99,-99,-99,-99,,2,,-99,-99,-99,-99,-99,-99,-99,,2,,-99,-99,-99,-99,-99,-99,-99,,4,5,,13,,3,2,,,3,9,8,8,5,6,1,1,1,1,5,,2,2,0,0,0,1,,18,1,5,7,1,1,,1,,san antonio
1429,4,4,3,2,,,0,,,0,,,0,1,1,2,1,1,2,2,2,2,2,2,2,2,2,1,-99,-99,1,-99,-99,-99,-99,,-99,3,,8,8,7,9,7,8,8,9,7,9,9,7,7,2,0,,9,5,2,0,,7,3,2,0,,7,7,7,2,0,,8,2,0,,8,6,6,7,7,7,7,7,8,7,6,4,5,5,5,la x,La x,1,2,,,,1,-99,-99,-99,-99,-99,-99,-99,1,-99,-99,-99,,-99,-99,-99,-99,-99,-99,-99,1,-99,-99,-99,,2,,-99,-99,-99,-99,-99,-99,-99,,2,,-99,-99,-99,-99,-99,-99,-99,,4,5,,15,,1,2,,,5,9,7,5,4,4,1,1,1,1,1,,2,2,0,0,0,1,,30,2,9,7,1,1,,1,,san antonio
1429,4,4,1,2,,,0,,,0,,,0,1,2,1,1,2,2,2,2,2,2,2,2,2,1,1,-99,-99,-99,-99,1,-99,-99,,-99,5,,10,10,10,10,10,10,9,8,10,10,10,10,7,2,0,,10,5,2,0,,10,3,2,0,,8,9,8,2,0,,9,2,0,,8,8,8,9,9,9,8,2,11,10,9,4,5,5,5,continental,OTRO,1,2,,,,2,-99,-99,-99,-99,-99,-99,-99,-99,-99,-99,-99,,-99,-99,-99,-99,-99,-99,-99,1,-99,-99,-99,,2,,-99,-99,-99,-99,-99,-99,-99,,2,,-99,-99,-99,-99,-99,-99,-99,,4,5,,7,,1,2,,,1,2,8,6,8,8,1,1,1,1,2,,2,2,0,0,0,2,,76,4,8,3,1,2,,2,,san antonio
1429,4,3,2,2,,,0,,,0,,,0,1,1,1,1,2,2,1,1,1,2,2,2,2,1,1,1,-99,-99,-99,-99,-99,-99,,-99,1,,7,9,8,9,9,10,10,9,9,10,8,9,7,2,0,,9,5,2,0,,9,3,2,0,,8,3,4,2,0,,4,2,0,,5,5,10,10,10,10,5,4,1,5,5,4,4,4,4,la x,La x,1,2,,,,2,-99,-99,-99,-99,-99,-99,-99,-99,-99,-99,-99,,-99,-99,-99,-99,-99,1,-99,-99,-99,-99,-99,,2,,-99,-99,-99,-99,-99,-99,-99,,2,,-99,-99,-99,-99,-99,-99,-99,,3,9,,3,,1,2,,,3,9,6,2,3,10,1,1,2,2,2,,2,2,0,0,0,1,,40,2,1,5,1,1,,1,,sanantonio
1429,4,4,1,1,10,,1,No hay ninguna persona en educacion media,,3,No hay ninguna persona en educacion superior,,3,1,1,1,1,1,1,1,2,1,2,2,2,1,1,1,1,-99,-99,-99,-99,-99,-99,,-99,1,,8,8,9,8,8,9,7,8,9,8,7,8,7,2,0,,8,5,2,0,,8,3,2,0,,5,5,9,2,0,,7,2,0,,6,5,8,5,7,4,8,4,9,9,3,4,4,4,4,la x,La x,1,1,2,0,0,1,-99,-99,-99,-99,-99,-99,-99,1,-99,-99,-99,,-99,-99,-99,-99,-99,-99,-99,1,-99,-99,-99,,2,,-99,-99,-99,-99,-99,-99,-99,,2,,-99,-99,-99,-99,-99,-99,-99,,4,2,,4,,1,2,,,3,9,6,6,7,10,2,1,1,1,5,,2,2,0,0,0,2,,34,2,3,6,1,2,,1,,san antonio
1429,4,3,2,2,,,0,,,0,,,0,1,1,1,1,2,2,2,2,2,2,2,2,2,2,1,1,-99,-99,-99,-99,-99,-99,,-99,1,,7,8,9,8,9,9,7,7,10,10,9,9,7,2,0,,10,5,2,0,,10,3,2,0,,8,6,6,2,0,,5,2,0,,5,9,10,9,8,7,4,8,4,6,9,4,4,4,4,benito juarez,El monumento a Benito Juárez,0,2,,,,2,-99,-99,-99,-99,-99,-99,-99,-99,-99,-99,-99,,-99,-99,-99,-99,-99,1,-99,-99,-99,-99,-99,,2,,-99,-99,-99,-99,-99,-99,-99,,1,9,-99,-99,-99,-99,-99,-99,-99,,4,6,,6,,1,2,,,3,9,7,2,5,8,2,1,2,1,1,,2,2,0,0,0,2,,87,4,8,2,1,1,,2,,san antonio
1429,4,3,3,1,10,,1,10,,1,9,,1,1,1,1,1,2,1,1,1,1,1,1,1,1,1,1,-99,-99,1,1,-99,-99,-99,,-99,4,,7,8,9,8,10,9,10,10,10,10,10,10,7,2,0,,9,5,2,0,,9,3,2,0,,9,9,7,2,0,,7,2,0,,5,6,10,10,10,10,9,4,2,5,3,2,4,4,4,la x,La x,2,2,,,,1,-99,-99,-99,-99,-99,-99,-99,1,-99,-99,-99,,-99,-99,-99,-99,-99,-99,-99,1,-99,-99,-99,,2,,-99,-99,-99,-99,-99,-99,-99,,2,,-99,-99,-99,-99,-99,-99,-99,,4,6,,6,,1,2,,,4,9,5,2,3,7,2,1,2,2,5,,2,2,0,0,0,2,,40,2,7,4,1,1,,1,,sanantonio
1429,4,3,3,2,,,0,,,0,,,0,1,2,1,1,2,2,2,2,2,2,2,2,2,1,1,1,-99,-99,-99,-99,-99,-99,,-99,1,,4,5,8,3,5,9,8,9,9,9,9,9,6,2,0,,8,5,2,0,,7,3,2,0,,5,5,4,2,0,,5,2,0,,5,5,9,7,4,4,5,5,1,5,3,4,4,4,4,monumento ajuarez,El monumento a Benito Juárez,0,2,,,,1,-99,-99,-99,1,-99,-99,-99,-99,-99,-99,-99,,-99,-99,-99,-99,-99,1,-99,-99,-99,-99,-99,,2,,-99,-99,-99,-99,-99,-99,-99,,2,,-99,-99,-99,-99,-99,-99,-99,,4,9,,4,,3,2,,,4,9,5,3,5,10,2,2,2,1,5,,2,2,0,0,0,2,,58,3,2,4,1,1,,1,,san antonio
1429,4,3,2,1,8,,1,9,,1,9,,1,1,1,1,1,2,2,2,2,1,2,2,2,2,2,1,1,-99,-99,-99,-99,-99,-99,,-99,1,,6,7,7,6,9,8,9,8,9,10,10,7,7,2,0,,10,4,2,0,,10,3,2,0,,10,10,8,2,0,,10,2,0,,8,8,8,8,8,8,8,6,7,8,7,4,3,3,3,la x,La x,1,2,,,,1,-99,-99,-99,-99,-99,-99,-99,-99,1,-99,-99,,-99,-99,-99,-99,1,1,-99,-99,1,-99,-99,,1,9,-99,-99,-99,-99,-99,-99,-99,,2,,-99,-99,-99,-99,-99,-99,-99,,4,2,,7,,1,2,,,2,9,7,6,5,8,2,2,2,1,2,,2,2,0,0,0,2,,22,1,2,2,1,1,,2,,san antonio
1429,4,3,2,2,,,0,,,0,,,0,1,1,1,1,2,2,2,2,1,2,2,2,2,2,1,-99,-99,1,-99,-99,-99,-99,,-99,3,,8,8,8,8,10,5,10,8,9,10,7,6,7,1,1,6,10,4,2,0,,10,3,2,0,,7,10,6,2,0,,8,2,0,,8,8,8,8,8,8,7,3,9,8,5,4,5,5,3,chamizal,El Chamizal,1,2,,,,1,-99,-99,-99,-99,-99,-99,-99,1,1,1,-99,,-99,-99,-99,-99,-99,-99,-99,1,1,1,-99,,1,9,-99,-99,-99,-99,-99,-99,-99,,1,10,-99,-99,-99,-99,-99,-99,-99,,3,5,,2,,1,2,,,2,1,5,6,6,8,2,1,2,1,1,,2,2,0,0,0,1,,56,3,9,2,1,2,,3,,san Antonio
1429,4,4,2,2,,,0,,,0,,,0,1,1,1,1,1,1,2,2,1,2,2,1,2,1,1,1,-99,-99,-99,-99,-99,-99,,-99,1,,8,8,9,7,8,7,10,10,10,10,10,10,7,2,0,,10,5,2,0,,10,3,2,0,,6,7,7,2,0,,3,2,0,,7,7,6,7,5,5,7,1,9,7,4,2,4,2,2,la x,La x,2,2,,,,1,-99,-99,-99,1,-99,-99,-99,-99,-99,-99,-99,,-99,-99,-99,-99,-99,-99,-99,1,-99,-99,-99,,2,,-99,-99,-99,-99,-99,-99,-99,,2,,-99,-99,-99,-99,-99,-99,-99,,3,5,,3,,1,2,,,4,9,7,7,4,5,2,2,2,2,2,,2,2,0,0,0,2,,20,1,2,6,1,2,,3,,san Antonio
1429,4,3,2,1,8,,1,8,,1,10,,1,1,1,1,2,2,1,2,2,2,2,2,2,2,1,1,1,-99,-99,-99,-99,-99,-99,,-99,1,,5,5,5,1,6,7,10,10,10,10,10,10,7,2,0,,10,3,2,0,,10,3,2,0,,10,10,7,2,0,,7,2,0,,7,9,8,10,6,6,6,4,8,8,7,3,2,2,2,la x,La x,2,2,,,,2,-99,-99,-99,-99,-99,-99,-99,-99,-99,-99,-99,,-99,-99,-99,-99,-99,-99,-99,1,-99,-99,-99,,2,,-99,-99,-99,-99,-99,-99,-99,,2,,-99,-99,-99,-99,-99,-99,-99,,4,2,,5,,1,2,,,3,9,9,8,5,7,2,2,2,1,2,,2,2,0,0,0,1,,61,4,1,8,1,1,,1,,san Antonio
1429,4,4,2,1,9,,1,9,,1,9,,1,1,1,1,1,2,2,2,2,2,2,2,2,2,2,1,1,-99,-99,-99,-99,-99,-99,,-99,1,,8,8,8,7,9,9,10,10,10,10,10,10,7,2,0,,10,5,2,0,,10,3,2,0,,9,9,8,2,0,,8,2,0,,8,8,9,9,9,9,8,4,7,7,10,2,5,5,5,la x,La x,1,2,,,,1,1,-99,-99,-99,-99,-99,-99,-99,1,1,-99,,-99,-99,-99,-99,-99,-99,-99,1,1,1,-99,,1,8,-99,-99,-99,-99,-99,-99,-99,,1,9,-99,-99,-99,-99,-99,-99,-99,,4,2,,9,,1,2,,,3,9,9,8,5,7,1,1,2,1,2,,2,2,0,0,0,2,,54,3,2,7,1,1,,1,,san Antonio
1429,4,3,1,2,,,0,,,0,,,0,1,1,1,1,2,1,2,2,2,1,2,2,2,2,1,1,-99,-99,-99,-99,-99,-99,,-99,1,,2,3,3,5,3,7,7,9,9,10,10,8,7,2,0,,10,5,2,0,,10,3,2,0,,7,7,10,2,0,,10,2,0,,10,2,2,2,2,3,2,2,2,10,10,4,5,5,3,la x,La x,2,2,,,,1,-99,-99,-99,-99,-99,-99,-99,-99,1,1,-99,,-99,-99,-99,-99,-99,-99,-99,1,1,1,-99,,1,10,-99,-99,-99,-99,-99,-99,-99,,1,10,-99,-99,-99,-99,-99,-99,-99,,3,5,,9,,1,2,,,3,4,7,3,5,9,2,2,2,2,6,,2,2,0,0,0,1,,29,1,2,8,1,2,,2,,san Antonio
4298,4,4,2,2,,,0,,,0,,,0,1,1,1,1,2,1,1,1,1,1,1,2,1,1,1,1,-99,-99,1,-99,-99,-99,,-99,4,,8,8,8,8,8,7,10,9,10,10,9,9,7,2,0,,9,5,2,0,,10,3,2,0,,9,8,8,2,0,,5,2,0,,8,7,8,6,7,5,6,0,8,6,3,4,4,4,4,x,La x,2,1,2,0,0,1,-99,-99,-99,-99,-99,-99,-99,1,-99,-99,-99,,-99,-99,-99,-99,-99,-99,-99,1,-99,-99,-99,,2,,-99,-99,-99,-99,-99,-99,-99,,2,,-99,-99,-99,-99,-99,-99,-99,,4,2,,5,,4,2,,,1,1,8,7,8,8,1,1,1,2,3,,2,2,0,0,0,1,,50,3,2,6,1,3,,4,,infonavit casas grandes
4298,4,3,2,1,No hay ninguna persona en nivel basico,,3,No hay ninguna persona en educacion media,,3,8,,1,1,1,1,1,1,1,1,1,1,1,2,2,2,2,2,-99,-99,-99,1,-99,-99,-99,,-99,4,,8,8,9,8,8,8,8,8,8,8,8,8,7,2,0,,9,5,2,0,,8,3,2,0,,8,9,8,2,0,,7,2,0,,8,9,10,10,10,10,8,0,0,8,8,4,5,5,5,mpnumento,El monumento a Benito Juárez,1,2,,,,1,-99,-99,-99,-99,-99,-99,-99,1,-99,-99,-99,,-99,-99,-99,-99,-99,-99,-99,1,-99,-99,-99,,2,,-99,-99,-99,-99,-99,-99,-99,,2,,-99,-99,-99,-99,-99,-99,-99,,4,2,,3,,4,2,,,1,2,7,7,7,8,1,1,2,1,1,,2,2,0,0,0,2,,46,3,9,4,1,3,,4,,infonavit casas grandes
4298,4,4,2,2,,,0,,,0,,,0,1,1,1,2,2,2,2,2,1,2,2,2,2,2,1,1,-99,-99,-99,-99,-99,-99,,-99,1,,6,7,5,4,9,10,10,10,10,10,8,5,7,2,0,,10,4,2,0,,10,3,2,0,,8,10,6,2,0,,5,2,0,,7,8,6,8,8,7,8,5,8,7,5,4,5,5,5,la x,La x,2,2,,,,2,-99,-99,-99,-99,-99,-99,-99,-99,-99,-99,-99,,-99,-99,-99,-99,-99,-99,-99,1,-99,-99,-99,,2,,-99,-99,-99,-99,-99,-99,-99,,2,,-99,-99,-99,-99,-99,-99,-99,,4,2,,5,,1,2,,,2,9,5,5,8,7,1,2,2,2,2,,2,2,0,0,0,2,,77,4,1,5,1,1,,1,,Infonavit casas grandes
4298,4,3,3,1,8,,1,8,,1,8,,1,1,1,1,1,2,1,2,2,1,2,2,2,2,1,1,1,-99,-99,-99,-99,-99,-99,,-99,1,,5,5,4,3,6,9,10,10,10,10,9,6,7,2,0,,9,5,2,0,,9,3,2,0,,9,9,7,2,0,,7,2,0,,8,9,9,9,9,9,8,4,7,7,4,4,5,5,5,Benito Juárez,El monumento a Benito Juárez,4,1,0,3,3,1,-99,-99,-99,-99,-99,-99,-99,1,-99,-99,-99,,-99,-99,-99,-99,-99,-99,-99,1,-99,-99,-99,,2,,-99,-99,-99,-99,-99,-99,-99,,2,,-99,-99,-99,-99,-99,-99,-99,,4,2,,5,,1,2,,,3,9,9,8,6,9,2,2,2,2,2,,2,2,0,0,0,2,,53,3,3,8,1,1,,2,,Infonavit casas grandes
4298,4,3,2,2,,,0,,,0,,,0,1,1,1,1,2,1,2,2,2,1,1,1,1,1,1,-99,-99,-99,-99,-99,-99,1,GASTOS MÉDICOS MAYORES,-99,7,GASTOS MÉDICOS MAYORES,10,10,8,5,10,10,10,10,10,10,8,8,7,1,1,5,3,5,2,0,,10,3,2,0,,6,5,8,1,1,7,1,1,1,3,9,8,8,8,8,6,9,10,8,4,5,4,5,5,5,la x,La x,2,1,1,0,2,1,-99,-99,-99,-99,-99,-99,-99,1,-99,-99,-99,,-99,-99,-99,-99,-99,-99,-99,1,-99,-99,-99,,2,,-99,-99,-99,-99,-99,-99,-99,,2,,-99,-99,-99,-99,-99,-99,-99,,4,5,,6,,1,2,,,3,8,8,7,6,5,1,2,2,1,2,,1,0,1,1,1,2,,59,3,3,9,1,1,,2,,Infonavit casas grandes
4298,4,3,2,1,9,,1,10,,1,8,,1,1,1,2,2,1,1,2,2,2,2,2,2,2,1,1,1,-99,-99,-99,-99,-99,-99,,-99,1,,7,7,5,7,10,10,10,10,10,10,8,8,7,1,1,6,10,5,2,0,,10,3,2,0,,8,7,8,2,0,,8,2,0,,8,8,8,8,8,8,8,4,9,8,7,4,3,3,3,monumento a Benito,El monumento a Benito Juárez,5,1,0,1,2,1,-99,-99,-99,-99,-99,-99,-99,1,-99,-99,-99,,-99,-99,-99,-99,-99,-99,-99,1,-99,-99,-99,,2,,-99,-99,-99,-99,-99,-99,-99,,2,,-99,-99,-99,-99,-99,-99,-99,,3,4,,3,,1,2,,,3,9,8,7,8,7,2,2,2,2,3,,2,2,0,0,0,2,,41,2,9,6,1,1,,2,,Infonavit casas grandes
4298,4,3,3,2,,,0,,,0,,,0,1,1,1,2,2,2,2,2,2,2,2,2,2,2,1,1,-99,-99,-99,-99,-99,-99,,-99,1,,9,9,9,8,10,10,8,8,9,9,5,6,7,1,1,6,8,2,1,1,5,10,3,2,0,,8,8,7,2,0,,2,2,0,,5,9,1,1,5,8,8,0,9,7,7,4,5,5,5,el monumento,El monumento a Benito Juárez,1,2,,,,2,-99,-99,-99,-99,-99,-99,-99,-99,-99,-99,-99,,-99,-99,-99,-99,-99,-99,-99,1,-99,-99,-99,,2,,-99,-99,-99,-99,-99,-99,-99,,2,,-99,-99,-99,-99,-99,-99,-99,,4,5,,7,,1,2,,,1,2,8,9,7,5,1,1,1,1,2,,2,2,0,0,0,1,,74,4,1,6,1,1,,1,,infonavit casas gracias
4298,4,3,2,1,No hay ninguna persona en nivel basico,,3,No hay ninguna persona en educacion media,,3,10,,1,1,1,1,1,2,1,1,2,1,1,1,2,2,1,2,-99,-99,-99,1,-99,-99,-99,,-99,4,,10,10,10,10,10,10,10,8,8,7,7,5,5,2,0,,10,5,3,0,,8,3,2,0,,8,8,8,2,0,,5,2,0,,8,9,7,7,7,7,8,11,8,8,5,1,5,5,5,lax,La x,1,2,,,,2,-99,-99,-99,-99,-99,-99,-99,-99,-99,-99,-99,,-99,-99,-99,-99,-99,-99,-99,-99,1,-99,-99,,1,7,-99,-99,-99,-99,-99,-99,-99,,2,,-99,-99,-99,-99,-99,-99,-99,,4,15,,5,,1,2,,,1,1,8,3,7,8,2,1,2,2,6,,2,2,0,0,0,1,,45,3,1,4,1,1,,1,,infonavit casas grandes
4298,4,3,2,2,,,0,,,0,,,0,1,1,1,2,2,2,2,2,2,2,2,2,2,1,1,-99,-99,1,-99,-99,-99,-99,,-99,3,,9,8,9,9,9,8,10,10,10,10,10,10,7,2,0,,9,5,2,0,,10,3,2,0,,9,10,8,2,0,,7,2,0,,8,9,7,8,8,8,9,11,8,7,6,4,5,5,5,la x,La x,1,1,0,0,1,2,-99,-99,-99,-99,-99,-99,-99,-99,-99,-99,-99,,-99,-99,-99,-99,-99,-99,-99,1,-99,-99,-99,,2,,-99,-99,-99,-99,-99,-99,-99,,2,,-99,-99,-99,-99,-99,-99,-99,,4,5,,2,,1,2,,,1,3,5,4,5,7,1,1,1,1,7,iperros sueltos,2,2,0,0,0,2,,70,4,8,11,1,2,,2,,infonavit. casas grandes
4298,4,4,1,2,,,0,,,0,,,0,1,1,1,1,2,1,2,2,1,2,2,1,2,1,1,1,-99,-99,-99,-99,-99,-99,,-99,1,,8,10,10,9,9,10,10,9,10,10,10,10,7,2,0,,4,2,2,0,,10,3,2,0,,9,5,4,2,0,,4,2,0,,6,8,10,10,10,2,7,7,10,4,8,4,4,4,4,bemito juarez,El monumento a Benito Juárez,1,1,1,1,1,1,-99,-99,-99,-99,-99,-99,-99,1,-99,-99,-99,,-99,-99,-99,-99,-99,-99,-99,1,-99,-99,-99,,2,,-99,-99,-99,-99,-99,-99,-99,,2,,-99,-99,-99,-99,-99,-99,-99,,4,7,,6,,1,2,,,3,9,5,3,4,9,1,1,2,1,5,,2,2,0,0,0,1,,72,4,2,7,1,1,,1,,casas grandes
4298,4,3,2,2,,,0,,,0,,,0,1,1,1,1,2,2,2,2,2,2,2,2,2,1,1,1,-99,-99,-99,-99,-99,-99,,-99,1,,6,7,4,2,5,10,8,10,10,10,10,10,7,2,0,,9,5,2,0,,10,3,2,0,,5,5,4,2,0,,2,2,0,,3,2,3,9,9,8,6,4,5,5,5,1,4,4,2,monumento a juarez,El monumento a Benito Juárez,1,2,,,,1,-99,-99,-99,-99,-99,1,-99,-99,-99,-99,-99,,-99,-99,-99,-99,-99,-99,-99,1,-99,-99,-99,,2,,-99,-99,-99,-99,-99,-99,-99,,2,,-99,-99,-99,-99,-99,-99,-99,,4,4,,3,,1,2,,,3,9,3,2,3,4,2,1,1,1,5,,2,2,0,0,0,1,,66,4,2,3,1,1,,3,,casas grandes
4298,4,1,3,2,,,0,,,0,,,0,1,1,1,1,2,1,2,1,1,2,2,2,2,1,1,1,-99,-99,-99,-99,-99,-99,,-99,1,,5,8,8,2,10,4,10,10,10,10,10,2,7,1,2,2,6,2,1,2,1,8,3,2,0,,10,10,5,2,0,,2,2,0,,5,8,10,10,10,2,8,2,5,4,2,4,4,4,4,la x,La x,1,2,,,,2,-99,-99,-99,-99,-99,-99,-99,-99,-99,-99,-99,,-99,-99,-99,-99,-99,-99,-99,1,-99,-99,-99,,2,,-99,-99,-99,-99,-99,-99,-99,,2,,-99,-99,-99,-99,-99,-99,-99,,4,2,,7,,2,1,gobierno,abusos,2,1,3,5,3,5,2,1,1,2,5,,2,2,0,0,0,1,,73,4,1,6,1,1,,1,,casas grandes
4298,4,3,2,2,,,0,,,0,,,0,2,2,2,1,2,2,2,2,2,2,2,2,2,2,1,1,-99,-99,-99,-99,-99,-99,,-99,1,,3,2,2,2,3,3,10,10,10,10,10,10,7,2,0,,10,5,2,0,,10,3,2,0,,4,2,7,2,0,,4,2,0,,3,4,10,10,10,2,6,5,3,4,4,4,4,4,4,la x,La x,1,2,,,,2,-99,-99,-99,-99,-99,-99,-99,-99,-99,-99,-99,,-99,-99,-99,-99,-99,-99,-99,1,-99,-99,-99,,2,,-99,-99,-99,-99,-99,-99,-99,,2,,-99,-99,-99,-99,-99,-99,-99,,4,9,,3,,1,2,,,3,9,2,2,5,3,1,2,1,1,5,,2,2,0,0,0,1,,74,4,1,4,1,1,,1,,casas grandes
4298,4,3,2,2,,,0,,,0,,,0,1,2,1,1,2,2,2,2,1,2,2,2,2,2,2,1,-99,-99,-99,-99,-99,-99,,-99,1,,8,8,9,10,9,10,10,9,9,10,10,10,7,2,0,,10,5,2,0,,10,2,2,0,,4,9,7,2,0,,10,2,0,,4,11,0,0,0,0,0,0,4,6,0,4,5,4,4,la x,La x,0,2,,,,2,-99,-99,-99,-99,-99,-99,-99,-99,-99,-99,-99,,-99,-99,-99,-99,-99,-99,-99,1,-99,-99,-99,,2,,-99,-99,-99,-99,-99,-99,-99,,2,,-99,-99,-99,-99,-99,-99,-99,,4,5,,3,,1,2,,,4,6,5,5,8,7,2,1,2,2,7,transporte publio,2,2,0,0,0,2,,79,4,8,4,1,1,,1,,Infonavit casas grandes
4298,4,3,2,2,,,0,,,0,,,0,1,2,1,2,1,2,2,2,2,2,2,2,2,2,1,-99,-99,-99,-99,-99,1,-99,,-99,6,,,,,,,,8,8,9,10,7,5,7,2,0,,10,5,2,0,,9,2,2,0,,9,7,9,2,0,,6,2,0,,4,11,0,0,0,0,8,0,5,2,0,4,5,5,5,la x,La x,1,2,,,,1,-99,-99,-99,-99,-99,-99,-99,1,-99,-99,-99,,-99,-99,-99,-99,-99,-99,-99,1,-99,-99,-99,,2,,-99,-99,-99,-99,-99,-99,-99,,2,,-99,-99,-99,-99,-99,-99,-99,,3,5,,15,,1,1,transito,corrupcion,3,4,3,9,9,8,2,2,2,2,7,alumbrado,2,1,1,1,1,2,,50,3,2,11,1,1,,2,,infonavit vasa grande
4298,4,3,3,2,,,0,,,0,,,0,1,1,1,1,2,2,2,2,2,2,2,2,2,2,1,1,-99,-99,-99,-99,-99,-99,,-99,1,,10,10,4,1,7,10,5,7,9,9,9,9,7,2,0,,10,3,1,1,8,8,3,2,0,,1,8,8,2,0,,2,2,0,,4,10,6,9,2,2,4,0,8,2,5,3,1,1,1,la x,La x,1,2,,,,2,-99,-99,-99,-99,-99,-99,-99,-99,-99,-99,-99,,-99,-99,-99,-99,-99,-99,-99,1,-99,-99,-99,,2,,-99,-99,-99,-99,-99,-99,-99,,2,,-99,-99,-99,-99,-99,-99,-99,,4,16,,15,,1,1,municipales,indiferencia,4,10,4,3,6,7,2,2,2,2,7,oavimento agua y frrnaje,2,2,0,0,0,2,,59,3,4,4,1,1,,1,,infonavit casas grandes
2094,5,3,2,2,,,0,,,0,,,0,1,1,1,1,2,2,2,2,1,2,1,2,2,2,1,1,-99,-99,-99,-99,-99,-99,,-99,1,,7,7,8,6,5,8,9,9,9,9,10,10,7,2,0,,10,5,2,0,,10,3,2,0,,3,10,9,2,0,,2,2,0,,8,10,10,8,10,6,8,1,4,9,0,4,5,4,4,la x,La x,1,2,,,,2,-99,-99,-99,-99,-99,-99,-99,-99,-99,-99,-99,,-99,-99,-99,-99,-99,-99,-99,1,-99,-99,-99,,2,,-99,-99,-99,-99,-99,-99,-99,,2,,-99,-99,-99,-99,-99,-99,-99,,4,15,,7,,1,2,,,3,6,8,5,4,6,2,2,2,2,7,pavimno,2,2,0,0,0,1,,65,4,8,5,1,1,,2,,pradera forada
2094,5,2,2,1,9,,1,No hay ninguna persona en educacion media,,3,No hay ninguna persona en educacion superior,,3,1,2,2,1,1,2,2,2,2,2,2,2,2,2,1,-99,-99,-99,-99,-99,1,-99,,-99,6,,,,,,,,8,9,9,10,9,8,7,2,0,,5,4,1,1,6,10,3,2,0,,7,9,7,2,0,,3,2,0,,3,11,0,0,0,0,7,0,8,8,0,4,5,5,5,monumento,El monumento a Benito Juárez,1,2,,,,2,-99,-99,-99,-99,-99,-99,-99,-99,-99,-99,-99,,1,-99,-99,-99,-99,-99,-99,1,-99,-99,-99,,2,,-99,-99,-99,-99,-99,-99,-99,,2,,-99,-99,-99,-99,-99,-99,-99,,4,16,,19,tráfico,1,2,,,1,9,5,4,5,6,2,2,2,1,2,,2,2,0,0,0,1,,45,3,4,9,1,2,,3,,pradera dorada
2094,5,2,3,1,4,,2,No hay ninguna persona en educacion media,,3,No hay ninguna persona en educacion superior,,3,1,2,1,2,1,1,2,2,2,2,2,2,2,2,1,-99,-99,-99,-99,1,-99,-99,,-99,5,,5,6,7,6,8,10,10,10,9,10,7,8,7,2,0,,6,3,1,1,8,10,3,2,0,,6,4,8,2,0,,6,2,0,,8,10,5,5,6,5,8,0,3,4,1,3,5,5,5,la x,La x,1,2,,,,1,-99,-99,-99,-99,-99,-99,-99,1,-99,-99,-99,,-99,-99,-99,-99,-99,-99,-99,1,-99,-99,-99,,2,,-99,-99,-99,-99,-99,-99,-99,,2,,-99,-99,-99,-99,-99,-99,-99,,3,15,,12,,1,2,,,3,5,3,4,4,9,2,2,2,2,7,pavimnto,2,2,0,0,0,1,,36,2,2,11,1,1,,2,,pradera dorada
2094,5,3,1,2,,,0,,,0,,,0,1,1,1,2,1,1,2,2,2,2,2,2,1,1,1,-99,-99,-99,-99,-99,1,-99,,-99,6,,,,,,,,10,9,10,10,10,10,7,2,0,,8,5,2,0,,10,3,2,0,,6,9,8,2,0,,6,2,0,,7,10,8,8,8,8,8,0,8,8,0,2,5,5,5,la x,La x,1,2,,,,1,-99,-99,-99,-99,-99,-99,-99,1,-99,-99,-99,,-99,-99,-99,-99,-99,-99,-99,1,-99,-99,-99,,2,,-99,-99,-99,-99,-99,-99,-99,,2,,-99,-99,-99,-99,-99,-99,-99,,4,5,,15,,1,2,,,3,9,6,3,6,9,2,2,2,2,2,,2,2,0,0,0,1,,52,3,2,6,1,1,,2,,pradera dorada
2094,5,4,2,2,,,0,,,0,,,0,1,1,1,2,2,2,2,2,2,2,2,2,2,1,1,1,-99,-99,-99,-99,-99,-99,,-99,1,,8,9,9,6,5,10,7,9,8,9,9,9,7,2,0,,8,5,2,0,,10,3,2,0,,6,9,3,2,0,,2,2,0,,8,11,0,0,0,0,0,0,0,6,0,4,1,3,2,la x,La x,0,2,,,,2,-99,-99,-99,-99,-99,-99,-99,-99,-99,-99,-99,,-99,-99,-99,-99,-99,-99,-99,1,-99,-99,-99,,2,,-99,-99,-99,-99,-99,-99,-99,,2,,-99,-99,-99,-99,-99,-99,-99,,1,5,,15,,2,2,,,5,7,6,8,4,7,2,2,2,2,2,,2,2,0,0,0,1,,65,4,1,1,1,1,,1,,ptadera dorada
2094,5,2,2,1,No hay ninguna persona en nivel basico,,3,No hay ninguna persona en educacion media,,3,9,,1,1,2,2,2,2,2,2,2,2,2,2,2,2,2,1,1,-99,-99,-99,-99,-99,-99,,-99,1,,1,2,2,5,6,8,10,9,8,10,10,9,7,2,0,,9,5,2,0,,9,3,2,0,,3,9,4,2,0,,3,2,0,,2,10,8,5,5,2,8,0,0,9,0,4,5,5,3,la x,La x,1,2,,,,1,-99,-99,-99,-99,-99,-99,-99,1,-99,-99,-99,,-99,-99,-99,-99,-99,-99,-99,1,-99,-99,-99,,2,,-99,-99,-99,-99,-99,-99,-99,,2,,-99,-99,-99,-99,-99,-99,-99,,4,15,,13,,1,2,,,3,9,4,5,8,8,2,2,2,2,7,pavimento,2,2,0,0,0,1,,59,3,2,12,1,1,,2,,pradera dorada
2094,5,4,2,2,,,0,,,0,,,0,1,1,1,2,2,2,2,2,1,2,1,2,2,1,1,1,-99,-99,-99,-99,-99,-99,,-99,1,,7,8,8,8,8,9,10,8,8,10,10,10,7,2,0,,10,5,2,0,,9,3,2,0,,8,8,5,2,0,,4,2,0,,7,11,0,0,0,0,0,0,0,9,0,4,5,5,5,la x,La x,1,2,,,,1,-99,-99,-99,-99,-99,-99,-99,1,-99,-99,-99,,-99,-99,-99,-99,-99,-99,-99,1,-99,-99,-99,,2,,-99,-99,-99,-99,-99,-99,-99,,2,,-99,-99,-99,-99,-99,-99,-99,,4,7,,5,,2,2,,,1,1,7,7,7,9,2,1,1,1,2,,2,2,0,0,0,2,,24,1,3,6,1,1,,2,,pradera dorada
2094,5,4,2,2,,,0,,,0,,,0,1,1,1,1,1,1,2,1,1,2,1,1,1,1,1,1,-99,-99,-99,-99,-99,-99,,-99,1,,8,8,9,6,9,7,8,10,10,10,10,10,7,2,0,,10,5,2,0,,10,3,2,0,,9,9,8,2,0,,3,2,0,,9,10,8,8,8,7,8,9,0,8,0,2,5,5,5,la x,La x,1,2,,,,1,-99,-99,-99,-99,-99,-99,-99,1,-99,-99,-99,,-99,-99,-99,-99,-99,-99,-99,1,-99,-99,-99,,2,,-99,-99,-99,-99,-99,-99,-99,,2,,-99,-99,-99,-99,-99,-99,-99,,4,15,,5,,1,1,municipales,acoso,2,9,9,6,9,9,2,2,2,2,2,,2,2,0,0,0,1,,36,2,2,8,1,1,,3,,pradera dorada
2094,5,3,2,2,,,0,,,0,,,0,1,2,2,1,2,2,2,2,1,2,2,2,2,2,1,-99,-99,-99,1,-99,-99,-99,,-99,4,,5,6,5,8,10,10,10,8,10,10,8,8,7,2,0,,10,3,2,0,,10,3,2,0,,10,10,8,2,0,,10,2,0,,8,8,8,7,7,7,8,2,7,9,3,4,3,2,2,borunda,El parque Borunda,0,2,,,,1,-99,-99,-99,-99,-99,-99,-99,-99,1,-99,-99,,-99,-99,-99,-99,-99,1,-99,-99,1,-99,-99,,1,8,-99,-99,-99,-99,-99,-99,-99,,2,,-99,-99,-99,-99,-99,-99,-99,,4,2,,5,,1,2,,,1,9,10,10,8,9,1,1,1,1,2,,2,2,0,0,0,1,,51,3,2,3,1,1,,2,,pradera dorada
2094,5,3,2,2,,,0,,,0,,,0,1,1,1,2,2,2,2,2,1,2,2,2,2,2,1,-99,-99,-99,-99,-99,-99,-99,,1,8,,8,8,6,9,10,4,10,10,5,10,10,10,7,2,0,,10,5,2,0,,10,3,2,0,,5,7,8,2,0,,5,2,0,,5,8,8,8,5,5,8,5,7,9,10,4,5,5,2,la x,La x,3,1,0,0,2,1,-99,-99,-99,-99,-99,-99,-99,1,-99,-99,-99,,-99,-99,-99,-99,-99,-99,-99,1,-99,-99,-99,,2,,-99,-99,-99,-99,-99,-99,-99,,2,,-99,-99,-99,-99,-99,-99,-99,,3,5,,2,,1,2,,,1,1,9,5,3,5,2,2,2,2,2,,2,2,0,0,0,1,,62,4,9,4,1,3,,3,,pradera dorada
2094,5,4,2,1,9,,2,8,,1,8,,1,1,1,1,2,1,1,2,2,2,2,2,2,2,1,1,1,-99,-99,-99,-99,-99,-99,,-99,1,,6,6,5,7,7,8,10,10,10,10,9,9,7,2,0,,8,3,2,0,,10,3,2,0,,8,10,8,2,0,,6,2,0,,7,8,9,9,9,9,8,7,7,8,8,2,2,4,2,estadio Benito Juárez,Estadio Benito Juárez,6,1,1,1,0,1,-99,-99,-99,-99,-99,-99,-99,1,-99,-99,-99,,-99,-99,-99,-99,-99,-99,-99,1,-99,-99,-99,,2,,-99,-99,-99,-99,-99,-99,-99,,2,,-99,-99,-99,-99,-99,-99,-99,,3,6,,5,,2,2,,,2,1,7,7,6,8,2,2,2,2,6,,2,2,0,0,0,2,,20,1,2,6,1,1,,3,,pradera dorada
2094,5,2,2,2,,,0,,,0,,,0,1,1,1,1,2,1,2,2,1,2,2,2,2,1,1,-99,-99,-99,1,-99,-99,-99,,-99,4,,6,7,7,5,8,9,8,8,8,8,10,10,7,2,0,,10,3,2,0,,10,3,2,0,,8,7,9,2,0,,9,2,0,,10,8,7,7,7,7,6,3,8,7,4,3,3,3,3,borunda,El parque Borunda,2,2,,,,1,-99,-99,-99,-99,-99,-99,-99,1,-99,-99,-99,,-99,-99,-99,-99,-99,-99,-99,1,-99,-99,-99,,2,,-99,-99,-99,-99,-99,-99,-99,,2,,-99,-99,-99,-99,-99,-99,-99,,2,9,,5,,1,2,,,2,9,6,5,2,8,1,2,1,1,2,,2,2,0,0,0,1,,26,1,2,2,1,1,,1,,praderas dorada
2094,5,2,3,1,8,,1,8,,1,9,,1,1,1,1,1,1,1,2,1,2,1,2,2,2,1,1,1,-99,-99,-99,-99,-99,-99,,-99,1,,5,6,5,5,8,9,8,8,8,8,10,8,7,2,0,,10,3,2,0,,10,3,2,0,,8,8,6,2,0,,6,2,0,,7,8,8,8,8,8,9,3,3,6,6,1,2,2,1,la x,La x,3,2,,,,1,-99,-99,-99,-99,-99,-99,-99,1,-99,-99,-99,,-99,-99,-99,-99,-99,-99,-99,1,-99,-99,-99,,2,,-99,-99,-99,-99,-99,-99,-99,,2,,-99,-99,-99,-99,-99,-99,-99,,3,5,,8,,2,2,,,4,2,8,5,3,8,1,2,2,1,2,,2,2,0,0,0,2,,44,2,2,4,1,1,,2,,pradera dorada
2094,5,4,2,1,7,,1,9,,1,10,,1,1,1,1,1,1,2,2,2,2,2,2,2,2,2,1,1,-99,-99,-99,-99,-99,-99,,-99,1,,3,3,3,5,5,5,6,7,6,6,5,4,7,2,0,,8,3,2,0,,10,3,2,0,,5,4,5,2,0,,6,2,0,,5,5,5,5,4,4,7,4,8,4,3,3,3,3,3,la x,La x,1,2,,,,1,1,-99,-99,-99,-99,-99,-99,-99,1,-99,-99,,-99,-99,-99,-99,-99,-99,-99,1,1,-99,-99,,1,5,1,-99,-99,-99,-99,-99,-99,,2,,-99,-99,-99,-99,-99,-99,-99,,3,4,,3,,1,2,,,2,1,4,5,5,6,1,1,2,1,1,,2,2,0,0,0,2,,43,2,2,6,1,1,,1,,pradera dorada
2094,5,2,2,1,8,,1,9,,1,8,,1,1,2,1,2,1,2,2,2,2,2,1,1,2,1,1,-99,-99,-99,1,-99,-99,-99,,-99,4,,9,10,10,10,10,10,10,10,10,10,10,10,7,2,0,,5,4,1,1,9,10,3,2,0,,5,10,6,2,0,,10,2,0,,9,10,7,8,10,10,8,7,7,7,8,4,5,4,1,glorieta del kilometro 20,Benito Juárez de la Glorieta,1,1,1,0,0,1,1,-99,-99,-99,-99,-99,-99,-99,1,1,-99,,-99,-99,-99,-99,-99,-99,-99,1,1,1,-99,,1,8,-99,-99,-99,-99,-99,-99,-99,,1,8,-99,-99,-99,-99,-99,-99,-99,,2,9,,17,,2,2,,,2,9,10,7,10,2,2,2,2,2,2,,2,2,0,0,0,1,,37,2,2,4,1,1,,2,,pradera dorada
2094,5,2,2,1,9,,1,8,,1,9,,1,1,1,1,2,2,1,2,2,2,2,2,1,2,2,1,-99,1,-99,-99,-99,-99,-99,,-99,2,,6,4,2,5,1,6,10,10,7,10,9,10,7,1,2,1,10,2,1,1,8,9,3,2,0,,8,8,9,2,0,,6,1,2,2,10,10,6,6,2,7,5,2,8,7,5,2,3,4,1,la x,La x,2,1,2,0,0,1,-99,-99,-99,-99,-99,-99,-99,1,-99,-99,-99,,-99,-99,-99,-99,-99,-99,-99,1,-99,-99,-99,,2,,-99,-99,-99,-99,-99,-99,-99,,2,,-99,-99,-99,-99,-99,-99,-99,,4,8,,5,,2,2,,,2,8,2,3,8,6,1,1,1,1,3,,2,2,0,0,0,2,,40,2,9,8,1,1,,2,,pradera dorada
2094,5,3,2,2,,,0,,,0,,,0,1,1,1,2,2,2,1,1,2,2,2,2,2,2,2,1,-99,-99,-99,-99,-99,-99,,-99,1,,8,8,8,8,8,8,9,8,8,9,8,6,6,2,0,,9,5,2,0,,8,3,2,0,,8,8,8,2,0,,8,2,0,,8,7,4,5,5,5,0,0,0,7,2,4,5,5,5,monumento,El monumento a Benito Juárez,1,1,0,0,1,1,-99,-99,-99,-99,-99,-99,-99,1,-99,-99,-99,,-99,-99,-99,-99,-99,-99,-99,1,-99,-99,-99,,2,,-99,-99,-99,-99,-99,-99,-99,,2,,-99,-99,-99,-99,-99,-99,-99,,4,2,,5,,1,1,transito,no dejan hablar,2,2,7,7,5,7,2,1,1,1,2,,2,2,0,0,0,1,,58,3,2,7,1,4,,3,,pradera dorada
2094,5,3,2,2,,,0,,,0,,,0,1,1,1,1,1,2,2,1,1,1,2,2,1,2,1,1,-99,-99,1,-99,-99,-99,,-99,4,,10,8,8,8,8,9,10,9,9,9,9,9,7,2,0,,9,5,2,0,,8,3,2,0,,8,8,8,2,0,,7,2,0,,8,9,3,4,4,4,0,0,0,6,3,4,5,5,5,monumento,El monumento a Benito Juárez,1,2,,,,1,-99,-99,-99,-99,-99,-99,-99,1,-99,-99,-99,,-99,-99,-99,-99,-99,-99,-99,1,-99,-99,-99,,2,,-99,-99,-99,-99,-99,-99,-99,,2,,-99,-99,-99,-99,-99,-99,-99,,4,2,,5,,4,2,,,4,2,8,7,7,8,2,2,2,1,1,,2,2,0,0,0,1,,26,1,2,8,1,3,,4,,pradera dorada
2094,5,1,4,1,4,,2,No hay ninguna persona en educacion media,,3,No hay ninguna persona en educacion superior,,3,1,2,1,2,2,2,2,2,2,2,2,2,2,2,2,-99,1,-99,-99,-99,-99,-99,,-99,2,,8,8,8,8,8,8,10,10,10,10,10,10,7,2,0,,9,5,2,0,,10,3,2,0,,9,9,7,2,0,,4,2,0,,8,9,7,8,8,8,9,11,11,5,6,4,5,4,4,el monumento,El monumento a Benito Juárez,2,2,,,,2,-99,-99,-99,-99,-99,-99,-99,-99,-99,-99,-99,,-99,-99,-99,-99,-99,-99,-99,1,-99,-99,-99,,2,,-99,-99,-99,-99,-99,-99,-99,,2,,-99,-99,-99,-99,-99,-99,-99,,4,5,,2,,1,2,,,5,9,7,7,7,8,2,2,2,2,2,,2,2,0,0,0,1,,64,4,1,4,1,2,,2,,praderadorada
2094,5,2,3,2,,,0,,,0,,,0,1,1,2,2,2,2,2,2,2,2,2,2,2,2,1,1,-99,-99,1,-99,-99,-99,,-99,4,,9,9,7,9,10,9,9,9,9,9,1,5,7,2,0,,9,5,2,0,,10,3,2,0,,5,2,5,2,0,,2,2,0,,5,8,10,1,2,2,8,5,0,7,5,4,4,4,4,la x,La x,2,2,,,,2,-99,-99,-99,-99,-99,-99,-99,-99,-99,-99,-99,,-99,-99,-99,-99,-99,-99,-99,1,-99,-99,-99,,2,,-99,-99,-99,-99,-99,-99,-99,,2,,-99,-99,-99,-99,-99,-99,-99,,4,5,,13,,1,2,,,1,2,3,5,5,6,2,1,2,1,2,,2,2,0,0,0,1,,65,4,1,2,1,2,,2,,praderadorada
2094,5,3,4,1,10,,1,No hay ninguna persona en educacion media,,3,No hay ninguna persona en educacion superior,,3,1,1,1,2,2,1,2,2,2,2,2,2,2,2,1,-99,-99,-99,-99,-99,-99,-99,,1,8,,9,9,8,8,9,9,10,10,10,10,8,8,7,2,0,,8,5,2,0,,10,3,2,0,,7,9,6,2,0,,7,2,0,,7,6,7,9,2,8,8,0,11,9,5,1,5,5,5,elchamizal,El Chamizal,1,1,0,0,1,2,-99,-99,-99,-99,-99,-99,-99,-99,-99,-99,-99,,1,-99,-99,-99,-99,1,-99,1,-99,-99,-99,,2,,-99,-99,-99,-99,-99,-99,-99,,1,10,-99,-99,-99,-99,-99,-99,-99,,4,7,,5,,1,1,fiscalia,corrupcion para no ayudarme,1,2,6,4,5,8,2,1,1,1,2,,2,2,0,0,0,1,,49,3,1,11,1,1,,1,,pradera dorada
2094,5,1,4,1,8,,1,No hay ninguna persona en educacion media,,3,No hay ninguna persona en educacion superior,,3,1,1,1,1,2,2,2,2,2,2,2,2,2,1,1,-99,-99,-99,-99,-99,-99,-99,,1,8,,8,8,8,8,10,9,5,5,5,5,10,1,7,2,0,,5,1,1,1,2,10,3,2,0,,3,6,7,2,0,,2,2,0,,1,9,10,10,10,10,10,0,11,7,3,2,5,5,5,monumento a la zapata,El monumento a Zapata,1,2,,,,1,-99,-99,-99,-99,-99,-99,-99,1,-99,-99,-99,,-99,-99,-99,-99,-99,-99,-99,1,-99,-99,-99,,2,,-99,-99,-99,-99,-99,-99,-99,,2,,-99,-99,-99,-99,-99,-99,-99,,4,5,,15,,1,1,transito,corrupcion,1,2,8,5,1,8,1,1,1,1,2,,2,2,0,0,0,2,,32,2,2,4,1,2,,2,,praderadorada
2094,5,1,3,2,,,0,,,0,,,0,1,1,1,2,2,2,2,1,2,2,2,2,2,1,1,1,-99,-99,-99,1,-99,-99,,-99,5,,10,10,9,9,10,9,10,8,10,10,10,10,7,2,0,,10,5,2,0,,10,3,2,0,,5,5,5,2,0,,8,2,0,,8,11,0,0,0,0,0,0,0,3,0,4,5,5,5,el gardie,El Gardie,3,1,0,0,2,1,-99,-99,-99,-99,-99,-99,-99,1,-99,-99,-99,,-99,-99,-99,-99,-99,-99,-99,1,-99,-99,-99,,2,,-99,-99,-99,-99,-99,-99,-99,,2,,-99,-99,-99,-99,-99,-99,-99,,4,19,la limpiez en todo no hay,15,,1,1,los tsnsitps,son muy abusivos y corruptos,1,3,5,2,1,8,2,2,2,2,2,,2,2,0,0,0,1,,50,3,2,4,1,2,,2,,praderadorada
2094,5,3,2,2,,,0,,,0,,,0,1,2,1,1,2,2,2,2,2,2,2,2,2,2,2,1,-99,-99,-99,1,-99,-99,,-99,5,,8,8,8,8,9,9,9,9,9,9,6,6,7,2,0,,9,2,1,1,6,10,3,2,0,,8,8,7,2,0,,4,2,0,,9,9,8,7,7,7,7,0,11,8,6,4,3,3,3,monumento ql trabajador,El monumento a los trabajadores,1,2,0,0,0,2,-99,-99,-99,-99,-99,-99,-99,-99,-99,-99,-99,,-99,-99,-99,-99,-99,-99,-99,1,-99,-99,-99,,2,,-99,-99,-99,-99,-99,-99,-99,,2,,-99,-99,-99,-99,-99,-99,-99,,3,5,,7,,1,2,,,1,2,7,5,8,7,2,2,1,2,2,,2,2,0,0,0,2,,70,4,8,6,1,2,,2,,pradera dorada
2094,5,3,2,2,,,0,,,0,,,0,1,1,1,1,1,1,2,2,2,2,2,2,2,2,2,-99,-99,-99,1,-99,-99,-99,,-99,4,,8,9,7,8,10,9,10,8,8,8,8,8,7,2,0,,8,4,2,0,,9,3,2,0,,8,8,9,2,0,,3,2,0,,11,8,8,8,8,8,8,0,11,8,8,3,4,4,4,el chamizal,El Chamizal,1,2,,,,1,-99,-99,-99,-99,-99,-99,-99,1,-99,-99,-99,,-99,-99,-99,-99,-99,-99,-99,1,-99,-99,-99,,2,,-99,-99,-99,-99,-99,-99,-99,,2,,-99,-99,-99,-99,-99,-99,-99,,4,5,,6,,1,2,,,2,2,7,5,7,7,2,2,1,1,2,,2,2,0,0,0,2,,38,2,2,11,1,2,,2,,praderadorada
2094,5,2,3,2,,,0,,,0,,,0,1,1,1,1,2,2,2,2,2,2,2,2,2,1,1,1,-99,-99,-99,-99,-99,-99,,-99,1,,5,4,5,2,8,6,6,8,8,7,9,4,7,2,0,,8,5,2,0,,10,3,2,0,,6,2,4,2,0,,3,2,0,,4,9,10,1,8,2,4,5,4,5,4,4,4,4,4,la x,La x,1,2,,,,2,-99,-99,-99,-99,-99,-99,-99,-99,-99,-99,-99,,-99,-99,-99,-99,-99,-99,-99,1,-99,-99,-99,,1,4,-99,1,-99,-99,-99,-99,-99,,2,,-99,-99,-99,-99,-99,-99,-99,,3,5,,3,,1,2,,,1,3,5,3,3,8,1,1,1,1,5,,2,2,0,0,0,1,,65,4,1,4,1,1,,1,,pradera dorada
2094,5,4,1,2,,,0,,,0,,,0,1,1,1,1,2,1,1,1,1,2,2,2,2,1,1,-99,-99,-99,-99,1,-99,-99,,-99,5,,9,6,9,9,7,9,8,8,9,10,9,10,7,2,0,,4,5,2,0,,9,3,2,0,,7,5,7,2,0,,6,2,0,,8,4,10,10,4,4,8,5,9,8,9,4,4,4,4,la x,La x,1,2,,,,1,-99,-99,-99,-99,-99,-99,-99,1,-99,-99,-99,,-99,-99,-99,-99,-99,-99,-99,1,-99,-99,-99,,2,,-99,-99,-99,-99,-99,-99,-99,,2,,-99,-99,-99,-99,-99,-99,-99,,4,2,,8,,4,1,tránsito,abusos,3,9,5,5,9,8,2,2,2,2,5,,2,2,0,0,0,2,,47,3,8,2,1,1,,1,,pradera dorada
2094,5,3,2,2,,,0,,,0,,,0,1,1,1,1,2,1,1,2,1,2,1,1,1,1,1,1,-99,-99,-99,-99,-99,-99,,-99,1,,5,5,5,5,5,5,10,10,10,10,8,10,7,2,0,,9,5,2,0,,9,3,2,0,,9,4,5,2,0,,4,2,0,,3,7,4,2,4,2,3,3,4,4,4,4,4,4,4,catedral,La Catedral,2,2,,,,1,-99,-99,-99,-99,-99,-99,-99,-99,-99,1,-99,,-99,-99,-99,-99,-99,-99,-99,1,-99,1,-99,,2,,-99,-99,-99,-99,-99,-99,-99,,1,8,-99,-99,-99,-99,-99,-99,-99,,4,3,,7,,2,1,municipal,abuso de autoridd,3,2,7,2,3,4,1,1,1,1,5,,1,0,1,1,1,2,,41,2,7,4,1,1,,1,,dorada
2094,5,3,3,2,,,0,,,0,,,0,1,1,1,1,2,2,2,2,2,2,2,2,2,1,1,-99,1,-99,-99,-99,-99,-99,,-99,2,,3,2,2,2,3,3,10,8,10,8,8,10,7,2,0,,9,5,2,0,,10,3,2,0,,7,9,8,2,0,,9,2,0,,3,9,9,9,8,8,1,3,3,4,4,4,4,4,4,la x,La x,1,2,,,,2,-99,-99,-99,-99,-99,-99,-99,-99,-99,-99,-99,,-99,-99,-99,-99,-99,-99,-99,1,-99,-99,-99,,2,,-99,-99,-99,-99,-99,-99,-99,,2,,-99,-99,-99,-99,-99,-99,-99,,4,7,,9,,1,2,,,3,9,5,3,7,6,2,2,2,2,3,,2,2,0,0,0,2,,75,4,8,8,1,1,,1,,pradera doraea
2094,5,2,2,2,,,0,,,0,,,0,1,1,1,1,1,1,1,1,2,1,2,1,2,2,1,1,-99,-99,-99,-99,-99,-99,,-99,1,,10,10,10,10,10,10,10,10,9,10,10,8,7,2,0,,8,2,1,1,1,10,2,2,0,,4,2,4,2,0,,3,2,0,,4,3,2,2,2,2,2,0,2,2,1,1,4,4,4,Chamizal,El Chamizal,1,1,0,0,2,1,-99,-99,-99,-99,-99,-99,-99,1,-99,-99,-99,,-99,-99,-99,-99,-99,-99,-99,1,-99,-99,-99,,2,,-99,-99,-99,-99,-99,-99,-99,,2,,-99,-99,-99,-99,-99,-99,-99,,2,5,,6,,1,2,,,3,2,2,4,3,4,2,1,1,2,7,alumbrado,2,2,0,0,0,1,,35,2,2,8,1,1,,1,,pradera dorada
